timestamp_utc,game_id,commence_time,home_team,away_team,bookmaker,team,spread,price
2026-09-15T17:17:37Z,f06e90b4212fb514f3564ded9f190107,2026-09-17T23:30:00Z,Pittsburgh Panthers,Syracuse Orange,draftkings,Pittsburgh Panthers,-10.5,-105
2026-09-15T17:17:37Z,f06e90b4212fb514f3564ded9f190107,2026-09-17T23:30:00Z,Pittsburgh Panthers,Syracuse Orange,draftkings,Syracuse Orange,10.5,-115
2026-09-15T17:17:37Z,f06e90b4212fb514f3564ded9f190107,2026-09-17T23:30:00Z,Pittsburgh Panthers,Syracuse Orange,fanduel,Pittsburgh Panthers,-10.5,100
2026-09-15T17:17:37Z,f06e90b4212fb514f3564ded9f190107,2026-09-17T23:30:00Z,Pittsburgh Panthers,Syracuse Orange,fanduel,Syracuse Orange,10.5,-122
2026-09-15T17:17:37Z,f06e90b4212fb514f3564ded9f190107,2026-09-17T23:30:00Z,Pittsburgh Panthers,Syracuse Orange,mybookieag,Pittsburgh Panthers,-10.5,-110
2026-09-15T17:17:37Z,f06e90b4212fb514f3564ded9f190107,2026-09-17T23:30:00Z,Pittsburgh Panthers,Syracuse Orange,mybookieag,Syracuse Orange,10.5,-110
2026-09-15T17:17:37Z,f06e90b4212fb514f3564ded9f190107,2026-09-17T23:30:00Z,Pittsburgh Panthers,Syracuse Orange,betrivers,Pittsburgh Panthers,-10.0,-112
2026-09-15T17:17:37Z,f06e90b4212fb514f3564ded9f190107,2026-09-17T23:30:00Z,Pittsburgh Panthers,Syracuse Orange,betrivers,Syracuse Orange,10.0,-112
2026-09-15T17:17:37Z,f06e90b4212fb514f3564ded9f190107,2026-09-17T23:30:00Z,Pittsburgh Panthers,Syracuse Orange,lowvig,Pittsburgh Panthers,-10.5,-101
2026-09-15T17:17:37Z,f06e90b4212fb514f3564ded9f190107,2026-09-17T23:30:00Z,Pittsburgh Panthers,Syracuse Orange,lowvig,Syracuse Orange,10.5,-111
2026-09-15T17:17:37Z,f06e90b4212fb514f3564ded9f190107,2026-09-17T23:30:00Z,Pittsburgh Panthers,Syracuse Orange,betonlineag,Pittsburgh Panthers,-10.5,-105
2026-09-15T17:17:37Z,f06e90b4212fb514f3564ded9f190107,2026-09-17T23:30:00Z,Pittsburgh Panthers,Syracuse Orange,betonlineag,Syracuse Orange,10.5,-115
2026-09-15T17:17:37Z,f06e90b4212fb514f3564ded9f190107,2026-09-17T23:30:00Z,Pittsburgh Panthers,Syracuse Orange,betmgm,Pittsburgh Panthers,-10.0,-112
2026-09-15T17:17:37Z,f06e90b4212fb514f3564ded9f190107,2026-09-17T23:30:00Z,Pittsburgh Panthers,Syracuse Orange,betmgm,Syracuse Orange,10.0,-105
2026-09-15T17:17:37Z,f06e90b4212fb514f3564ded9f190107,2026-09-17T23:30:00Z,Pittsburgh Panthers,Syracuse Orange,betus,Pittsburgh Panthers,-10.5,-105
2026-09-15T17:17:37Z,f06e90b4212fb514f3564ded9f190107,2026-09-17T23:30:00Z,Pittsburgh Panthers,Syracuse Orange,betus,Syracuse Orange,10.5,-115
2026-09-15T17:17:37Z,f06e90b4212fb514f3564ded9f190107,2026-09-17T23:30:00Z,Pittsburgh Panthers,Syracuse Orange,bovada,Pittsburgh Panthers,-10.5,-105
2026-09-15T17:17:37Z,f06e90b4212fb514f3564ded9f190107,2026-09-17T23:30:00Z,Pittsburgh Panthers,Syracuse Orange,bovada,Syracuse Orange,10.5,-115
2026-09-15T17:17:37Z,720451b07d54e435c9be484ef73ea211,2026-09-18T23:30:00Z,Wake Forest Demon Deacons,Miami Hurricanes,draftkings,Miami Hurricanes,-20.5,-115
2026-09-15T17:17:37Z,720451b07d54e435c9be484ef73ea211,2026-09-18T23:30:00Z,Wake Forest Demon Deacons,Miami Hurricanes,draftkings,Wake Forest Demon Deacons,20.5,-105
2026-09-15T17:17:37Z,720451b07d54e435c9be484ef73ea211,2026-09-18T23:30:00Z,Wake Forest Demon Deacons,Miami Hurricanes,mybookieag,Miami Hurricanes,-21.0,-110
2026-09-15T17:17:37Z,720451b07d54e435c9be484ef73ea211,2026-09-18T23:30:00Z,Wake Forest Demon Deacons,Miami Hurricanes,mybookieag,Wake Forest Demon Deacons,21.0,-110
2026-09-15T17:17:37Z,720451b07d54e435c9be484ef73ea211,2026-09-18T23:30:00Z,Wake Forest Demon Deacons,Miami Hurricanes,fanduel,Miami Hurricanes,-20.5,-122
2026-09-15T17:17:37Z,720451b07d54e435c9be484ef73ea211,2026-09-18T23:30:00Z,Wake Forest Demon Deacons,Miami Hurricanes,fanduel,Wake Forest Demon Deacons,20.5,100
2026-09-15T17:17:37Z,720451b07d54e435c9be484ef73ea211,2026-09-18T23:30:00Z,Wake Forest Demon Deacons,Miami Hurricanes,betmgm,Miami Hurricanes,-21.0,-108
2026-09-15T17:17:37Z,720451b07d54e435c9be484ef73ea211,2026-09-18T23:30:00Z,Wake Forest Demon Deacons,Miami Hurricanes,betmgm,Wake Forest Demon Deacons,21.0,-110
2026-09-15T17:17:37Z,720451b07d54e435c9be484ef73ea211,2026-09-18T23:30:00Z,Wake Forest Demon Deacons,Miami Hurricanes,betrivers,Miami Hurricanes,-21.5,-108
2026-09-15T17:17:37Z,720451b07d54e435c9be484ef73ea211,2026-09-18T23:30:00Z,Wake Forest Demon Deacons,Miami Hurricanes,betrivers,Wake Forest Demon Deacons,21.5,-115
2026-09-15T17:17:37Z,720451b07d54e435c9be484ef73ea211,2026-09-18T23:30:00Z,Wake Forest Demon Deacons,Miami Hurricanes,lowvig,Miami Hurricanes,-21.0,-108
2026-09-15T17:17:37Z,720451b07d54e435c9be484ef73ea211,2026-09-18T23:30:00Z,Wake Forest Demon Deacons,Miami Hurricanes,lowvig,Wake Forest Demon Deacons,21.0,-104
2026-09-15T17:17:37Z,720451b07d54e435c9be484ef73ea211,2026-09-18T23:30:00Z,Wake Forest Demon Deacons,Miami Hurricanes,betonlineag,Miami Hurricanes,-21.0,-112
2026-09-15T17:17:37Z,720451b07d54e435c9be484ef73ea211,2026-09-18T23:30:00Z,Wake Forest Demon Deacons,Miami Hurricanes,betonlineag,Wake Forest Demon Deacons,21.0,-108
2026-09-15T17:17:37Z,720451b07d54e435c9be484ef73ea211,2026-09-18T23:30:00Z,Wake Forest Demon Deacons,Miami Hurricanes,betus,Miami Hurricanes,-21.0,-110
2026-09-15T17:17:37Z,720451b07d54e435c9be484ef73ea211,2026-09-18T23:30:00Z,Wake Forest Demon Deacons,Miami Hurricanes,betus,Wake Forest Demon Deacons,21.0,-110
2026-09-15T17:17:37Z,720451b07d54e435c9be484ef73ea211,2026-09-18T23:30:00Z,Wake Forest Demon Deacons,Miami Hurricanes,bovada,Miami Hurricanes,-21.0,-110
2026-09-15T17:17:37Z,720451b07d54e435c9be484ef73ea211,2026-09-18T23:30:00Z,Wake Forest Demon Deacons,Miami Hurricanes,bovada,Wake Forest Demon Deacons,21.0,-110
2026-09-15T17:17:37Z,7311bf775464ae97893928e22512bb47,2026-09-19T00:00:00Z,Texas Tech Red Raiders,Houston Cougars,fanduel,Houston Cougars,7.5,-110
2026-09-15T17:17:37Z,7311bf775464ae97893928e22512bb47,2026-09-19T00:00:00Z,Texas Tech Red Raiders,Houston Cougars,fanduel,Texas Tech Red Raiders,-7.5,-110
2026-09-15T17:17:37Z,7311bf775464ae97893928e22512bb47,2026-09-19T00:00:00Z,Texas Tech Red Raiders,Houston Cougars,mybookieag,Houston Cougars,7.5,-110
2026-09-15T17:17:37Z,7311bf775464ae97893928e22512bb47,2026-09-19T00:00:00Z,Texas Tech Red Raiders,Houston Cougars,mybookieag,Texas Tech Red Raiders,-7.5,-110
2026-09-15T17:17:37Z,7311bf775464ae97893928e22512bb47,2026-09-19T00:00:00Z,Texas Tech Red Raiders,Houston Cougars,draftkings,Houston Cougars,7.5,-115
2026-09-15T17:17:37Z,7311bf775464ae97893928e22512bb47,2026-09-19T00:00:00Z,Texas Tech Red Raiders,Houston Cougars,draftkings,Texas Tech Red Raiders,-7.5,-105
2026-09-15T17:17:37Z,7311bf775464ae97893928e22512bb47,2026-09-19T00:00:00Z,Texas Tech Red Raiders,Houston Cougars,betrivers,Houston Cougars,7.5,-110
2026-09-15T17:17:37Z,7311bf775464ae97893928e22512bb47,2026-09-19T00:00:00Z,Texas Tech Red Raiders,Houston Cougars,betrivers,Texas Tech Red Raiders,-7.5,-113
2026-09-15T17:17:37Z,7311bf775464ae97893928e22512bb47,2026-09-19T00:00:00Z,Texas Tech Red Raiders,Houston Cougars,lowvig,Houston Cougars,7.5,-111
2026-09-15T17:17:37Z,7311bf775464ae97893928e22512bb47,2026-09-19T00:00:00Z,Texas Tech Red Raiders,Houston Cougars,lowvig,Texas Tech Red Raiders,-7.5,-101
2026-09-15T17:17:37Z,7311bf775464ae97893928e22512bb47,2026-09-19T00:00:00Z,Texas Tech Red Raiders,Houston Cougars,betonlineag,Houston Cougars,7.5,-115
2026-09-15T17:17:37Z,7311bf775464ae97893928e22512bb47,2026-09-19T00:00:00Z,Texas Tech Red Raiders,Houston Cougars,betonlineag,Texas Tech Red Raiders,-7.5,-105
2026-09-15T17:17:37Z,7311bf775464ae97893928e22512bb47,2026-09-19T00:00:00Z,Texas Tech Red Raiders,Houston Cougars,betmgm,Houston Cougars,7.5,-112
2026-09-15T17:17:37Z,7311bf775464ae97893928e22512bb47,2026-09-19T00:00:00Z,Texas Tech Red Raiders,Houston Cougars,betmgm,Texas Tech Red Raiders,-7.5,-105
2026-09-15T17:17:37Z,7311bf775464ae97893928e22512bb47,2026-09-19T00:00:00Z,Texas Tech Red Raiders,Houston Cougars,betus,Houston Cougars,7.5,-115
2026-09-15T17:17:37Z,7311bf775464ae97893928e22512bb47,2026-09-19T00:00:00Z,Texas Tech Red Raiders,Houston Cougars,betus,Texas Tech Red Raiders,-7.5,-105
2026-09-15T17:17:37Z,7311bf775464ae97893928e22512bb47,2026-09-19T00:00:00Z,Texas Tech Red Raiders,Houston Cougars,bovada,Houston Cougars,7.5,-115
2026-09-15T17:17:37Z,7311bf775464ae97893928e22512bb47,2026-09-19T00:00:00Z,Texas Tech Red Raiders,Houston Cougars,bovada,Texas Tech Red Raiders,-7.5,-105
2026-09-15T17:17:37Z,5658a82b80479ea42281da7d3e3e1337,2026-09-19T02:30:00Z,Oregon Ducks,Portland State Vikings,fanduel,Oregon Ducks,-56.5,-115
2026-09-15T17:17:37Z,5658a82b80479ea42281da7d3e3e1337,2026-09-19T02:30:00Z,Oregon Ducks,Portland State Vikings,fanduel,Portland State Vikings,56.5,-105
2026-09-15T17:17:37Z,5658a82b80479ea42281da7d3e3e1337,2026-09-19T02:30:00Z,Oregon Ducks,Portland State Vikings,betrivers,Oregon Ducks,-57.0,-112
2026-09-15T17:17:37Z,5658a82b80479ea42281da7d3e3e1337,2026-09-19T02:30:00Z,Oregon Ducks,Portland State Vikings,betrivers,Portland State Vikings,57.0,-112
2026-09-15T17:17:37Z,5658a82b80479ea42281da7d3e3e1337,2026-09-19T02:30:00Z,Oregon Ducks,Portland State Vikings,draftkings,Oregon Ducks,-57.5,-112
2026-09-15T17:17:37Z,5658a82b80479ea42281da7d3e3e1337,2026-09-19T02:30:00Z,Oregon Ducks,Portland State Vikings,draftkings,Portland State Vikings,57.5,-108
2026-09-15T17:17:37Z,529a333381665c34d05b290d2c9eb5b9,2026-09-19T15:30:00Z,Delaware Blue Hens,Coastal Carolina Chanticleers,fanduel,Coastal Carolina Chanticleers,4.5,-110
2026-09-15T17:17:37Z,529a333381665c34d05b290d2c9eb5b9,2026-09-19T15:30:00Z,Delaware Blue Hens,Coastal Carolina Chanticleers,fanduel,Delaware Blue Hens,-4.5,-110
2026-09-15T17:17:37Z,529a333381665c34d05b290d2c9eb5b9,2026-09-19T15:30:00Z,Delaware Blue Hens,Coastal Carolina Chanticleers,betrivers,Coastal Carolina Chanticleers,5.5,-112
2026-09-15T17:17:37Z,529a333381665c34d05b290d2c9eb5b9,2026-09-19T15:30:00Z,Delaware Blue Hens,Coastal Carolina Chanticleers,betrivers,Delaware Blue Hens,-5.5,-112
2026-09-15T17:17:37Z,529a333381665c34d05b290d2c9eb5b9,2026-09-19T15:30:00Z,Delaware Blue Hens,Coastal Carolina Chanticleers,draftkings,Coastal Carolina Chanticleers,4.5,-105
2026-09-15T17:17:37Z,529a333381665c34d05b290d2c9eb5b9,2026-09-19T15:30:00Z,Delaware Blue Hens,Coastal Carolina Chanticleers,draftkings,Delaware Blue Hens,-4.5,-115
2026-09-15T17:17:37Z,529a333381665c34d05b290d2c9eb5b9,2026-09-19T15:30:00Z,Delaware Blue Hens,Coastal Carolina Chanticleers,betonlineag,Coastal Carolina Chanticleers,5.0,-110
2026-09-15T17:17:37Z,529a333381665c34d05b290d2c9eb5b9,2026-09-19T15:30:00Z,Delaware Blue Hens,Coastal Carolina Chanticleers,betonlineag,Delaware Blue Hens,-5.0,-110
2026-09-15T17:17:37Z,529a333381665c34d05b290d2c9eb5b9,2026-09-19T15:30:00Z,Delaware Blue Hens,Coastal Carolina Chanticleers,lowvig,Coastal Carolina Chanticleers,5.0,-106
2026-09-15T17:17:37Z,529a333381665c34d05b290d2c9eb5b9,2026-09-19T15:30:00Z,Delaware Blue Hens,Coastal Carolina Chanticleers,lowvig,Delaware Blue Hens,-5.0,-106
2026-09-15T17:17:37Z,529a333381665c34d05b290d2c9eb5b9,2026-09-19T15:30:00Z,Delaware Blue Hens,Coastal Carolina Chanticleers,betmgm,Coastal Carolina Chanticleers,4.5,-108
2026-09-15T17:17:37Z,529a333381665c34d05b290d2c9eb5b9,2026-09-19T15:30:00Z,Delaware Blue Hens,Coastal Carolina Chanticleers,betmgm,Delaware Blue Hens,-4.5,-110
2026-09-15T17:17:37Z,529a333381665c34d05b290d2c9eb5b9,2026-09-19T15:30:00Z,Delaware Blue Hens,Coastal Carolina Chanticleers,mybookieag,Coastal Carolina Chanticleers,5.0,-110
2026-09-15T17:17:37Z,529a333381665c34d05b290d2c9eb5b9,2026-09-19T15:30:00Z,Delaware Blue Hens,Coastal Carolina Chanticleers,mybookieag,Delaware Blue Hens,-5.0,-110
2026-09-15T17:17:37Z,529a333381665c34d05b290d2c9eb5b9,2026-09-19T15:30:00Z,Delaware Blue Hens,Coastal Carolina Chanticleers,betus,Coastal Carolina Chanticleers,5.0,-110
2026-09-15T17:17:37Z,529a333381665c34d05b290d2c9eb5b9,2026-09-19T15:30:00Z,Delaware Blue Hens,Coastal Carolina Chanticleers,betus,Delaware Blue Hens,-5.0,-110
2026-09-15T17:17:37Z,529a333381665c34d05b290d2c9eb5b9,2026-09-19T15:30:00Z,Delaware Blue Hens,Coastal Carolina Chanticleers,bovada,Coastal Carolina Chanticleers,5.0,-110
2026-09-15T17:17:37Z,529a333381665c34d05b290d2c9eb5b9,2026-09-19T15:30:00Z,Delaware Blue Hens,Coastal Carolina Chanticleers,bovada,Delaware Blue Hens,-5.0,-110
2026-09-15T17:17:37Z,5bc9efd5f27827a26c1cf8744bb8c2b1,2026-09-19T16:00:00Z,Minnesota Golden Gophers,Akron Zips,fanduel,Akron Zips,23.5,102
2026-09-15T17:17:37Z,5bc9efd5f27827a26c1cf8744bb8c2b1,2026-09-19T16:00:00Z,Minnesota Golden Gophers,Akron Zips,fanduel,Minnesota Golden Gophers,-23.5,-124
2026-09-15T17:17:37Z,5bc9efd5f27827a26c1cf8744bb8c2b1,2026-09-19T16:00:00Z,Minnesota Golden Gophers,Akron Zips,draftkings,Akron Zips,23.5,-102
2026-09-15T17:17:37Z,5bc9efd5f27827a26c1cf8744bb8c2b1,2026-09-19T16:00:00Z,Minnesota Golden Gophers,Akron Zips,draftkings,Minnesota Golden Gophers,-23.5,-118
2026-09-15T17:17:37Z,5bc9efd5f27827a26c1cf8744bb8c2b1,2026-09-19T16:00:00Z,Minnesota Golden Gophers,Akron Zips,betrivers,Akron Zips,24.5,-113
2026-09-15T17:17:37Z,5bc9efd5f27827a26c1cf8744bb8c2b1,2026-09-19T16:00:00Z,Minnesota Golden Gophers,Akron Zips,betrivers,Minnesota Golden Gophers,-24.5,-110
2026-09-15T17:17:37Z,5bc9efd5f27827a26c1cf8744bb8c2b1,2026-09-19T16:00:00Z,Minnesota Golden Gophers,Akron Zips,lowvig,Akron Zips,24.0,-106
2026-09-15T17:17:37Z,5bc9efd5f27827a26c1cf8744bb8c2b1,2026-09-19T16:00:00Z,Minnesota Golden Gophers,Akron Zips,lowvig,Minnesota Golden Gophers,-24.0,-106
2026-09-15T17:17:37Z,5bc9efd5f27827a26c1cf8744bb8c2b1,2026-09-19T16:00:00Z,Minnesota Golden Gophers,Akron Zips,betonlineag,Akron Zips,24.0,-110
2026-09-15T17:17:37Z,5bc9efd5f27827a26c1cf8744bb8c2b1,2026-09-19T16:00:00Z,Minnesota Golden Gophers,Akron Zips,betonlineag,Minnesota Golden Gophers,-24.0,-110
2026-09-15T17:17:37Z,5bc9efd5f27827a26c1cf8744bb8c2b1,2026-09-19T16:00:00Z,Minnesota Golden Gophers,Akron Zips,betmgm,Akron Zips,24.0,-110
2026-09-15T17:17:37Z,5bc9efd5f27827a26c1cf8744bb8c2b1,2026-09-19T16:00:00Z,Minnesota Golden Gophers,Akron Zips,betmgm,Minnesota Golden Gophers,-24.0,-108
2026-09-15T17:17:37Z,5bc9efd5f27827a26c1cf8744bb8c2b1,2026-09-19T16:00:00Z,Minnesota Golden Gophers,Akron Zips,mybookieag,Akron Zips,24.0,-110
2026-09-15T17:17:37Z,5bc9efd5f27827a26c1cf8744bb8c2b1,2026-09-19T16:00:00Z,Minnesota Golden Gophers,Akron Zips,mybookieag,Minnesota Golden Gophers,-24.0,-110
2026-09-15T17:17:37Z,5bc9efd5f27827a26c1cf8744bb8c2b1,2026-09-19T16:00:00Z,Minnesota Golden Gophers,Akron Zips,betus,Akron Zips,24.0,-115
2026-09-15T17:17:37Z,5bc9efd5f27827a26c1cf8744bb8c2b1,2026-09-19T16:00:00Z,Minnesota Golden Gophers,Akron Zips,betus,Minnesota Golden Gophers,-24.0,-105
2026-09-15T17:17:37Z,5bc9efd5f27827a26c1cf8744bb8c2b1,2026-09-19T16:00:00Z,Minnesota Golden Gophers,Akron Zips,bovada,Akron Zips,24.0,-110
2026-09-15T17:17:37Z,5bc9efd5f27827a26c1cf8744bb8c2b1,2026-09-19T16:00:00Z,Minnesota Golden Gophers,Akron Zips,bovada,Minnesota Golden Gophers,-24.0,-110
2026-09-15T17:17:37Z,a317e3ffe5919c8bff3b9b303054f1b3,2026-09-19T16:00:00Z,Arizona State Sun Devils,Kansas Jayhawks,draftkings,Arizona State Sun Devils,-5.5,-108
2026-09-15T17:17:37Z,a317e3ffe5919c8bff3b9b303054f1b3,2026-09-19T16:00:00Z,Arizona State Sun Devils,Kansas Jayhawks,draftkings,Kansas Jayhawks,5.5,-112
2026-09-15T17:17:37Z,a317e3ffe5919c8bff3b9b303054f1b3,2026-09-19T16:00:00Z,Arizona State Sun Devils,Kansas Jayhawks,mybookieag,Arizona State Sun Devils,-5.5,-110
2026-09-15T17:17:37Z,a317e3ffe5919c8bff3b9b303054f1b3,2026-09-19T16:00:00Z,Arizona State Sun Devils,Kansas Jayhawks,mybookieag,Kansas Jayhawks,5.5,-110
2026-09-15T17:17:37Z,a317e3ffe5919c8bff3b9b303054f1b3,2026-09-19T16:00:00Z,Arizona State Sun Devils,Kansas Jayhawks,fanduel,Arizona State Sun Devils,-5.5,-106
2026-09-15T17:17:37Z,a317e3ffe5919c8bff3b9b303054f1b3,2026-09-19T16:00:00Z,Arizona State Sun Devils,Kansas Jayhawks,fanduel,Kansas Jayhawks,5.5,-114
2026-09-15T17:17:37Z,a317e3ffe5919c8bff3b9b303054f1b3,2026-09-19T16:00:00Z,Arizona State Sun Devils,Kansas Jayhawks,betrivers,Arizona State Sun Devils,-6.0,-110
2026-09-15T17:17:37Z,a317e3ffe5919c8bff3b9b303054f1b3,2026-09-19T16:00:00Z,Arizona State Sun Devils,Kansas Jayhawks,betrivers,Kansas Jayhawks,6.0,-113
2026-09-15T17:17:37Z,a317e3ffe5919c8bff3b9b303054f1b3,2026-09-19T16:00:00Z,Arizona State Sun Devils,Kansas Jayhawks,lowvig,Arizona State Sun Devils,-5.5,-102
2026-09-15T17:17:37Z,a317e3ffe5919c8bff3b9b303054f1b3,2026-09-19T16:00:00Z,Arizona State Sun Devils,Kansas Jayhawks,lowvig,Kansas Jayhawks,5.5,-110
2026-09-15T17:17:37Z,a317e3ffe5919c8bff3b9b303054f1b3,2026-09-19T16:00:00Z,Arizona State Sun Devils,Kansas Jayhawks,betonlineag,Arizona State Sun Devils,-5.5,-106
2026-09-15T17:17:37Z,a317e3ffe5919c8bff3b9b303054f1b3,2026-09-19T16:00:00Z,Arizona State Sun Devils,Kansas Jayhawks,betonlineag,Kansas Jayhawks,5.5,-114
2026-09-15T17:17:37Z,a317e3ffe5919c8bff3b9b303054f1b3,2026-09-19T16:00:00Z,Arizona State Sun Devils,Kansas Jayhawks,betmgm,Arizona State Sun Devils,-6.0,-110
2026-09-15T17:17:37Z,a317e3ffe5919c8bff3b9b303054f1b3,2026-09-19T16:00:00Z,Arizona State Sun Devils,Kansas Jayhawks,betmgm,Kansas Jayhawks,6.0,-108
2026-09-15T17:17:37Z,a317e3ffe5919c8bff3b9b303054f1b3,2026-09-19T16:00:00Z,Arizona State Sun Devils,Kansas Jayhawks,betus,Arizona State Sun Devils,-5.5,-105
2026-09-15T17:17:37Z,a317e3ffe5919c8bff3b9b303054f1b3,2026-09-19T16:00:00Z,Arizona State Sun Devils,Kansas Jayhawks,betus,Kansas Jayhawks,5.5,-115
2026-09-15T17:17:37Z,a317e3ffe5919c8bff3b9b303054f1b3,2026-09-19T16:00:00Z,Arizona State Sun Devils,Kansas Jayhawks,bovada,Arizona State Sun Devils,-5.5,-110
2026-09-15T17:17:37Z,a317e3ffe5919c8bff3b9b303054f1b3,2026-09-19T16:00:00Z,Arizona State Sun Devils,Kansas Jayhawks,bovada,Kansas Jayhawks,5.5,-110
2026-09-15T17:17:37Z,01e9c4d460a55375a75d025e2b1ddbf5,2026-09-19T16:00:00Z,Arkansas Razorbacks,Georgia Bulldogs,fanduel,Arkansas Razorbacks,25.5,-110
2026-09-15T17:17:37Z,01e9c4d460a55375a75d025e2b1ddbf5,2026-09-19T16:00:00Z,Arkansas Razorbacks,Georgia Bulldogs,fanduel,Georgia Bulldogs,-25.5,-110
2026-09-15T17:17:37Z,01e9c4d460a55375a75d025e2b1ddbf5,2026-09-19T16:00:00Z,Arkansas Razorbacks,Georgia Bulldogs,draftkings,Arkansas Razorbacks,24.5,100
2026-09-15T17:17:37Z,01e9c4d460a55375a75d025e2b1ddbf5,2026-09-19T16:00:00Z,Arkansas Razorbacks,Georgia Bulldogs,draftkings,Georgia Bulldogs,-24.5,-120
2026-09-15T17:17:37Z,01e9c4d460a55375a75d025e2b1ddbf5,2026-09-19T16:00:00Z,Arkansas Razorbacks,Georgia Bulldogs,betrivers,Arkansas Razorbacks,25.5,-112
2026-09-15T17:17:37Z,01e9c4d460a55375a75d025e2b1ddbf5,2026-09-19T16:00:00Z,Arkansas Razorbacks,Georgia Bulldogs,betrivers,Georgia Bulldogs,-25.5,-112
2026-09-15T17:17:37Z,01e9c4d460a55375a75d025e2b1ddbf5,2026-09-19T16:00:00Z,Arkansas Razorbacks,Georgia Bulldogs,lowvig,Arkansas Razorbacks,24.5,-101
2026-09-15T17:17:37Z,01e9c4d460a55375a75d025e2b1ddbf5,2026-09-19T16:00:00Z,Arkansas Razorbacks,Georgia Bulldogs,lowvig,Georgia Bulldogs,-24.5,-111
2026-09-15T17:17:37Z,01e9c4d460a55375a75d025e2b1ddbf5,2026-09-19T16:00:00Z,Arkansas Razorbacks,Georgia Bulldogs,betonlineag,Arkansas Razorbacks,24.5,-105
2026-09-15T17:17:37Z,01e9c4d460a55375a75d025e2b1ddbf5,2026-09-19T16:00:00Z,Arkansas Razorbacks,Georgia Bulldogs,betonlineag,Georgia Bulldogs,-24.5,-115
2026-09-15T17:17:37Z,01e9c4d460a55375a75d025e2b1ddbf5,2026-09-19T16:00:00Z,Arkansas Razorbacks,Georgia Bulldogs,betmgm,Arkansas Razorbacks,25.0,-108
2026-09-15T17:17:37Z,01e9c4d460a55375a75d025e2b1ddbf5,2026-09-19T16:00:00Z,Arkansas Razorbacks,Georgia Bulldogs,betmgm,Georgia Bulldogs,-25.0,-110
2026-09-15T17:17:37Z,01e9c4d460a55375a75d025e2b1ddbf5,2026-09-19T16:00:00Z,Arkansas Razorbacks,Georgia Bulldogs,betus,Arkansas Razorbacks,24.5,-110
2026-09-15T17:17:37Z,01e9c4d460a55375a75d025e2b1ddbf5,2026-09-19T16:00:00Z,Arkansas Razorbacks,Georgia Bulldogs,betus,Georgia Bulldogs,-24.5,-110
2026-09-15T17:17:37Z,01e9c4d460a55375a75d025e2b1ddbf5,2026-09-19T16:00:00Z,Arkansas Razorbacks,Georgia Bulldogs,mybookieag,Arkansas Razorbacks,24.5,-110
2026-09-15T17:17:37Z,01e9c4d460a55375a75d025e2b1ddbf5,2026-09-19T16:00:00Z,Arkansas Razorbacks,Georgia Bulldogs,mybookieag,Georgia Bulldogs,-24.5,-110
2026-09-15T17:17:37Z,01e9c4d460a55375a75d025e2b1ddbf5,2026-09-19T16:00:00Z,Arkansas Razorbacks,Georgia Bulldogs,bovada,Arkansas Razorbacks,24.5,100
2026-09-15T17:17:37Z,01e9c4d460a55375a75d025e2b1ddbf5,2026-09-19T16:00:00Z,Arkansas Razorbacks,Georgia Bulldogs,bovada,Georgia Bulldogs,-24.5,-120
2026-09-15T17:17:37Z,9a69dbd474c6181a4c51f397b9b25d38,2026-09-19T16:00:00Z,Iowa State Cyclones,Bowling Green Falcons,fanduel,Bowling Green Falcons,23.5,-104
2026-09-15T17:17:37Z,9a69dbd474c6181a4c51f397b9b25d38,2026-09-19T16:00:00Z,Iowa State Cyclones,Bowling Green Falcons,fanduel,Iowa State Cyclones,-23.5,-118
2026-09-15T17:17:37Z,9a69dbd474c6181a4c51f397b9b25d38,2026-09-19T16:00:00Z,Iowa State Cyclones,Bowling Green Falcons,betrivers,Bowling Green Falcons,25.5,-130
2026-09-15T17:17:37Z,9a69dbd474c6181a4c51f397b9b25d38,2026-09-19T16:00:00Z,Iowa State Cyclones,Bowling Green Falcons,betrivers,Iowa State Cyclones,-25.5,105
2026-09-15T17:17:37Z,9a69dbd474c6181a4c51f397b9b25d38,2026-09-19T16:00:00Z,Iowa State Cyclones,Bowling Green Falcons,draftkings,Bowling Green Falcons,23.5,-110
2026-09-15T17:17:37Z,9a69dbd474c6181a4c51f397b9b25d38,2026-09-19T16:00:00Z,Iowa State Cyclones,Bowling Green Falcons,draftkings,Iowa State Cyclones,-23.5,-110
2026-09-15T17:17:37Z,9a69dbd474c6181a4c51f397b9b25d38,2026-09-19T16:00:00Z,Iowa State Cyclones,Bowling Green Falcons,lowvig,Bowling Green Falcons,23.5,-106
2026-09-15T17:17:37Z,9a69dbd474c6181a4c51f397b9b25d38,2026-09-19T16:00:00Z,Iowa State Cyclones,Bowling Green Falcons,lowvig,Iowa State Cyclones,-23.5,-106
2026-09-15T17:17:37Z,9a69dbd474c6181a4c51f397b9b25d38,2026-09-19T16:00:00Z,Iowa State Cyclones,Bowling Green Falcons,betonlineag,Bowling Green Falcons,23.5,-110
2026-09-15T17:17:37Z,9a69dbd474c6181a4c51f397b9b25d38,2026-09-19T16:00:00Z,Iowa State Cyclones,Bowling Green Falcons,betonlineag,Iowa State Cyclones,-23.5,-110
2026-09-15T17:17:37Z,9a69dbd474c6181a4c51f397b9b25d38,2026-09-19T16:00:00Z,Iowa State Cyclones,Bowling Green Falcons,betmgm,Bowling Green Falcons,23.5,-108
2026-09-15T17:17:37Z,9a69dbd474c6181a4c51f397b9b25d38,2026-09-19T16:00:00Z,Iowa State Cyclones,Bowling Green Falcons,betmgm,Iowa State Cyclones,-23.5,-110
2026-09-15T17:17:37Z,9a69dbd474c6181a4c51f397b9b25d38,2026-09-19T16:00:00Z,Iowa State Cyclones,Bowling Green Falcons,mybookieag,Bowling Green Falcons,23.5,-110
2026-09-15T17:17:37Z,9a69dbd474c6181a4c51f397b9b25d38,2026-09-19T16:00:00Z,Iowa State Cyclones,Bowling Green Falcons,mybookieag,Iowa State Cyclones,-23.5,-110
2026-09-15T17:17:37Z,9a69dbd474c6181a4c51f397b9b25d38,2026-09-19T16:00:00Z,Iowa State Cyclones,Bowling Green Falcons,betus,Bowling Green Falcons,23.5,-110
2026-09-15T17:17:37Z,9a69dbd474c6181a4c51f397b9b25d38,2026-09-19T16:00:00Z,Iowa State Cyclones,Bowling Green Falcons,betus,Iowa State Cyclones,-23.5,-110
2026-09-15T17:17:37Z,9a69dbd474c6181a4c51f397b9b25d38,2026-09-19T16:00:00Z,Iowa State Cyclones,Bowling Green Falcons,bovada,Bowling Green Falcons,23.5,-110
2026-09-15T17:17:37Z,9a69dbd474c6181a4c51f397b9b25d38,2026-09-19T16:00:00Z,Iowa State Cyclones,Bowling Green Falcons,bovada,Iowa State Cyclones,-23.5,-110
2026-09-15T17:17:37Z,36baf28c66c363255bb0cd88b6aaf914,2026-09-19T16:00:00Z,Penn State Nittany Lions,Buffalo Bulls,fanduel,Buffalo Bulls,40.5,-110
2026-09-15T17:17:37Z,36baf28c66c363255bb0cd88b6aaf914,2026-09-19T16:00:00Z,Penn State Nittany Lions,Buffalo Bulls,fanduel,Penn State Nittany Lions,-40.5,-110
2026-09-15T17:17:37Z,36baf28c66c363255bb0cd88b6aaf914,2026-09-19T16:00:00Z,Penn State Nittany Lions,Buffalo Bulls,draftkings,Buffalo Bulls,40.5,-112
2026-09-15T17:17:37Z,36baf28c66c363255bb0cd88b6aaf914,2026-09-19T16:00:00Z,Penn State Nittany Lions,Buffalo Bulls,draftkings,Penn State Nittany Lions,-40.5,-108
2026-09-15T17:17:37Z,36baf28c66c363255bb0cd88b6aaf914,2026-09-19T16:00:00Z,Penn State Nittany Lions,Buffalo Bulls,betonlineag,Buffalo Bulls,40.0,-110
2026-09-15T17:17:37Z,36baf28c66c363255bb0cd88b6aaf914,2026-09-19T16:00:00Z,Penn State Nittany Lions,Buffalo Bulls,betonlineag,Penn State Nittany Lions,-40.0,-110
2026-09-15T17:17:37Z,36baf28c66c363255bb0cd88b6aaf914,2026-09-19T16:00:00Z,Penn State Nittany Lions,Buffalo Bulls,lowvig,Buffalo Bulls,40.0,-106
2026-09-15T17:17:37Z,36baf28c66c363255bb0cd88b6aaf914,2026-09-19T16:00:00Z,Penn State Nittany Lions,Buffalo Bulls,lowvig,Penn State Nittany Lions,-40.0,-106
2026-09-15T17:17:37Z,36baf28c66c363255bb0cd88b6aaf914,2026-09-19T16:00:00Z,Penn State Nittany Lions,Buffalo Bulls,betrivers,Buffalo Bulls,40.5,-109
2026-09-15T17:17:37Z,36baf28c66c363255bb0cd88b6aaf914,2026-09-19T16:00:00Z,Penn State Nittany Lions,Buffalo Bulls,betrivers,Penn State Nittany Lions,-40.5,-114
2026-09-15T17:17:37Z,36baf28c66c363255bb0cd88b6aaf914,2026-09-19T16:00:00Z,Penn State Nittany Lions,Buffalo Bulls,betmgm,Buffalo Bulls,40.0,-108
2026-09-15T17:17:37Z,36baf28c66c363255bb0cd88b6aaf914,2026-09-19T16:00:00Z,Penn State Nittany Lions,Buffalo Bulls,betmgm,Penn State Nittany Lions,-40.0,-110
2026-09-15T17:17:37Z,36baf28c66c363255bb0cd88b6aaf914,2026-09-19T16:00:00Z,Penn State Nittany Lions,Buffalo Bulls,betus,Buffalo Bulls,40.0,-110
2026-09-15T17:17:37Z,36baf28c66c363255bb0cd88b6aaf914,2026-09-19T16:00:00Z,Penn State Nittany Lions,Buffalo Bulls,betus,Penn State Nittany Lions,-40.0,-110
2026-09-15T17:17:37Z,36baf28c66c363255bb0cd88b6aaf914,2026-09-19T16:00:00Z,Penn State Nittany Lions,Buffalo Bulls,bovada,Buffalo Bulls,40.5,-110
2026-09-15T17:17:37Z,36baf28c66c363255bb0cd88b6aaf914,2026-09-19T16:00:00Z,Penn State Nittany Lions,Buffalo Bulls,bovada,Penn State Nittany Lions,-40.5,-110
2026-09-15T17:17:37Z,3fe3d77e009a7f205cce737523609a86,2026-09-19T16:00:00Z,Clemson Tigers,North Carolina Tar Heels,draftkings,Clemson Tigers,-3.5,-110
2026-09-15T17:17:37Z,3fe3d77e009a7f205cce737523609a86,2026-09-19T16:00:00Z,Clemson Tigers,North Carolina Tar Heels,draftkings,North Carolina Tar Heels,3.5,-110
2026-09-15T17:17:37Z,3fe3d77e009a7f205cce737523609a86,2026-09-19T16:00:00Z,Clemson Tigers,North Carolina Tar Heels,fanduel,Clemson Tigers,-3.5,-110
2026-09-15T17:17:37Z,3fe3d77e009a7f205cce737523609a86,2026-09-19T16:00:00Z,Clemson Tigers,North Carolina Tar Heels,fanduel,North Carolina Tar Heels,3.5,-110
2026-09-15T17:17:37Z,3fe3d77e009a7f205cce737523609a86,2026-09-19T16:00:00Z,Clemson Tigers,North Carolina Tar Heels,betrivers,Clemson Tigers,-3.5,-112
2026-09-15T17:17:37Z,3fe3d77e009a7f205cce737523609a86,2026-09-19T16:00:00Z,Clemson Tigers,North Carolina Tar Heels,betrivers,North Carolina Tar Heels,3.5,-112
2026-09-15T17:17:37Z,3fe3d77e009a7f205cce737523609a86,2026-09-19T16:00:00Z,Clemson Tigers,North Carolina Tar Heels,lowvig,Clemson Tigers,-3.5,101
2026-09-15T17:17:37Z,3fe3d77e009a7f205cce737523609a86,2026-09-19T16:00:00Z,Clemson Tigers,North Carolina Tar Heels,lowvig,North Carolina Tar Heels,3.5,-113
2026-09-15T17:17:37Z,3fe3d77e009a7f205cce737523609a86,2026-09-19T16:00:00Z,Clemson Tigers,North Carolina Tar Heels,betonlineag,Clemson Tigers,-3.5,-103
2026-09-15T17:17:37Z,3fe3d77e009a7f205cce737523609a86,2026-09-19T16:00:00Z,Clemson Tigers,North Carolina Tar Heels,betonlineag,North Carolina Tar Heels,3.5,-117
2026-09-15T17:17:37Z,3fe3d77e009a7f205cce737523609a86,2026-09-19T16:00:00Z,Clemson Tigers,North Carolina Tar Heels,betmgm,Clemson Tigers,-3.5,-108
2026-09-15T17:17:37Z,3fe3d77e009a7f205cce737523609a86,2026-09-19T16:00:00Z,Clemson Tigers,North Carolina Tar Heels,betmgm,North Carolina Tar Heels,3.5,-110
2026-09-15T17:17:37Z,3fe3d77e009a7f205cce737523609a86,2026-09-19T16:00:00Z,Clemson Tigers,North Carolina Tar Heels,mybookieag,Clemson Tigers,-3.5,-110
2026-09-15T17:17:37Z,3fe3d77e009a7f205cce737523609a86,2026-09-19T16:00:00Z,Clemson Tigers,North Carolina Tar Heels,mybookieag,North Carolina Tar Heels,3.5,-110
2026-09-15T17:17:37Z,3fe3d77e009a7f205cce737523609a86,2026-09-19T16:00:00Z,Clemson Tigers,North Carolina Tar Heels,betus,Clemson Tigers,-3.5,-105
2026-09-15T17:17:37Z,3fe3d77e009a7f205cce737523609a86,2026-09-19T16:00:00Z,Clemson Tigers,North Carolina Tar Heels,betus,North Carolina Tar Heels,3.5,-115
2026-09-15T17:17:37Z,3fe3d77e009a7f205cce737523609a86,2026-09-19T16:00:00Z,Clemson Tigers,North Carolina Tar Heels,bovada,Clemson Tigers,-3.5,-110
2026-09-15T17:17:37Z,3fe3d77e009a7f205cce737523609a86,2026-09-19T16:00:00Z,Clemson Tigers,North Carolina Tar Heels,bovada,North Carolina Tar Heels,3.5,-110
2026-09-15T17:17:37Z,3514404f321e9cf55f11222c8e36233b,2026-09-19T16:00:00Z,Georgia Tech Yellow Jackets,Mercer Bears,fanduel,Georgia Tech Yellow Jackets,-39.5,-110
2026-09-15T17:17:37Z,3514404f321e9cf55f11222c8e36233b,2026-09-19T16:00:00Z,Georgia Tech Yellow Jackets,Mercer Bears,fanduel,Mercer Bears,39.5,-110
2026-09-15T17:17:37Z,3514404f321e9cf55f11222c8e36233b,2026-09-19T16:00:00Z,Georgia Tech Yellow Jackets,Mercer Bears,betrivers,Georgia Tech Yellow Jackets,-40.5,-106
2026-09-15T17:17:37Z,3514404f321e9cf55f11222c8e36233b,2026-09-19T16:00:00Z,Georgia Tech Yellow Jackets,Mercer Bears,betrivers,Mercer Bears,40.5,-118
2026-09-15T17:17:37Z,3514404f321e9cf55f11222c8e36233b,2026-09-19T16:00:00Z,Georgia Tech Yellow Jackets,Mercer Bears,draftkings,Georgia Tech Yellow Jackets,-38.5,-112
2026-09-15T17:17:37Z,3514404f321e9cf55f11222c8e36233b,2026-09-19T16:00:00Z,Georgia Tech Yellow Jackets,Mercer Bears,draftkings,Mercer Bears,38.5,-108
2026-09-15T17:17:37Z,72215c37435df22c87999aa675c675ca,2026-09-19T16:00:00Z,Kansas State Wildcats,Tulane Green Wave,fanduel,Kansas State Wildcats,-20.5,-110
2026-09-15T17:17:37Z,72215c37435df22c87999aa675c675ca,2026-09-19T16:00:00Z,Kansas State Wildcats,Tulane Green Wave,fanduel,Tulane Green Wave,20.5,-110
2026-09-15T17:17:37Z,72215c37435df22c87999aa675c675ca,2026-09-19T16:00:00Z,Kansas State Wildcats,Tulane Green Wave,betrivers,Kansas State Wildcats,-20.0,-112
2026-09-15T17:17:37Z,72215c37435df22c87999aa675c675ca,2026-09-19T16:00:00Z,Kansas State Wildcats,Tulane Green Wave,betrivers,Tulane Green Wave,20.0,-112
2026-09-15T17:17:37Z,72215c37435df22c87999aa675c675ca,2026-09-19T16:00:00Z,Kansas State Wildcats,Tulane Green Wave,draftkings,Kansas State Wildcats,-20.5,-115
2026-09-15T17:17:37Z,72215c37435df22c87999aa675c675ca,2026-09-19T16:00:00Z,Kansas State Wildcats,Tulane Green Wave,draftkings,Tulane Green Wave,20.5,-105
2026-09-15T17:17:37Z,72215c37435df22c87999aa675c675ca,2026-09-19T16:00:00Z,Kansas State Wildcats,Tulane Green Wave,betonlineag,Kansas State Wildcats,-20.0,-113
2026-09-15T17:17:37Z,72215c37435df22c87999aa675c675ca,2026-09-19T16:00:00Z,Kansas State Wildcats,Tulane Green Wave,betonlineag,Tulane Green Wave,20.0,-107
2026-09-15T17:17:37Z,72215c37435df22c87999aa675c675ca,2026-09-19T16:00:00Z,Kansas State Wildcats,Tulane Green Wave,lowvig,Kansas State Wildcats,-20.0,-109
2026-09-15T17:17:37Z,72215c37435df22c87999aa675c675ca,2026-09-19T16:00:00Z,Kansas State Wildcats,Tulane Green Wave,lowvig,Tulane Green Wave,20.0,-103
2026-09-15T17:17:37Z,72215c37435df22c87999aa675c675ca,2026-09-19T16:00:00Z,Kansas State Wildcats,Tulane Green Wave,mybookieag,Kansas State Wildcats,-20.5,-110
2026-09-15T17:17:37Z,72215c37435df22c87999aa675c675ca,2026-09-19T16:00:00Z,Kansas State Wildcats,Tulane Green Wave,mybookieag,Tulane Green Wave,20.5,-110
2026-09-15T17:17:37Z,72215c37435df22c87999aa675c675ca,2026-09-19T16:00:00Z,Kansas State Wildcats,Tulane Green Wave,betmgm,Kansas State Wildcats,-20.5,-110
2026-09-15T17:17:37Z,72215c37435df22c87999aa675c675ca,2026-09-19T16:00:00Z,Kansas State Wildcats,Tulane Green Wave,betmgm,Tulane Green Wave,20.5,-108
2026-09-15T17:17:37Z,72215c37435df22c87999aa675c675ca,2026-09-19T16:00:00Z,Kansas State Wildcats,Tulane Green Wave,betus,Kansas State Wildcats,-20.5,-110
2026-09-15T17:17:37Z,72215c37435df22c87999aa675c675ca,2026-09-19T16:00:00Z,Kansas State Wildcats,Tulane Green Wave,betus,Tulane Green Wave,20.5,-110
2026-09-15T17:17:37Z,72215c37435df22c87999aa675c675ca,2026-09-19T16:00:00Z,Kansas State Wildcats,Tulane Green Wave,bovada,Kansas State Wildcats,-21.0,-105
2026-09-15T17:17:37Z,72215c37435df22c87999aa675c675ca,2026-09-19T16:00:00Z,Kansas State Wildcats,Tulane Green Wave,bovada,Tulane Green Wave,21.0,-115
2026-09-15T17:17:37Z,6eee31d7778965a3e617f10146619c1d,2026-09-19T16:00:00Z,Ohio State Buckeyes,Kent State Golden Flashes,draftkings,Kent State Golden Flashes,52.5,-108
2026-09-15T17:17:37Z,6eee31d7778965a3e617f10146619c1d,2026-09-19T16:00:00Z,Ohio State Buckeyes,Kent State Golden Flashes,draftkings,Ohio State Buckeyes,-52.5,-112
2026-09-15T17:17:37Z,6eee31d7778965a3e617f10146619c1d,2026-09-19T16:00:00Z,Ohio State Buckeyes,Kent State Golden Flashes,lowvig,Kent State Golden Flashes,52.5,-101
2026-09-15T17:17:37Z,6eee31d7778965a3e617f10146619c1d,2026-09-19T16:00:00Z,Ohio State Buckeyes,Kent State Golden Flashes,lowvig,Ohio State Buckeyes,-52.5,-111
2026-09-15T17:17:37Z,6eee31d7778965a3e617f10146619c1d,2026-09-19T16:00:00Z,Ohio State Buckeyes,Kent State Golden Flashes,betonlineag,Kent State Golden Flashes,52.5,-105
2026-09-15T17:17:37Z,6eee31d7778965a3e617f10146619c1d,2026-09-19T16:00:00Z,Ohio State Buckeyes,Kent State Golden Flashes,betonlineag,Ohio State Buckeyes,-52.5,-115
2026-09-15T17:17:37Z,6eee31d7778965a3e617f10146619c1d,2026-09-19T16:00:00Z,Ohio State Buckeyes,Kent State Golden Flashes,betrivers,Kent State Golden Flashes,52.5,-112
2026-09-15T17:17:37Z,6eee31d7778965a3e617f10146619c1d,2026-09-19T16:00:00Z,Ohio State Buckeyes,Kent State Golden Flashes,betrivers,Ohio State Buckeyes,-52.5,-112
2026-09-15T17:17:37Z,6eee31d7778965a3e617f10146619c1d,2026-09-19T16:00:00Z,Ohio State Buckeyes,Kent State Golden Flashes,betmgm,Kent State Golden Flashes,52.5,-105
2026-09-15T17:17:37Z,6eee31d7778965a3e617f10146619c1d,2026-09-19T16:00:00Z,Ohio State Buckeyes,Kent State Golden Flashes,betmgm,Ohio State Buckeyes,-52.5,-115
2026-09-15T17:17:37Z,6eee31d7778965a3e617f10146619c1d,2026-09-19T16:00:00Z,Ohio State Buckeyes,Kent State Golden Flashes,betus,Kent State Golden Flashes,52.5,-110
2026-09-15T17:17:37Z,6eee31d7778965a3e617f10146619c1d,2026-09-19T16:00:00Z,Ohio State Buckeyes,Kent State Golden Flashes,betus,Ohio State Buckeyes,-52.5,-110
2026-09-15T17:17:37Z,6eee31d7778965a3e617f10146619c1d,2026-09-19T16:00:00Z,Ohio State Buckeyes,Kent State Golden Flashes,fanduel,Kent State Golden Flashes,52.5,-106
2026-09-15T17:17:37Z,6eee31d7778965a3e617f10146619c1d,2026-09-19T16:00:00Z,Ohio State Buckeyes,Kent State Golden Flashes,fanduel,Ohio State Buckeyes,-52.5,-114
2026-09-15T17:17:37Z,6eee31d7778965a3e617f10146619c1d,2026-09-19T16:00:00Z,Ohio State Buckeyes,Kent State Golden Flashes,bovada,Kent State Golden Flashes,53.0,-110
2026-09-15T17:17:37Z,6eee31d7778965a3e617f10146619c1d,2026-09-19T16:00:00Z,Ohio State Buckeyes,Kent State Golden Flashes,bovada,Ohio State Buckeyes,-53.0,-110
2026-09-15T17:17:37Z,b0cd2e8beaf0dc333daa592a0d3d5c3a,2026-09-19T16:00:00Z,Texas State Bobcats,North Texas Mean Green,fanduel,North Texas Mean Green,2.5,100
2026-09-15T17:17:37Z,b0cd2e8beaf0dc333daa592a0d3d5c3a,2026-09-19T16:00:00Z,Texas State Bobcats,North Texas Mean Green,fanduel,Texas State Bobcats,-2.5,-122
2026-09-15T17:17:37Z,b0cd2e8beaf0dc333daa592a0d3d5c3a,2026-09-19T16:00:00Z,Texas State Bobcats,North Texas Mean Green,betrivers,North Texas Mean Green,2.5,102
2026-09-15T17:17:37Z,b0cd2e8beaf0dc333daa592a0d3d5c3a,2026-09-19T16:00:00Z,Texas State Bobcats,North Texas Mean Green,betrivers,Texas State Bobcats,-2.5,-125
2026-09-15T17:17:37Z,b0cd2e8beaf0dc333daa592a0d3d5c3a,2026-09-19T16:00:00Z,Texas State Bobcats,North Texas Mean Green,draftkings,North Texas Mean Green,3.0,-112
2026-09-15T17:17:37Z,b0cd2e8beaf0dc333daa592a0d3d5c3a,2026-09-19T16:00:00Z,Texas State Bobcats,North Texas Mean Green,draftkings,Texas State Bobcats,-3.0,-108
2026-09-15T17:17:37Z,b0cd2e8beaf0dc333daa592a0d3d5c3a,2026-09-19T16:00:00Z,Texas State Bobcats,North Texas Mean Green,lowvig,North Texas Mean Green,3.0,-108
2026-09-15T17:17:37Z,b0cd2e8beaf0dc333daa592a0d3d5c3a,2026-09-19T16:00:00Z,Texas State Bobcats,North Texas Mean Green,lowvig,Texas State Bobcats,-3.0,-104
2026-09-15T17:17:37Z,b0cd2e8beaf0dc333daa592a0d3d5c3a,2026-09-19T16:00:00Z,Texas State Bobcats,North Texas Mean Green,betonlineag,North Texas Mean Green,3.0,-112
2026-09-15T17:17:37Z,b0cd2e8beaf0dc333daa592a0d3d5c3a,2026-09-19T16:00:00Z,Texas State Bobcats,North Texas Mean Green,betonlineag,Texas State Bobcats,-3.0,-108
2026-09-15T17:17:37Z,b0cd2e8beaf0dc333daa592a0d3d5c3a,2026-09-19T16:00:00Z,Texas State Bobcats,North Texas Mean Green,betmgm,North Texas Mean Green,3.0,-110
2026-09-15T17:17:37Z,b0cd2e8beaf0dc333daa592a0d3d5c3a,2026-09-19T16:00:00Z,Texas State Bobcats,North Texas Mean Green,betmgm,Texas State Bobcats,-3.0,-108
2026-09-15T17:17:37Z,b0cd2e8beaf0dc333daa592a0d3d5c3a,2026-09-19T16:00:00Z,Texas State Bobcats,North Texas Mean Green,mybookieag,North Texas Mean Green,3.0,-110
2026-09-15T17:17:37Z,b0cd2e8beaf0dc333daa592a0d3d5c3a,2026-09-19T16:00:00Z,Texas State Bobcats,North Texas Mean Green,mybookieag,Texas State Bobcats,-3.0,-110
2026-09-15T17:17:37Z,b0cd2e8beaf0dc333daa592a0d3d5c3a,2026-09-19T16:00:00Z,Texas State Bobcats,North Texas Mean Green,betus,North Texas Mean Green,3.0,-110
2026-09-15T17:17:37Z,b0cd2e8beaf0dc333daa592a0d3d5c3a,2026-09-19T16:00:00Z,Texas State Bobcats,North Texas Mean Green,betus,Texas State Bobcats,-3.0,-110
2026-09-15T17:17:37Z,b0cd2e8beaf0dc333daa592a0d3d5c3a,2026-09-19T16:00:00Z,Texas State Bobcats,North Texas Mean Green,bovada,North Texas Mean Green,3.0,-115
2026-09-15T17:17:37Z,b0cd2e8beaf0dc333daa592a0d3d5c3a,2026-09-19T16:00:00Z,Texas State Bobcats,North Texas Mean Green,bovada,Texas State Bobcats,-3.0,-105
2026-09-15T17:17:37Z,bd7ae9e585a6595f7d308d45e1bf35e3,2026-09-19T16:30:00Z,Wisconsin Badgers,Eastern Michigan Eagles,fanduel,Eastern Michigan Eagles,24.5,-115
2026-09-15T17:17:37Z,bd7ae9e585a6595f7d308d45e1bf35e3,2026-09-19T16:30:00Z,Wisconsin Badgers,Eastern Michigan Eagles,fanduel,Wisconsin Badgers,-24.5,-105
2026-09-15T17:17:37Z,bd7ae9e585a6595f7d308d45e1bf35e3,2026-09-19T16:30:00Z,Wisconsin Badgers,Eastern Michigan Eagles,draftkings,Eastern Michigan Eagles,24.5,-118
2026-09-15T17:17:37Z,bd7ae9e585a6595f7d308d45e1bf35e3,2026-09-19T16:30:00Z,Wisconsin Badgers,Eastern Michigan Eagles,draftkings,Wisconsin Badgers,-24.5,-102
2026-09-15T17:17:37Z,bd7ae9e585a6595f7d308d45e1bf35e3,2026-09-19T16:30:00Z,Wisconsin Badgers,Eastern Michigan Eagles,betrivers,Eastern Michigan Eagles,23.5,106
2026-09-15T17:17:37Z,bd7ae9e585a6595f7d308d45e1bf35e3,2026-09-19T16:30:00Z,Wisconsin Badgers,Eastern Michigan Eagles,betrivers,Wisconsin Badgers,-23.5,-132
2026-09-15T17:17:37Z,bd7ae9e585a6595f7d308d45e1bf35e3,2026-09-19T16:30:00Z,Wisconsin Badgers,Eastern Michigan Eagles,lowvig,Eastern Michigan Eagles,24.0,-106
2026-09-15T17:17:37Z,bd7ae9e585a6595f7d308d45e1bf35e3,2026-09-19T16:30:00Z,Wisconsin Badgers,Eastern Michigan Eagles,lowvig,Wisconsin Badgers,-24.0,-106
2026-09-15T17:17:37Z,bd7ae9e585a6595f7d308d45e1bf35e3,2026-09-19T16:30:00Z,Wisconsin Badgers,Eastern Michigan Eagles,betonlineag,Eastern Michigan Eagles,24.0,-110
2026-09-15T17:17:37Z,bd7ae9e585a6595f7d308d45e1bf35e3,2026-09-19T16:30:00Z,Wisconsin Badgers,Eastern Michigan Eagles,betonlineag,Wisconsin Badgers,-24.0,-110
2026-09-15T17:17:37Z,bd7ae9e585a6595f7d308d45e1bf35e3,2026-09-19T16:30:00Z,Wisconsin Badgers,Eastern Michigan Eagles,betmgm,Eastern Michigan Eagles,24.0,-110
2026-09-15T17:17:37Z,bd7ae9e585a6595f7d308d45e1bf35e3,2026-09-19T16:30:00Z,Wisconsin Badgers,Eastern Michigan Eagles,betmgm,Wisconsin Badgers,-24.0,-110
2026-09-15T17:17:37Z,bd7ae9e585a6595f7d308d45e1bf35e3,2026-09-19T16:30:00Z,Wisconsin Badgers,Eastern Michigan Eagles,mybookieag,Eastern Michigan Eagles,24.5,-110
2026-09-15T17:17:37Z,bd7ae9e585a6595f7d308d45e1bf35e3,2026-09-19T16:30:00Z,Wisconsin Badgers,Eastern Michigan Eagles,mybookieag,Wisconsin Badgers,-24.5,-110
2026-09-15T17:17:37Z,bd7ae9e585a6595f7d308d45e1bf35e3,2026-09-19T16:30:00Z,Wisconsin Badgers,Eastern Michigan Eagles,betus,Eastern Michigan Eagles,24.0,-110
2026-09-15T17:17:37Z,bd7ae9e585a6595f7d308d45e1bf35e3,2026-09-19T16:30:00Z,Wisconsin Badgers,Eastern Michigan Eagles,betus,Wisconsin Badgers,-24.0,-110
2026-09-15T17:17:37Z,bd7ae9e585a6595f7d308d45e1bf35e3,2026-09-19T16:30:00Z,Wisconsin Badgers,Eastern Michigan Eagles,bovada,Eastern Michigan Eagles,23.5,-110
2026-09-15T17:17:37Z,bd7ae9e585a6595f7d308d45e1bf35e3,2026-09-19T16:30:00Z,Wisconsin Badgers,Eastern Michigan Eagles,bovada,Wisconsin Badgers,-23.5,-110
2026-09-15T17:17:37Z,2e9835b129f8b8055d4a24f736547363,2026-09-19T16:45:00Z,Vanderbilt Commodores,NC State Wolfpack,fanduel,NC State Wolfpack,3.5,-112
2026-09-15T17:17:37Z,2e9835b129f8b8055d4a24f736547363,2026-09-19T16:45:00Z,Vanderbilt Commodores,NC State Wolfpack,fanduel,Vanderbilt Commodores,-3.5,-108
2026-09-15T17:17:37Z,2e9835b129f8b8055d4a24f736547363,2026-09-19T16:45:00Z,Vanderbilt Commodores,NC State Wolfpack,betrivers,NC State Wolfpack,3.5,-115
2026-09-15T17:17:37Z,2e9835b129f8b8055d4a24f736547363,2026-09-19T16:45:00Z,Vanderbilt Commodores,NC State Wolfpack,betrivers,Vanderbilt Commodores,-3.5,-108
2026-09-15T17:17:37Z,2e9835b129f8b8055d4a24f736547363,2026-09-19T16:45:00Z,Vanderbilt Commodores,NC State Wolfpack,draftkings,NC State Wolfpack,3.5,-118
2026-09-15T17:17:37Z,2e9835b129f8b8055d4a24f736547363,2026-09-19T16:45:00Z,Vanderbilt Commodores,NC State Wolfpack,draftkings,Vanderbilt Commodores,-3.5,-102
2026-09-15T17:17:37Z,2e9835b129f8b8055d4a24f736547363,2026-09-19T16:45:00Z,Vanderbilt Commodores,NC State Wolfpack,betonlineag,NC State Wolfpack,3.5,-118
2026-09-15T17:17:37Z,2e9835b129f8b8055d4a24f736547363,2026-09-19T16:45:00Z,Vanderbilt Commodores,NC State Wolfpack,betonlineag,Vanderbilt Commodores,-3.5,-102
2026-09-15T17:17:37Z,2e9835b129f8b8055d4a24f736547363,2026-09-19T16:45:00Z,Vanderbilt Commodores,NC State Wolfpack,lowvig,NC State Wolfpack,3.5,-114
2026-09-15T17:17:37Z,2e9835b129f8b8055d4a24f736547363,2026-09-19T16:45:00Z,Vanderbilt Commodores,NC State Wolfpack,lowvig,Vanderbilt Commodores,-3.5,102
2026-09-15T17:17:37Z,2e9835b129f8b8055d4a24f736547363,2026-09-19T16:45:00Z,Vanderbilt Commodores,NC State Wolfpack,betmgm,NC State Wolfpack,3.5,-112
2026-09-15T17:17:37Z,2e9835b129f8b8055d4a24f736547363,2026-09-19T16:45:00Z,Vanderbilt Commodores,NC State Wolfpack,betmgm,Vanderbilt Commodores,-3.5,-105
2026-09-15T17:17:37Z,2e9835b129f8b8055d4a24f736547363,2026-09-19T16:45:00Z,Vanderbilt Commodores,NC State Wolfpack,mybookieag,NC State Wolfpack,3.5,-110
2026-09-15T17:17:37Z,2e9835b129f8b8055d4a24f736547363,2026-09-19T16:45:00Z,Vanderbilt Commodores,NC State Wolfpack,mybookieag,Vanderbilt Commodores,-3.5,-110
2026-09-15T17:17:37Z,2e9835b129f8b8055d4a24f736547363,2026-09-19T16:45:00Z,Vanderbilt Commodores,NC State Wolfpack,betus,NC State Wolfpack,3.0,100
2026-09-15T17:17:37Z,2e9835b129f8b8055d4a24f736547363,2026-09-19T16:45:00Z,Vanderbilt Commodores,NC State Wolfpack,betus,Vanderbilt Commodores,-3.0,-120
2026-09-15T17:17:37Z,2e9835b129f8b8055d4a24f736547363,2026-09-19T16:45:00Z,Vanderbilt Commodores,NC State Wolfpack,bovada,NC State Wolfpack,3.0,100
2026-09-15T17:17:37Z,2e9835b129f8b8055d4a24f736547363,2026-09-19T16:45:00Z,Vanderbilt Commodores,NC State Wolfpack,bovada,Vanderbilt Commodores,-3.0,-120
2026-09-15T17:17:37Z,26a76b78050ad3953d2d41dbeecd5a07,2026-09-19T17:00:00Z,Central Michigan Chippewas,Wyoming Cowboys,fanduel,Central Michigan Chippewas,-1.5,-110
2026-09-15T17:17:37Z,26a76b78050ad3953d2d41dbeecd5a07,2026-09-19T17:00:00Z,Central Michigan Chippewas,Wyoming Cowboys,fanduel,Wyoming Cowboys,1.5,-110
2026-09-15T17:17:37Z,26a76b78050ad3953d2d41dbeecd5a07,2026-09-19T17:00:00Z,Central Michigan Chippewas,Wyoming Cowboys,draftkings,Central Michigan Chippewas,-1.5,-112
2026-09-15T17:17:37Z,26a76b78050ad3953d2d41dbeecd5a07,2026-09-19T17:00:00Z,Central Michigan Chippewas,Wyoming Cowboys,draftkings,Wyoming Cowboys,1.5,-108
2026-09-15T17:17:37Z,26a76b78050ad3953d2d41dbeecd5a07,2026-09-19T17:00:00Z,Central Michigan Chippewas,Wyoming Cowboys,lowvig,Central Michigan Chippewas,-1.5,-106
2026-09-15T17:17:37Z,26a76b78050ad3953d2d41dbeecd5a07,2026-09-19T17:00:00Z,Central Michigan Chippewas,Wyoming Cowboys,lowvig,Wyoming Cowboys,1.5,-106
2026-09-15T17:17:37Z,26a76b78050ad3953d2d41dbeecd5a07,2026-09-19T17:00:00Z,Central Michigan Chippewas,Wyoming Cowboys,betonlineag,Central Michigan Chippewas,-1.5,-110
2026-09-15T17:17:37Z,26a76b78050ad3953d2d41dbeecd5a07,2026-09-19T17:00:00Z,Central Michigan Chippewas,Wyoming Cowboys,betonlineag,Wyoming Cowboys,1.5,-110
2026-09-15T17:17:37Z,26a76b78050ad3953d2d41dbeecd5a07,2026-09-19T17:00:00Z,Central Michigan Chippewas,Wyoming Cowboys,betrivers,Central Michigan Chippewas,-0.5,-121
2026-09-15T17:17:37Z,26a76b78050ad3953d2d41dbeecd5a07,2026-09-19T17:00:00Z,Central Michigan Chippewas,Wyoming Cowboys,betrivers,Wyoming Cowboys,0.5,-104
2026-09-15T17:17:37Z,26a76b78050ad3953d2d41dbeecd5a07,2026-09-19T17:00:00Z,Central Michigan Chippewas,Wyoming Cowboys,mybookieag,Central Michigan Chippewas,-1.5,-110
2026-09-15T17:17:37Z,26a76b78050ad3953d2d41dbeecd5a07,2026-09-19T17:00:00Z,Central Michigan Chippewas,Wyoming Cowboys,mybookieag,Wyoming Cowboys,1.5,-110
2026-09-15T17:17:37Z,26a76b78050ad3953d2d41dbeecd5a07,2026-09-19T17:00:00Z,Central Michigan Chippewas,Wyoming Cowboys,betmgm,Central Michigan Chippewas,-1.5,-110
2026-09-15T17:17:37Z,26a76b78050ad3953d2d41dbeecd5a07,2026-09-19T17:00:00Z,Central Michigan Chippewas,Wyoming Cowboys,betmgm,Wyoming Cowboys,1.5,-108
2026-09-15T17:17:37Z,26a76b78050ad3953d2d41dbeecd5a07,2026-09-19T17:00:00Z,Central Michigan Chippewas,Wyoming Cowboys,betus,Central Michigan Chippewas,-1.5,-110
2026-09-15T17:17:37Z,26a76b78050ad3953d2d41dbeecd5a07,2026-09-19T17:00:00Z,Central Michigan Chippewas,Wyoming Cowboys,betus,Wyoming Cowboys,1.5,-110
2026-09-15T17:17:37Z,26a76b78050ad3953d2d41dbeecd5a07,2026-09-19T17:00:00Z,Central Michigan Chippewas,Wyoming Cowboys,bovada,Central Michigan Chippewas,-1.5,-110
2026-09-15T17:17:37Z,26a76b78050ad3953d2d41dbeecd5a07,2026-09-19T17:00:00Z,Central Michigan Chippewas,Wyoming Cowboys,bovada,Wyoming Cowboys,1.5,-110
2026-09-15T17:17:37Z,08a2eb7afbd58ee7a8fb47bb4142eded,2026-09-19T18:00:00Z,Boston College Eagles,Maine Black Bears,fanduel,Boston College Eagles,-37.5,-110
2026-09-15T17:17:37Z,08a2eb7afbd58ee7a8fb47bb4142eded,2026-09-19T18:00:00Z,Boston College Eagles,Maine Black Bears,fanduel,Maine Black Bears,37.5,-110
2026-09-15T17:17:37Z,08a2eb7afbd58ee7a8fb47bb4142eded,2026-09-19T18:00:00Z,Boston College Eagles,Maine Black Bears,betrivers,Boston College Eagles,-38.5,-105
2026-09-15T17:17:37Z,08a2eb7afbd58ee7a8fb47bb4142eded,2026-09-19T18:00:00Z,Boston College Eagles,Maine Black Bears,betrivers,Maine Black Bears,38.5,-120
2026-09-15T17:17:37Z,08a2eb7afbd58ee7a8fb47bb4142eded,2026-09-19T18:00:00Z,Boston College Eagles,Maine Black Bears,draftkings,Boston College Eagles,-38.5,-110
2026-09-15T17:17:37Z,08a2eb7afbd58ee7a8fb47bb4142eded,2026-09-19T18:00:00Z,Boston College Eagles,Maine Black Bears,draftkings,Maine Black Bears,38.5,-110
2026-09-15T17:17:37Z,578e82a8bc67101e9eba884729ffcc69,2026-09-19T18:00:00Z,Illinois Fighting Illini,Southern Illinois Salukis,fanduel,Illinois Fighting Illini,-39.5,-110
2026-09-15T17:17:37Z,578e82a8bc67101e9eba884729ffcc69,2026-09-19T18:00:00Z,Illinois Fighting Illini,Southern Illinois Salukis,fanduel,Southern Illinois Salukis,39.5,-110
2026-09-15T17:17:37Z,578e82a8bc67101e9eba884729ffcc69,2026-09-19T18:00:00Z,Illinois Fighting Illini,Southern Illinois Salukis,betrivers,Illinois Fighting Illini,-39.5,-105
2026-09-15T17:17:37Z,578e82a8bc67101e9eba884729ffcc69,2026-09-19T18:00:00Z,Illinois Fighting Illini,Southern Illinois Salukis,betrivers,Southern Illinois Salukis,39.5,-120
2026-09-15T17:17:37Z,578e82a8bc67101e9eba884729ffcc69,2026-09-19T18:00:00Z,Illinois Fighting Illini,Southern Illinois Salukis,draftkings,Illinois Fighting Illini,-41.5,-112
2026-09-15T17:17:37Z,578e82a8bc67101e9eba884729ffcc69,2026-09-19T18:00:00Z,Illinois Fighting Illini,Southern Illinois Salukis,draftkings,Southern Illinois Salukis,41.5,-108
2026-09-15T17:17:37Z,ea8b0414ff464255eef426fd61427030,2026-09-19T19:00:00Z,Toledo Rockets,Temple Owls,fanduel,Temple Owls,5.5,-114
2026-09-15T17:17:37Z,ea8b0414ff464255eef426fd61427030,2026-09-19T19:00:00Z,Toledo Rockets,Temple Owls,fanduel,Toledo Rockets,-5.5,-106
2026-09-15T17:17:37Z,ea8b0414ff464255eef426fd61427030,2026-09-19T19:00:00Z,Toledo Rockets,Temple Owls,betonlineag,Temple Owls,5.5,-108
2026-09-15T17:17:37Z,ea8b0414ff464255eef426fd61427030,2026-09-19T19:00:00Z,Toledo Rockets,Temple Owls,betonlineag,Toledo Rockets,-5.5,-112
2026-09-15T17:17:37Z,ea8b0414ff464255eef426fd61427030,2026-09-19T19:00:00Z,Toledo Rockets,Temple Owls,draftkings,Temple Owls,5.5,-105
2026-09-15T17:17:37Z,ea8b0414ff464255eef426fd61427030,2026-09-19T19:00:00Z,Toledo Rockets,Temple Owls,draftkings,Toledo Rockets,-5.5,-115
2026-09-15T17:17:37Z,ea8b0414ff464255eef426fd61427030,2026-09-19T19:00:00Z,Toledo Rockets,Temple Owls,lowvig,Temple Owls,5.5,-104
2026-09-15T17:17:37Z,ea8b0414ff464255eef426fd61427030,2026-09-19T19:00:00Z,Toledo Rockets,Temple Owls,lowvig,Toledo Rockets,-5.5,-108
2026-09-15T17:17:37Z,ea8b0414ff464255eef426fd61427030,2026-09-19T19:00:00Z,Toledo Rockets,Temple Owls,betrivers,Temple Owls,5.5,-110
2026-09-15T17:17:37Z,ea8b0414ff464255eef426fd61427030,2026-09-19T19:00:00Z,Toledo Rockets,Temple Owls,betrivers,Toledo Rockets,-5.5,-113
2026-09-15T17:17:37Z,ea8b0414ff464255eef426fd61427030,2026-09-19T19:00:00Z,Toledo Rockets,Temple Owls,mybookieag,Temple Owls,6.0,-110
2026-09-15T17:17:37Z,ea8b0414ff464255eef426fd61427030,2026-09-19T19:00:00Z,Toledo Rockets,Temple Owls,mybookieag,Toledo Rockets,-6.0,-110
2026-09-15T17:17:37Z,ea8b0414ff464255eef426fd61427030,2026-09-19T19:00:00Z,Toledo Rockets,Temple Owls,betmgm,Temple Owls,6.0,-110
2026-09-15T17:17:37Z,ea8b0414ff464255eef426fd61427030,2026-09-19T19:00:00Z,Toledo Rockets,Temple Owls,betmgm,Toledo Rockets,-6.0,-108
2026-09-15T17:17:37Z,ea8b0414ff464255eef426fd61427030,2026-09-19T19:00:00Z,Toledo Rockets,Temple Owls,betus,Temple Owls,6.0,-115
2026-09-15T17:17:37Z,ea8b0414ff464255eef426fd61427030,2026-09-19T19:00:00Z,Toledo Rockets,Temple Owls,betus,Toledo Rockets,-6.0,-105
2026-09-15T17:17:37Z,ea8b0414ff464255eef426fd61427030,2026-09-19T19:00:00Z,Toledo Rockets,Temple Owls,bovada,Temple Owls,6.0,-115
2026-09-15T17:17:37Z,ea8b0414ff464255eef426fd61427030,2026-09-19T19:00:00Z,Toledo Rockets,Temple Owls,bovada,Toledo Rockets,-6.0,-105
2026-09-15T17:17:37Z,a85cea77fbd44d9135461815777f6a9c,2026-09-19T19:30:00Z,Alabama Crimson Tide,Florida State Seminoles,draftkings,Alabama Crimson Tide,-19.5,-110
2026-09-15T17:17:37Z,a85cea77fbd44d9135461815777f6a9c,2026-09-19T19:30:00Z,Alabama Crimson Tide,Florida State Seminoles,draftkings,Florida State Seminoles,19.5,-110
2026-09-15T17:17:37Z,a85cea77fbd44d9135461815777f6a9c,2026-09-19T19:30:00Z,Alabama Crimson Tide,Florida State Seminoles,mybookieag,Alabama Crimson Tide,-20.0,-110
2026-09-15T17:17:37Z,a85cea77fbd44d9135461815777f6a9c,2026-09-19T19:30:00Z,Alabama Crimson Tide,Florida State Seminoles,mybookieag,Florida State Seminoles,20.0,-110
2026-09-15T17:17:37Z,a85cea77fbd44d9135461815777f6a9c,2026-09-19T19:30:00Z,Alabama Crimson Tide,Florida State Seminoles,betmgm,Alabama Crimson Tide,-19.5,-108
2026-09-15T17:17:37Z,a85cea77fbd44d9135461815777f6a9c,2026-09-19T19:30:00Z,Alabama Crimson Tide,Florida State Seminoles,betmgm,Florida State Seminoles,19.5,-110
2026-09-15T17:17:37Z,a85cea77fbd44d9135461815777f6a9c,2026-09-19T19:30:00Z,Alabama Crimson Tide,Florida State Seminoles,fanduel,Alabama Crimson Tide,-19.5,-112
2026-09-15T17:17:37Z,a85cea77fbd44d9135461815777f6a9c,2026-09-19T19:30:00Z,Alabama Crimson Tide,Florida State Seminoles,fanduel,Florida State Seminoles,19.5,-108
2026-09-15T17:17:37Z,a85cea77fbd44d9135461815777f6a9c,2026-09-19T19:30:00Z,Alabama Crimson Tide,Florida State Seminoles,betrivers,Alabama Crimson Tide,-20.0,-110
2026-09-15T17:17:37Z,a85cea77fbd44d9135461815777f6a9c,2026-09-19T19:30:00Z,Alabama Crimson Tide,Florida State Seminoles,betrivers,Florida State Seminoles,20.0,-113
2026-09-15T17:17:37Z,a85cea77fbd44d9135461815777f6a9c,2026-09-19T19:30:00Z,Alabama Crimson Tide,Florida State Seminoles,lowvig,Alabama Crimson Tide,-19.0,-106
2026-09-15T17:17:37Z,a85cea77fbd44d9135461815777f6a9c,2026-09-19T19:30:00Z,Alabama Crimson Tide,Florida State Seminoles,lowvig,Florida State Seminoles,19.0,-106
2026-09-15T17:17:37Z,a85cea77fbd44d9135461815777f6a9c,2026-09-19T19:30:00Z,Alabama Crimson Tide,Florida State Seminoles,betonlineag,Alabama Crimson Tide,-19.0,-110
2026-09-15T17:17:37Z,a85cea77fbd44d9135461815777f6a9c,2026-09-19T19:30:00Z,Alabama Crimson Tide,Florida State Seminoles,betonlineag,Florida State Seminoles,19.0,-110
2026-09-15T17:17:37Z,a85cea77fbd44d9135461815777f6a9c,2026-09-19T19:30:00Z,Alabama Crimson Tide,Florida State Seminoles,betus,Alabama Crimson Tide,-19.5,-110
2026-09-15T17:17:37Z,a85cea77fbd44d9135461815777f6a9c,2026-09-19T19:30:00Z,Alabama Crimson Tide,Florida State Seminoles,betus,Florida State Seminoles,19.5,-110
2026-09-15T17:17:37Z,a85cea77fbd44d9135461815777f6a9c,2026-09-19T19:30:00Z,Alabama Crimson Tide,Florida State Seminoles,bovada,Alabama Crimson Tide,-19.5,-110
2026-09-15T17:17:37Z,a85cea77fbd44d9135461815777f6a9c,2026-09-19T19:30:00Z,Alabama Crimson Tide,Florida State Seminoles,bovada,Florida State Seminoles,19.5,-110
2026-09-15T17:17:37Z,15ebe2df1d91e584d091d509e70a1a71,2026-09-19T19:30:00Z,Cincinnati Bearcats,Miami (OH) RedHawks,fanduel,Cincinnati Bearcats,-14.5,-110
2026-09-15T17:17:37Z,15ebe2df1d91e584d091d509e70a1a71,2026-09-19T19:30:00Z,Cincinnati Bearcats,Miami (OH) RedHawks,fanduel,Miami (OH) RedHawks,14.5,-110
2026-09-15T17:17:37Z,15ebe2df1d91e584d091d509e70a1a71,2026-09-19T19:30:00Z,Cincinnati Bearcats,Miami (OH) RedHawks,draftkings,Cincinnati Bearcats,-14.5,-110
2026-09-15T17:17:37Z,15ebe2df1d91e584d091d509e70a1a71,2026-09-19T19:30:00Z,Cincinnati Bearcats,Miami (OH) RedHawks,draftkings,Miami (OH) RedHawks,14.5,-110
2026-09-15T17:17:37Z,15ebe2df1d91e584d091d509e70a1a71,2026-09-19T19:30:00Z,Cincinnati Bearcats,Miami (OH) RedHawks,lowvig,Cincinnati Bearcats,-14.5,-106
2026-09-15T17:17:37Z,15ebe2df1d91e584d091d509e70a1a71,2026-09-19T19:30:00Z,Cincinnati Bearcats,Miami (OH) RedHawks,lowvig,Miami (OH) RedHawks,14.5,-106
2026-09-15T17:17:37Z,15ebe2df1d91e584d091d509e70a1a71,2026-09-19T19:30:00Z,Cincinnati Bearcats,Miami (OH) RedHawks,betonlineag,Cincinnati Bearcats,-14.5,-110
2026-09-15T17:17:37Z,15ebe2df1d91e584d091d509e70a1a71,2026-09-19T19:30:00Z,Cincinnati Bearcats,Miami (OH) RedHawks,betonlineag,Miami (OH) RedHawks,14.5,-110
2026-09-15T17:17:37Z,15ebe2df1d91e584d091d509e70a1a71,2026-09-19T19:30:00Z,Cincinnati Bearcats,Miami (OH) RedHawks,betmgm,Cincinnati Bearcats,-14.5,-108
2026-09-15T17:17:37Z,15ebe2df1d91e584d091d509e70a1a71,2026-09-19T19:30:00Z,Cincinnati Bearcats,Miami (OH) RedHawks,betmgm,Miami (OH) RedHawks,14.5,-110
2026-09-15T17:17:37Z,15ebe2df1d91e584d091d509e70a1a71,2026-09-19T19:30:00Z,Cincinnati Bearcats,Miami (OH) RedHawks,mybookieag,Cincinnati Bearcats,-14.5,-110
2026-09-15T17:17:37Z,15ebe2df1d91e584d091d509e70a1a71,2026-09-19T19:30:00Z,Cincinnati Bearcats,Miami (OH) RedHawks,mybookieag,Miami (OH) RedHawks,14.5,-110
2026-09-15T17:17:37Z,15ebe2df1d91e584d091d509e70a1a71,2026-09-19T19:30:00Z,Cincinnati Bearcats,Miami (OH) RedHawks,betrivers,Cincinnati Bearcats,-14.5,-113
2026-09-15T17:17:37Z,15ebe2df1d91e584d091d509e70a1a71,2026-09-19T19:30:00Z,Cincinnati Bearcats,Miami (OH) RedHawks,betrivers,Miami (OH) RedHawks,14.5,-110
2026-09-15T17:17:37Z,15ebe2df1d91e584d091d509e70a1a71,2026-09-19T19:30:00Z,Cincinnati Bearcats,Miami (OH) RedHawks,betus,Cincinnati Bearcats,-14.5,-110
2026-09-15T17:17:37Z,15ebe2df1d91e584d091d509e70a1a71,2026-09-19T19:30:00Z,Cincinnati Bearcats,Miami (OH) RedHawks,betus,Miami (OH) RedHawks,14.5,-110
2026-09-15T17:17:37Z,15ebe2df1d91e584d091d509e70a1a71,2026-09-19T19:30:00Z,Cincinnati Bearcats,Miami (OH) RedHawks,bovada,Cincinnati Bearcats,-14.5,-110
2026-09-15T17:17:37Z,15ebe2df1d91e584d091d509e70a1a71,2026-09-19T19:30:00Z,Cincinnati Bearcats,Miami (OH) RedHawks,bovada,Miami (OH) RedHawks,14.5,-110
2026-09-15T17:17:37Z,8bdb9d65119df877f2e2ec632d28fef1,2026-09-19T19:30:00Z,Washington State Cougars,Duquesne Dukes,fanduel,Duquesne Dukes,38.5,-105
2026-09-15T17:17:37Z,8bdb9d65119df877f2e2ec632d28fef1,2026-09-19T19:30:00Z,Washington State Cougars,Duquesne Dukes,fanduel,Washington State Cougars,-38.5,-115
2026-09-15T17:17:37Z,8bdb9d65119df877f2e2ec632d28fef1,2026-09-19T19:30:00Z,Washington State Cougars,Duquesne Dukes,draftkings,Duquesne Dukes,37.5,-105
2026-09-15T17:17:37Z,8bdb9d65119df877f2e2ec632d28fef1,2026-09-19T19:30:00Z,Washington State Cougars,Duquesne Dukes,draftkings,Washington State Cougars,-37.5,-115
2026-09-15T17:17:37Z,8bdb9d65119df877f2e2ec632d28fef1,2026-09-19T19:30:00Z,Washington State Cougars,Duquesne Dukes,betrivers,Duquesne Dukes,39.5,-121
2026-09-15T17:17:37Z,8bdb9d65119df877f2e2ec632d28fef1,2026-09-19T19:30:00Z,Washington State Cougars,Duquesne Dukes,betrivers,Washington State Cougars,-39.5,-103
2026-09-15T17:17:37Z,d2da9e958e6f4800929ff9411b697a4b,2026-09-19T19:30:00Z,Texas A&M Aggies,Kentucky Wildcats,fanduel,Kentucky Wildcats,16.5,-110
2026-09-15T17:17:37Z,d2da9e958e6f4800929ff9411b697a4b,2026-09-19T19:30:00Z,Texas A&M Aggies,Kentucky Wildcats,fanduel,Texas A&M Aggies,-16.5,-110
2026-09-15T17:17:37Z,d2da9e958e6f4800929ff9411b697a4b,2026-09-19T19:30:00Z,Texas A&M Aggies,Kentucky Wildcats,mybookieag,Kentucky Wildcats,17.0,-110
2026-09-15T17:17:37Z,d2da9e958e6f4800929ff9411b697a4b,2026-09-19T19:30:00Z,Texas A&M Aggies,Kentucky Wildcats,mybookieag,Texas A&M Aggies,-17.0,-110
2026-09-15T17:17:37Z,d2da9e958e6f4800929ff9411b697a4b,2026-09-19T19:30:00Z,Texas A&M Aggies,Kentucky Wildcats,draftkings,Kentucky Wildcats,16.5,-102
2026-09-15T17:17:37Z,d2da9e958e6f4800929ff9411b697a4b,2026-09-19T19:30:00Z,Texas A&M Aggies,Kentucky Wildcats,draftkings,Texas A&M Aggies,-16.5,-118
2026-09-15T17:17:37Z,d2da9e958e6f4800929ff9411b697a4b,2026-09-19T19:30:00Z,Texas A&M Aggies,Kentucky Wildcats,betmgm,Kentucky Wildcats,17.0,-118
2026-09-15T17:17:37Z,d2da9e958e6f4800929ff9411b697a4b,2026-09-19T19:30:00Z,Texas A&M Aggies,Kentucky Wildcats,betmgm,Texas A&M Aggies,-17.0,-110
2026-09-15T17:17:37Z,d2da9e958e6f4800929ff9411b697a4b,2026-09-19T19:30:00Z,Texas A&M Aggies,Kentucky Wildcats,betrivers,Kentucky Wildcats,17.0,-113
2026-09-15T17:17:37Z,d2da9e958e6f4800929ff9411b697a4b,2026-09-19T19:30:00Z,Texas A&M Aggies,Kentucky Wildcats,betrivers,Texas A&M Aggies,-17.0,-110
2026-09-15T17:17:37Z,d2da9e958e6f4800929ff9411b697a4b,2026-09-19T19:30:00Z,Texas A&M Aggies,Kentucky Wildcats,lowvig,Kentucky Wildcats,17.0,-111
2026-09-15T17:17:37Z,d2da9e958e6f4800929ff9411b697a4b,2026-09-19T19:30:00Z,Texas A&M Aggies,Kentucky Wildcats,lowvig,Texas A&M Aggies,-17.0,-101
2026-09-15T17:17:37Z,d2da9e958e6f4800929ff9411b697a4b,2026-09-19T19:30:00Z,Texas A&M Aggies,Kentucky Wildcats,betonlineag,Kentucky Wildcats,17.0,-115
2026-09-15T17:17:37Z,d2da9e958e6f4800929ff9411b697a4b,2026-09-19T19:30:00Z,Texas A&M Aggies,Kentucky Wildcats,betonlineag,Texas A&M Aggies,-17.0,-105
2026-09-15T17:17:37Z,d2da9e958e6f4800929ff9411b697a4b,2026-09-19T19:30:00Z,Texas A&M Aggies,Kentucky Wildcats,betus,Kentucky Wildcats,17.0,-115
2026-09-15T17:17:37Z,d2da9e958e6f4800929ff9411b697a4b,2026-09-19T19:30:00Z,Texas A&M Aggies,Kentucky Wildcats,betus,Texas A&M Aggies,-17.0,-105
2026-09-15T17:17:37Z,d2da9e958e6f4800929ff9411b697a4b,2026-09-19T19:30:00Z,Texas A&M Aggies,Kentucky Wildcats,bovada,Kentucky Wildcats,17.0,-115
2026-09-15T17:17:37Z,d2da9e958e6f4800929ff9411b697a4b,2026-09-19T19:30:00Z,Texas A&M Aggies,Kentucky Wildcats,bovada,Texas A&M Aggies,-17.0,-105
2026-09-15T17:17:37Z,dbcfc3184e20d1ea45e910b89585071f,2026-09-19T19:30:00Z,Louisville Cardinals,SMU Mustangs,draftkings,Louisville Cardinals,-1.5,-108
2026-09-15T17:17:37Z,dbcfc3184e20d1ea45e910b89585071f,2026-09-19T19:30:00Z,Louisville Cardinals,SMU Mustangs,draftkings,SMU Mustangs,1.5,-112
2026-09-15T17:17:37Z,dbcfc3184e20d1ea45e910b89585071f,2026-09-19T19:30:00Z,Louisville Cardinals,SMU Mustangs,mybookieag,Louisville Cardinals,-1.5,-110
2026-09-15T17:17:37Z,dbcfc3184e20d1ea45e910b89585071f,2026-09-19T19:30:00Z,Louisville Cardinals,SMU Mustangs,mybookieag,SMU Mustangs,1.5,-110
2026-09-15T17:17:37Z,dbcfc3184e20d1ea45e910b89585071f,2026-09-19T19:30:00Z,Louisville Cardinals,SMU Mustangs,fanduel,Louisville Cardinals,-2.5,-105
2026-09-15T17:17:37Z,dbcfc3184e20d1ea45e910b89585071f,2026-09-19T19:30:00Z,Louisville Cardinals,SMU Mustangs,fanduel,SMU Mustangs,2.5,-115
2026-09-15T17:17:37Z,dbcfc3184e20d1ea45e910b89585071f,2026-09-19T19:30:00Z,Louisville Cardinals,SMU Mustangs,betmgm,Louisville Cardinals,-1.5,-110
2026-09-15T17:17:37Z,dbcfc3184e20d1ea45e910b89585071f,2026-09-19T19:30:00Z,Louisville Cardinals,SMU Mustangs,betmgm,SMU Mustangs,1.5,-108
2026-09-15T17:17:37Z,dbcfc3184e20d1ea45e910b89585071f,2026-09-19T19:30:00Z,Louisville Cardinals,SMU Mustangs,betrivers,Louisville Cardinals,-2.0,-110
2026-09-15T17:17:37Z,dbcfc3184e20d1ea45e910b89585071f,2026-09-19T19:30:00Z,Louisville Cardinals,SMU Mustangs,betrivers,SMU Mustangs,2.0,-113
2026-09-15T17:17:37Z,dbcfc3184e20d1ea45e910b89585071f,2026-09-19T19:30:00Z,Louisville Cardinals,SMU Mustangs,lowvig,Louisville Cardinals,-1.5,-103
2026-09-15T17:17:37Z,dbcfc3184e20d1ea45e910b89585071f,2026-09-19T19:30:00Z,Louisville Cardinals,SMU Mustangs,lowvig,SMU Mustangs,1.5,-109
2026-09-15T17:17:37Z,dbcfc3184e20d1ea45e910b89585071f,2026-09-19T19:30:00Z,Louisville Cardinals,SMU Mustangs,betonlineag,Louisville Cardinals,-1.5,-107
2026-09-15T17:17:37Z,dbcfc3184e20d1ea45e910b89585071f,2026-09-19T19:30:00Z,Louisville Cardinals,SMU Mustangs,betonlineag,SMU Mustangs,1.5,-113
2026-09-15T17:17:37Z,dbcfc3184e20d1ea45e910b89585071f,2026-09-19T19:30:00Z,Louisville Cardinals,SMU Mustangs,betus,Louisville Cardinals,-2.0,-110
2026-09-15T17:17:37Z,dbcfc3184e20d1ea45e910b89585071f,2026-09-19T19:30:00Z,Louisville Cardinals,SMU Mustangs,betus,SMU Mustangs,2.0,-110
2026-09-15T17:17:37Z,dbcfc3184e20d1ea45e910b89585071f,2026-09-19T19:30:00Z,Louisville Cardinals,SMU Mustangs,bovada,Louisville Cardinals,-1.5,-110
2026-09-15T17:17:37Z,dbcfc3184e20d1ea45e910b89585071f,2026-09-19T19:30:00Z,Louisville Cardinals,SMU Mustangs,bovada,SMU Mustangs,1.5,-110
2026-09-15T17:17:37Z,f9b0ff34657875b54ee16b8254168159,2026-09-19T19:30:00Z,Michigan Wolverines,UTEP Miners,fanduel,Michigan Wolverines,-34.5,-118
2026-09-15T17:17:37Z,f9b0ff34657875b54ee16b8254168159,2026-09-19T19:30:00Z,Michigan Wolverines,UTEP Miners,fanduel,UTEP Miners,34.5,-104
2026-09-15T17:17:37Z,f9b0ff34657875b54ee16b8254168159,2026-09-19T19:30:00Z,Michigan Wolverines,UTEP Miners,draftkings,Michigan Wolverines,-35.5,-102
2026-09-15T17:17:37Z,f9b0ff34657875b54ee16b8254168159,2026-09-19T19:30:00Z,Michigan Wolverines,UTEP Miners,draftkings,UTEP Miners,35.5,-118
2026-09-15T17:17:37Z,f9b0ff34657875b54ee16b8254168159,2026-09-19T19:30:00Z,Michigan Wolverines,UTEP Miners,lowvig,Michigan Wolverines,-35.0,-106
2026-09-15T17:17:37Z,f9b0ff34657875b54ee16b8254168159,2026-09-19T19:30:00Z,Michigan Wolverines,UTEP Miners,lowvig,UTEP Miners,35.0,-106
2026-09-15T17:17:37Z,f9b0ff34657875b54ee16b8254168159,2026-09-19T19:30:00Z,Michigan Wolverines,UTEP Miners,betonlineag,Michigan Wolverines,-35.0,-110
2026-09-15T17:17:37Z,f9b0ff34657875b54ee16b8254168159,2026-09-19T19:30:00Z,Michigan Wolverines,UTEP Miners,betonlineag,UTEP Miners,35.0,-110
2026-09-15T17:17:37Z,f9b0ff34657875b54ee16b8254168159,2026-09-19T19:30:00Z,Michigan Wolverines,UTEP Miners,betrivers,Michigan Wolverines,-35.5,-112
2026-09-15T17:17:37Z,f9b0ff34657875b54ee16b8254168159,2026-09-19T19:30:00Z,Michigan Wolverines,UTEP Miners,betrivers,UTEP Miners,35.5,-112
2026-09-15T17:17:37Z,f9b0ff34657875b54ee16b8254168159,2026-09-19T19:30:00Z,Michigan Wolverines,UTEP Miners,betmgm,Michigan Wolverines,-35.0,-110
2026-09-15T17:17:37Z,f9b0ff34657875b54ee16b8254168159,2026-09-19T19:30:00Z,Michigan Wolverines,UTEP Miners,betmgm,UTEP Miners,35.0,-108
2026-09-15T17:17:37Z,f9b0ff34657875b54ee16b8254168159,2026-09-19T19:30:00Z,Michigan Wolverines,UTEP Miners,betus,Michigan Wolverines,-35.0,-110
2026-09-15T17:17:37Z,f9b0ff34657875b54ee16b8254168159,2026-09-19T19:30:00Z,Michigan Wolverines,UTEP Miners,betus,UTEP Miners,35.0,-110
2026-09-15T17:17:37Z,f9b0ff34657875b54ee16b8254168159,2026-09-19T19:30:00Z,Michigan Wolverines,UTEP Miners,bovada,Michigan Wolverines,-35.0,-110
2026-09-15T17:17:37Z,f9b0ff34657875b54ee16b8254168159,2026-09-19T19:30:00Z,Michigan Wolverines,UTEP Miners,bovada,UTEP Miners,35.0,-110
2026-09-15T17:17:37Z,8b31d45a11a98ec8e6a9a9a5368a1bf4,2026-09-19T19:30:00Z,Rutgers Scarlet Knights,USC Trojans,fanduel,Rutgers Scarlet Knights,23.5,-102
2026-09-15T17:17:37Z,8b31d45a11a98ec8e6a9a9a5368a1bf4,2026-09-19T19:30:00Z,Rutgers Scarlet Knights,USC Trojans,fanduel,USC Trojans,-23.5,-120
2026-09-15T17:17:37Z,8b31d45a11a98ec8e6a9a9a5368a1bf4,2026-09-19T19:30:00Z,Rutgers Scarlet Knights,USC Trojans,draftkings,Rutgers Scarlet Knights,23.5,-102
2026-09-15T17:17:37Z,8b31d45a11a98ec8e6a9a9a5368a1bf4,2026-09-19T19:30:00Z,Rutgers Scarlet Knights,USC Trojans,draftkings,USC Trojans,-23.5,-118
2026-09-15T17:17:37Z,8b31d45a11a98ec8e6a9a9a5368a1bf4,2026-09-19T19:30:00Z,Rutgers Scarlet Knights,USC Trojans,lowvig,Rutgers Scarlet Knights,24.0,-108
2026-09-15T17:17:37Z,8b31d45a11a98ec8e6a9a9a5368a1bf4,2026-09-19T19:30:00Z,Rutgers Scarlet Knights,USC Trojans,lowvig,USC Trojans,-24.0,-104
2026-09-15T17:17:37Z,8b31d45a11a98ec8e6a9a9a5368a1bf4,2026-09-19T19:30:00Z,Rutgers Scarlet Knights,USC Trojans,betonlineag,Rutgers Scarlet Knights,24.0,-112
2026-09-15T17:17:37Z,8b31d45a11a98ec8e6a9a9a5368a1bf4,2026-09-19T19:30:00Z,Rutgers Scarlet Knights,USC Trojans,betonlineag,USC Trojans,-24.0,-108
2026-09-15T17:17:37Z,8b31d45a11a98ec8e6a9a9a5368a1bf4,2026-09-19T19:30:00Z,Rutgers Scarlet Knights,USC Trojans,betrivers,Rutgers Scarlet Knights,24.5,-114
2026-09-15T17:17:37Z,8b31d45a11a98ec8e6a9a9a5368a1bf4,2026-09-19T19:30:00Z,Rutgers Scarlet Knights,USC Trojans,betrivers,USC Trojans,-24.5,-109
2026-09-15T17:17:37Z,8b31d45a11a98ec8e6a9a9a5368a1bf4,2026-09-19T19:30:00Z,Rutgers Scarlet Knights,USC Trojans,betmgm,Rutgers Scarlet Knights,24.0,-108
2026-09-15T17:17:37Z,8b31d45a11a98ec8e6a9a9a5368a1bf4,2026-09-19T19:30:00Z,Rutgers Scarlet Knights,USC Trojans,betmgm,USC Trojans,-24.0,-110
2026-09-15T17:17:37Z,8b31d45a11a98ec8e6a9a9a5368a1bf4,2026-09-19T19:30:00Z,Rutgers Scarlet Knights,USC Trojans,mybookieag,Rutgers Scarlet Knights,24.0,-110
2026-09-15T17:17:37Z,8b31d45a11a98ec8e6a9a9a5368a1bf4,2026-09-19T19:30:00Z,Rutgers Scarlet Knights,USC Trojans,mybookieag,USC Trojans,-24.0,-110
2026-09-15T17:17:37Z,8b31d45a11a98ec8e6a9a9a5368a1bf4,2026-09-19T19:30:00Z,Rutgers Scarlet Knights,USC Trojans,betus,Rutgers Scarlet Knights,24.0,-110
2026-09-15T17:17:37Z,8b31d45a11a98ec8e6a9a9a5368a1bf4,2026-09-19T19:30:00Z,Rutgers Scarlet Knights,USC Trojans,betus,USC Trojans,-24.0,-110
2026-09-15T17:17:37Z,8b31d45a11a98ec8e6a9a9a5368a1bf4,2026-09-19T19:30:00Z,Rutgers Scarlet Knights,USC Trojans,bovada,Rutgers Scarlet Knights,24.5,-120
2026-09-15T17:17:37Z,8b31d45a11a98ec8e6a9a9a5368a1bf4,2026-09-19T19:30:00Z,Rutgers Scarlet Knights,USC Trojans,bovada,USC Trojans,-24.5,100
2026-09-15T17:17:37Z,a25ab1dfd8fdb11a06a6a4b5c707d266,2026-09-19T19:30:00Z,UMass Minutemen,Stonehill Skyhawks,fanduel,Stonehill Skyhawks,33.5,-110
2026-09-15T17:17:37Z,a25ab1dfd8fdb11a06a6a4b5c707d266,2026-09-19T19:30:00Z,UMass Minutemen,Stonehill Skyhawks,fanduel,UMass Minutemen,-33.5,-110
2026-09-15T17:17:37Z,a25ab1dfd8fdb11a06a6a4b5c707d266,2026-09-19T19:30:00Z,UMass Minutemen,Stonehill Skyhawks,draftkings,Stonehill Skyhawks,33.5,-112
2026-09-15T17:17:37Z,a25ab1dfd8fdb11a06a6a4b5c707d266,2026-09-19T19:30:00Z,UMass Minutemen,Stonehill Skyhawks,draftkings,UMass Minutemen,-33.5,-108
2026-09-15T17:17:37Z,a25ab1dfd8fdb11a06a6a4b5c707d266,2026-09-19T19:30:00Z,UMass Minutemen,Stonehill Skyhawks,betrivers,Stonehill Skyhawks,33.5,-114
2026-09-15T17:17:37Z,a25ab1dfd8fdb11a06a6a4b5c707d266,2026-09-19T19:30:00Z,UMass Minutemen,Stonehill Skyhawks,betrivers,UMass Minutemen,-33.5,-109
2026-09-15T17:17:37Z,9a94b95365b9c78fbfb612ce4c859eda,2026-09-19T19:30:00Z,Utah Utes,Utah State Aggies,fanduel,Utah State Aggies,27.5,-102
2026-09-15T17:17:37Z,9a94b95365b9c78fbfb612ce4c859eda,2026-09-19T19:30:00Z,Utah Utes,Utah State Aggies,fanduel,Utah Utes,-27.5,-120
2026-09-15T17:17:37Z,9a94b95365b9c78fbfb612ce4c859eda,2026-09-19T19:30:00Z,Utah Utes,Utah State Aggies,betrivers,Utah State Aggies,28.0,-112
2026-09-15T17:17:37Z,9a94b95365b9c78fbfb612ce4c859eda,2026-09-19T19:30:00Z,Utah Utes,Utah State Aggies,betrivers,Utah Utes,-28.0,-112
2026-09-15T17:17:37Z,9a94b95365b9c78fbfb612ce4c859eda,2026-09-19T19:30:00Z,Utah Utes,Utah State Aggies,draftkings,Utah State Aggies,28.5,-118
2026-09-15T17:17:37Z,9a94b95365b9c78fbfb612ce4c859eda,2026-09-19T19:30:00Z,Utah Utes,Utah State Aggies,draftkings,Utah Utes,-28.5,-102
2026-09-15T17:17:37Z,9a94b95365b9c78fbfb612ce4c859eda,2026-09-19T19:30:00Z,Utah Utes,Utah State Aggies,betonlineag,Utah State Aggies,28.0,-110
2026-09-15T17:17:37Z,9a94b95365b9c78fbfb612ce4c859eda,2026-09-19T19:30:00Z,Utah Utes,Utah State Aggies,betonlineag,Utah Utes,-28.0,-110
2026-09-15T17:17:37Z,9a94b95365b9c78fbfb612ce4c859eda,2026-09-19T19:30:00Z,Utah Utes,Utah State Aggies,betmgm,Utah State Aggies,28.0,-110
2026-09-15T17:17:37Z,9a94b95365b9c78fbfb612ce4c859eda,2026-09-19T19:30:00Z,Utah Utes,Utah State Aggies,betmgm,Utah Utes,-28.0,-108
2026-09-15T17:17:37Z,9a94b95365b9c78fbfb612ce4c859eda,2026-09-19T19:30:00Z,Utah Utes,Utah State Aggies,mybookieag,Utah State Aggies,28.0,-110
2026-09-15T17:17:37Z,9a94b95365b9c78fbfb612ce4c859eda,2026-09-19T19:30:00Z,Utah Utes,Utah State Aggies,mybookieag,Utah Utes,-28.0,-110
2026-09-15T17:17:37Z,9a94b95365b9c78fbfb612ce4c859eda,2026-09-19T19:30:00Z,Utah Utes,Utah State Aggies,betus,Utah State Aggies,28.0,-110
2026-09-15T17:17:37Z,9a94b95365b9c78fbfb612ce4c859eda,2026-09-19T19:30:00Z,Utah Utes,Utah State Aggies,betus,Utah Utes,-28.0,-110
2026-09-15T17:17:37Z,9a94b95365b9c78fbfb612ce4c859eda,2026-09-19T19:30:00Z,Utah Utes,Utah State Aggies,bovada,Utah State Aggies,28.0,-115
2026-09-15T17:17:37Z,9a94b95365b9c78fbfb612ce4c859eda,2026-09-19T19:30:00Z,Utah Utes,Utah State Aggies,bovada,Utah Utes,-28.0,-105
2026-09-15T17:17:37Z,089e1a60578160dd6828794656461ba5,2026-09-19T20:00:00Z,Liberty Flames,Ball State Cardinals,fanduel,Ball State Cardinals,14.5,-110
2026-09-15T17:17:37Z,089e1a60578160dd6828794656461ba5,2026-09-19T20:00:00Z,Liberty Flames,Ball State Cardinals,fanduel,Liberty Flames,-14.5,-110
2026-09-15T17:17:37Z,089e1a60578160dd6828794656461ba5,2026-09-19T20:00:00Z,Liberty Flames,Ball State Cardinals,betrivers,Ball State Cardinals,14.5,-120
2026-09-15T17:17:37Z,089e1a60578160dd6828794656461ba5,2026-09-19T20:00:00Z,Liberty Flames,Ball State Cardinals,betrivers,Liberty Flames,-14.5,-105
2026-09-15T17:17:37Z,089e1a60578160dd6828794656461ba5,2026-09-19T20:00:00Z,Liberty Flames,Ball State Cardinals,draftkings,Ball State Cardinals,14.5,-115
2026-09-15T17:17:37Z,089e1a60578160dd6828794656461ba5,2026-09-19T20:00:00Z,Liberty Flames,Ball State Cardinals,draftkings,Liberty Flames,-14.5,-105
2026-09-15T17:17:37Z,089e1a60578160dd6828794656461ba5,2026-09-19T20:00:00Z,Liberty Flames,Ball State Cardinals,betonlineag,Ball State Cardinals,14.5,-110
2026-09-15T17:17:37Z,089e1a60578160dd6828794656461ba5,2026-09-19T20:00:00Z,Liberty Flames,Ball State Cardinals,betonlineag,Liberty Flames,-14.5,-110
2026-09-15T17:17:37Z,089e1a60578160dd6828794656461ba5,2026-09-19T20:00:00Z,Liberty Flames,Ball State Cardinals,lowvig,Ball State Cardinals,14.5,-106
2026-09-15T17:17:37Z,089e1a60578160dd6828794656461ba5,2026-09-19T20:00:00Z,Liberty Flames,Ball State Cardinals,lowvig,Liberty Flames,-14.5,-106
2026-09-15T17:17:37Z,089e1a60578160dd6828794656461ba5,2026-09-19T20:00:00Z,Liberty Flames,Ball State Cardinals,betmgm,Ball State Cardinals,14.5,-112
2026-09-15T17:17:37Z,089e1a60578160dd6828794656461ba5,2026-09-19T20:00:00Z,Liberty Flames,Ball State Cardinals,betmgm,Liberty Flames,-14.5,-105
2026-09-15T17:17:37Z,089e1a60578160dd6828794656461ba5,2026-09-19T20:00:00Z,Liberty Flames,Ball State Cardinals,mybookieag,Ball State Cardinals,14.5,-110
2026-09-15T17:17:37Z,089e1a60578160dd6828794656461ba5,2026-09-19T20:00:00Z,Liberty Flames,Ball State Cardinals,mybookieag,Liberty Flames,-14.5,-110
2026-09-15T17:17:37Z,089e1a60578160dd6828794656461ba5,2026-09-19T20:00:00Z,Liberty Flames,Ball State Cardinals,betus,Ball State Cardinals,14.5,-110
2026-09-15T17:17:37Z,089e1a60578160dd6828794656461ba5,2026-09-19T20:00:00Z,Liberty Flames,Ball State Cardinals,betus,Liberty Flames,-14.5,-110
2026-09-15T17:17:37Z,089e1a60578160dd6828794656461ba5,2026-09-19T20:00:00Z,Liberty Flames,Ball State Cardinals,bovada,Ball State Cardinals,14.0,-110
2026-09-15T17:17:37Z,089e1a60578160dd6828794656461ba5,2026-09-19T20:00:00Z,Liberty Flames,Ball State Cardinals,bovada,Liberty Flames,-14.0,-110
2026-09-15T17:17:37Z,790266884d07b6c2aeed8efc216ba610,2026-09-19T20:00:00Z,Baylor Bears,Louisiana Tech Bulldogs,fanduel,Baylor Bears,-18.5,-112
2026-09-15T17:17:37Z,790266884d07b6c2aeed8efc216ba610,2026-09-19T20:00:00Z,Baylor Bears,Louisiana Tech Bulldogs,fanduel,Louisiana Tech Bulldogs,18.5,-108
2026-09-15T17:17:37Z,790266884d07b6c2aeed8efc216ba610,2026-09-19T20:00:00Z,Baylor Bears,Louisiana Tech Bulldogs,draftkings,Baylor Bears,-19.5,-108
2026-09-15T17:17:37Z,790266884d07b6c2aeed8efc216ba610,2026-09-19T20:00:00Z,Baylor Bears,Louisiana Tech Bulldogs,draftkings,Louisiana Tech Bulldogs,19.5,-112
2026-09-15T17:17:37Z,790266884d07b6c2aeed8efc216ba610,2026-09-19T20:00:00Z,Baylor Bears,Louisiana Tech Bulldogs,lowvig,Baylor Bears,-19.5,-106
2026-09-15T17:17:37Z,790266884d07b6c2aeed8efc216ba610,2026-09-19T20:00:00Z,Baylor Bears,Louisiana Tech Bulldogs,lowvig,Louisiana Tech Bulldogs,19.5,-106
2026-09-15T17:17:37Z,790266884d07b6c2aeed8efc216ba610,2026-09-19T20:00:00Z,Baylor Bears,Louisiana Tech Bulldogs,betonlineag,Baylor Bears,-19.5,-110
2026-09-15T17:17:37Z,790266884d07b6c2aeed8efc216ba610,2026-09-19T20:00:00Z,Baylor Bears,Louisiana Tech Bulldogs,betonlineag,Louisiana Tech Bulldogs,19.5,-110
2026-09-15T17:17:37Z,790266884d07b6c2aeed8efc216ba610,2026-09-19T20:00:00Z,Baylor Bears,Louisiana Tech Bulldogs,betmgm,Baylor Bears,-19.0,-110
2026-09-15T17:17:37Z,790266884d07b6c2aeed8efc216ba610,2026-09-19T20:00:00Z,Baylor Bears,Louisiana Tech Bulldogs,betmgm,Louisiana Tech Bulldogs,19.0,-108
2026-09-15T17:17:37Z,790266884d07b6c2aeed8efc216ba610,2026-09-19T20:00:00Z,Baylor Bears,Louisiana Tech Bulldogs,mybookieag,Baylor Bears,-19.5,-110
2026-09-15T17:17:37Z,790266884d07b6c2aeed8efc216ba610,2026-09-19T20:00:00Z,Baylor Bears,Louisiana Tech Bulldogs,mybookieag,Louisiana Tech Bulldogs,19.5,-110
2026-09-15T17:17:37Z,790266884d07b6c2aeed8efc216ba610,2026-09-19T20:00:00Z,Baylor Bears,Louisiana Tech Bulldogs,betrivers,Baylor Bears,-19.5,106
2026-09-15T17:17:37Z,790266884d07b6c2aeed8efc216ba610,2026-09-19T20:00:00Z,Baylor Bears,Louisiana Tech Bulldogs,betrivers,Louisiana Tech Bulldogs,19.5,-132
2026-09-15T17:17:37Z,790266884d07b6c2aeed8efc216ba610,2026-09-19T20:00:00Z,Baylor Bears,Louisiana Tech Bulldogs,betus,Baylor Bears,-19.5,-110
2026-09-15T17:17:37Z,790266884d07b6c2aeed8efc216ba610,2026-09-19T20:00:00Z,Baylor Bears,Louisiana Tech Bulldogs,betus,Louisiana Tech Bulldogs,19.5,-110
2026-09-15T17:17:37Z,790266884d07b6c2aeed8efc216ba610,2026-09-19T20:00:00Z,Baylor Bears,Louisiana Tech Bulldogs,bovada,Baylor Bears,-19.5,-110
2026-09-15T17:17:37Z,790266884d07b6c2aeed8efc216ba610,2026-09-19T20:00:00Z,Baylor Bears,Louisiana Tech Bulldogs,bovada,Louisiana Tech Bulldogs,19.5,-110
2026-09-15T17:17:37Z,3c742aa7dc1c1da030846964a72de370,2026-09-19T20:00:00Z,Duke Blue Devils,Stanford Cardinal,fanduel,Duke Blue Devils,-9.5,-120
2026-09-15T17:17:37Z,3c742aa7dc1c1da030846964a72de370,2026-09-19T20:00:00Z,Duke Blue Devils,Stanford Cardinal,fanduel,Stanford Cardinal,9.5,-102
2026-09-15T17:17:37Z,3c742aa7dc1c1da030846964a72de370,2026-09-19T20:00:00Z,Duke Blue Devils,Stanford Cardinal,draftkings,Duke Blue Devils,-9.5,-112
2026-09-15T17:17:37Z,3c742aa7dc1c1da030846964a72de370,2026-09-19T20:00:00Z,Duke Blue Devils,Stanford Cardinal,draftkings,Stanford Cardinal,9.5,-108
2026-09-15T17:17:37Z,3c742aa7dc1c1da030846964a72de370,2026-09-19T20:00:00Z,Duke Blue Devils,Stanford Cardinal,lowvig,Duke Blue Devils,-9.5,-104
2026-09-15T17:17:37Z,3c742aa7dc1c1da030846964a72de370,2026-09-19T20:00:00Z,Duke Blue Devils,Stanford Cardinal,lowvig,Stanford Cardinal,9.5,-108
2026-09-15T17:17:37Z,3c742aa7dc1c1da030846964a72de370,2026-09-19T20:00:00Z,Duke Blue Devils,Stanford Cardinal,betonlineag,Duke Blue Devils,-9.5,-108
2026-09-15T17:17:37Z,3c742aa7dc1c1da030846964a72de370,2026-09-19T20:00:00Z,Duke Blue Devils,Stanford Cardinal,betonlineag,Stanford Cardinal,9.5,-112
2026-09-15T17:17:37Z,3c742aa7dc1c1da030846964a72de370,2026-09-19T20:00:00Z,Duke Blue Devils,Stanford Cardinal,betmgm,Duke Blue Devils,-9.5,-110
2026-09-15T17:17:37Z,3c742aa7dc1c1da030846964a72de370,2026-09-19T20:00:00Z,Duke Blue Devils,Stanford Cardinal,betmgm,Stanford Cardinal,9.5,-108
2026-09-15T17:17:37Z,3c742aa7dc1c1da030846964a72de370,2026-09-19T20:00:00Z,Duke Blue Devils,Stanford Cardinal,mybookieag,Duke Blue Devils,-9.5,-110
2026-09-15T17:17:37Z,3c742aa7dc1c1da030846964a72de370,2026-09-19T20:00:00Z,Duke Blue Devils,Stanford Cardinal,mybookieag,Stanford Cardinal,9.5,-110
2026-09-15T17:17:37Z,3c742aa7dc1c1da030846964a72de370,2026-09-19T20:00:00Z,Duke Blue Devils,Stanford Cardinal,betrivers,Duke Blue Devils,-9.5,-114
2026-09-15T17:17:37Z,3c742aa7dc1c1da030846964a72de370,2026-09-19T20:00:00Z,Duke Blue Devils,Stanford Cardinal,betrivers,Stanford Cardinal,9.5,-109
2026-09-15T17:17:37Z,3c742aa7dc1c1da030846964a72de370,2026-09-19T20:00:00Z,Duke Blue Devils,Stanford Cardinal,betus,Duke Blue Devils,-9.5,-110
2026-09-15T17:17:37Z,3c742aa7dc1c1da030846964a72de370,2026-09-19T20:00:00Z,Duke Blue Devils,Stanford Cardinal,betus,Stanford Cardinal,9.5,-110
2026-09-15T17:17:37Z,3c742aa7dc1c1da030846964a72de370,2026-09-19T20:00:00Z,Duke Blue Devils,Stanford Cardinal,bovada,Duke Blue Devils,-9.5,-110
2026-09-15T17:17:37Z,3c742aa7dc1c1da030846964a72de370,2026-09-19T20:00:00Z,Duke Blue Devils,Stanford Cardinal,bovada,Stanford Cardinal,9.5,-110
2026-09-15T17:17:37Z,f459decff5e212a417df01fead33b180,2026-09-19T20:00:00Z,Indiana Hoosiers,Western Kentucky Hilltoppers,draftkings,Indiana Hoosiers,-44.5,-112
2026-09-15T17:17:37Z,f459decff5e212a417df01fead33b180,2026-09-19T20:00:00Z,Indiana Hoosiers,Western Kentucky Hilltoppers,draftkings,Western Kentucky Hilltoppers,44.5,-108
2026-09-15T17:17:37Z,f459decff5e212a417df01fead33b180,2026-09-19T20:00:00Z,Indiana Hoosiers,Western Kentucky Hilltoppers,fanduel,Indiana Hoosiers,-44.5,-115
2026-09-15T17:17:37Z,f459decff5e212a417df01fead33b180,2026-09-19T20:00:00Z,Indiana Hoosiers,Western Kentucky Hilltoppers,fanduel,Western Kentucky Hilltoppers,44.5,-105
2026-09-15T17:17:37Z,f459decff5e212a417df01fead33b180,2026-09-19T20:00:00Z,Indiana Hoosiers,Western Kentucky Hilltoppers,betrivers,Indiana Hoosiers,-44.5,-112
2026-09-15T17:17:37Z,f459decff5e212a417df01fead33b180,2026-09-19T20:00:00Z,Indiana Hoosiers,Western Kentucky Hilltoppers,betrivers,Western Kentucky Hilltoppers,44.5,-112
2026-09-15T17:17:37Z,f459decff5e212a417df01fead33b180,2026-09-19T20:00:00Z,Indiana Hoosiers,Western Kentucky Hilltoppers,lowvig,Indiana Hoosiers,-44.0,-108
2026-09-15T17:17:37Z,f459decff5e212a417df01fead33b180,2026-09-19T20:00:00Z,Indiana Hoosiers,Western Kentucky Hilltoppers,lowvig,Western Kentucky Hilltoppers,44.0,-104
2026-09-15T17:17:37Z,f459decff5e212a417df01fead33b180,2026-09-19T20:00:00Z,Indiana Hoosiers,Western Kentucky Hilltoppers,betonlineag,Indiana Hoosiers,-44.0,-112
2026-09-15T17:17:37Z,f459decff5e212a417df01fead33b180,2026-09-19T20:00:00Z,Indiana Hoosiers,Western Kentucky Hilltoppers,betonlineag,Western Kentucky Hilltoppers,44.0,-108
2026-09-15T17:17:37Z,f459decff5e212a417df01fead33b180,2026-09-19T20:00:00Z,Indiana Hoosiers,Western Kentucky Hilltoppers,betus,Indiana Hoosiers,-44.5,-110
2026-09-15T17:17:37Z,f459decff5e212a417df01fead33b180,2026-09-19T20:00:00Z,Indiana Hoosiers,Western Kentucky Hilltoppers,betus,Western Kentucky Hilltoppers,44.5,-110
2026-09-15T17:17:37Z,f459decff5e212a417df01fead33b180,2026-09-19T20:00:00Z,Indiana Hoosiers,Western Kentucky Hilltoppers,bovada,Indiana Hoosiers,-44.0,-115
2026-09-15T17:17:37Z,f459decff5e212a417df01fead33b180,2026-09-19T20:00:00Z,Indiana Hoosiers,Western Kentucky Hilltoppers,bovada,Western Kentucky Hilltoppers,44.0,-105
2026-09-15T17:17:37Z,f459decff5e212a417df01fead33b180,2026-09-19T20:00:00Z,Indiana Hoosiers,Western Kentucky Hilltoppers,betmgm,Indiana Hoosiers,-44.0,-110
2026-09-15T17:17:37Z,f459decff5e212a417df01fead33b180,2026-09-19T20:00:00Z,Indiana Hoosiers,Western Kentucky Hilltoppers,betmgm,Western Kentucky Hilltoppers,44.0,-108
2026-09-15T17:17:37Z,1d773c6e9934d12970ba222e96ec4c80,2026-09-19T20:00:00Z,Iowa Hawkeyes,Northern Iowa Panthers,fanduel,Iowa Hawkeyes,-38.5,-110
2026-09-15T17:17:37Z,1d773c6e9934d12970ba222e96ec4c80,2026-09-19T20:00:00Z,Iowa Hawkeyes,Northern Iowa Panthers,fanduel,Northern Iowa Panthers,38.5,-110
2026-09-15T17:17:37Z,1d773c6e9934d12970ba222e96ec4c80,2026-09-19T20:00:00Z,Iowa Hawkeyes,Northern Iowa Panthers,betrivers,Iowa Hawkeyes,-40.5,-109
2026-09-15T17:17:37Z,1d773c6e9934d12970ba222e96ec4c80,2026-09-19T20:00:00Z,Iowa Hawkeyes,Northern Iowa Panthers,betrivers,Northern Iowa Panthers,40.5,-114
2026-09-15T17:17:37Z,1d773c6e9934d12970ba222e96ec4c80,2026-09-19T20:00:00Z,Iowa Hawkeyes,Northern Iowa Panthers,draftkings,Iowa Hawkeyes,-40.5,-108
2026-09-15T17:17:37Z,1d773c6e9934d12970ba222e96ec4c80,2026-09-19T20:00:00Z,Iowa Hawkeyes,Northern Iowa Panthers,draftkings,Northern Iowa Panthers,40.5,-112
2026-09-15T17:17:37Z,a4e7771497976db67e6a81bc3700b32f,2026-09-19T20:15:00Z,South Carolina Gamecocks,Mississippi State Bulldogs,draftkings,Mississippi State Bulldogs,4.0,-112
2026-09-15T17:17:37Z,a4e7771497976db67e6a81bc3700b32f,2026-09-19T20:15:00Z,South Carolina Gamecocks,Mississippi State Bulldogs,draftkings,South Carolina Gamecocks,-4.0,-108
2026-09-15T17:17:37Z,a4e7771497976db67e6a81bc3700b32f,2026-09-19T20:15:00Z,South Carolina Gamecocks,Mississippi State Bulldogs,fanduel,Mississippi State Bulldogs,3.5,-105
2026-09-15T17:17:37Z,a4e7771497976db67e6a81bc3700b32f,2026-09-19T20:15:00Z,South Carolina Gamecocks,Mississippi State Bulldogs,fanduel,South Carolina Gamecocks,-3.5,-115
2026-09-15T17:17:37Z,a4e7771497976db67e6a81bc3700b32f,2026-09-19T20:15:00Z,South Carolina Gamecocks,Mississippi State Bulldogs,betrivers,Mississippi State Bulldogs,3.5,-109
2026-09-15T17:17:37Z,a4e7771497976db67e6a81bc3700b32f,2026-09-19T20:15:00Z,South Carolina Gamecocks,Mississippi State Bulldogs,betrivers,South Carolina Gamecocks,-3.5,-114
2026-09-15T17:17:37Z,a4e7771497976db67e6a81bc3700b32f,2026-09-19T20:15:00Z,South Carolina Gamecocks,Mississippi State Bulldogs,lowvig,Mississippi State Bulldogs,4.0,-111
2026-09-15T17:17:37Z,a4e7771497976db67e6a81bc3700b32f,2026-09-19T20:15:00Z,South Carolina Gamecocks,Mississippi State Bulldogs,lowvig,South Carolina Gamecocks,-4.0,-101
2026-09-15T17:17:37Z,a4e7771497976db67e6a81bc3700b32f,2026-09-19T20:15:00Z,South Carolina Gamecocks,Mississippi State Bulldogs,betonlineag,Mississippi State Bulldogs,4.0,-115
2026-09-15T17:17:37Z,a4e7771497976db67e6a81bc3700b32f,2026-09-19T20:15:00Z,South Carolina Gamecocks,Mississippi State Bulldogs,betonlineag,South Carolina Gamecocks,-4.0,-105
2026-09-15T17:17:37Z,a4e7771497976db67e6a81bc3700b32f,2026-09-19T20:15:00Z,South Carolina Gamecocks,Mississippi State Bulldogs,betmgm,Mississippi State Bulldogs,4.0,-110
2026-09-15T17:17:37Z,a4e7771497976db67e6a81bc3700b32f,2026-09-19T20:15:00Z,South Carolina Gamecocks,Mississippi State Bulldogs,betmgm,South Carolina Gamecocks,-4.0,-108
2026-09-15T17:17:37Z,a4e7771497976db67e6a81bc3700b32f,2026-09-19T20:15:00Z,South Carolina Gamecocks,Mississippi State Bulldogs,mybookieag,Mississippi State Bulldogs,4.0,-110
2026-09-15T17:17:37Z,a4e7771497976db67e6a81bc3700b32f,2026-09-19T20:15:00Z,South Carolina Gamecocks,Mississippi State Bulldogs,mybookieag,South Carolina Gamecocks,-4.0,-110
2026-09-15T17:17:37Z,a4e7771497976db67e6a81bc3700b32f,2026-09-19T20:15:00Z,South Carolina Gamecocks,Mississippi State Bulldogs,betus,Mississippi State Bulldogs,4.0,-115
2026-09-15T17:17:37Z,a4e7771497976db67e6a81bc3700b32f,2026-09-19T20:15:00Z,South Carolina Gamecocks,Mississippi State Bulldogs,betus,South Carolina Gamecocks,-4.0,-105
2026-09-15T17:17:37Z,a4e7771497976db67e6a81bc3700b32f,2026-09-19T20:15:00Z,South Carolina Gamecocks,Mississippi State Bulldogs,bovada,Mississippi State Bulldogs,3.5,-110
2026-09-15T17:17:37Z,a4e7771497976db67e6a81bc3700b32f,2026-09-19T20:15:00Z,South Carolina Gamecocks,Mississippi State Bulldogs,bovada,South Carolina Gamecocks,-3.5,-110
2026-09-15T17:17:37Z,09e86b2dd47d075b2fddb3174d21b1ac,2026-09-19T20:30:00Z,UL Monroe Warhawks,Southeastern Louisiana Lions,fanduel,Southeastern Louisiana Lions,11.5,-108
2026-09-15T17:17:37Z,09e86b2dd47d075b2fddb3174d21b1ac,2026-09-19T20:30:00Z,UL Monroe Warhawks,Southeastern Louisiana Lions,fanduel,UL Monroe Warhawks,-11.5,-112
2026-09-15T17:17:37Z,09e86b2dd47d075b2fddb3174d21b1ac,2026-09-19T20:30:00Z,UL Monroe Warhawks,Southeastern Louisiana Lions,draftkings,Southeastern Louisiana Lions,10.5,-112
2026-09-15T17:17:37Z,09e86b2dd47d075b2fddb3174d21b1ac,2026-09-19T20:30:00Z,UL Monroe Warhawks,Southeastern Louisiana Lions,draftkings,UL Monroe Warhawks,-10.5,-108
2026-09-15T17:17:37Z,09e86b2dd47d075b2fddb3174d21b1ac,2026-09-19T20:30:00Z,UL Monroe Warhawks,Southeastern Louisiana Lions,betrivers,Southeastern Louisiana Lions,11.5,-113
2026-09-15T17:17:37Z,09e86b2dd47d075b2fddb3174d21b1ac,2026-09-19T20:30:00Z,UL Monroe Warhawks,Southeastern Louisiana Lions,betrivers,UL Monroe Warhawks,-11.5,-109
2026-09-15T17:17:37Z,3db3de2fb9101f01f676c1f319837667,2026-09-19T22:00:00Z,Appalachian State Mountaineers,Charlotte 49ers,draftkings,Appalachian State Mountaineers,-17.5,-110
2026-09-15T17:17:37Z,3db3de2fb9101f01f676c1f319837667,2026-09-19T22:00:00Z,Appalachian State Mountaineers,Charlotte 49ers,draftkings,Charlotte 49ers,17.5,-110
2026-09-15T17:17:37Z,3db3de2fb9101f01f676c1f319837667,2026-09-19T22:00:00Z,Appalachian State Mountaineers,Charlotte 49ers,betmgm,Appalachian State Mountaineers,-17.5,-108
2026-09-15T17:17:37Z,3db3de2fb9101f01f676c1f319837667,2026-09-19T22:00:00Z,Appalachian State Mountaineers,Charlotte 49ers,betmgm,Charlotte 49ers,17.5,-110
2026-09-15T17:17:37Z,3db3de2fb9101f01f676c1f319837667,2026-09-19T22:00:00Z,Appalachian State Mountaineers,Charlotte 49ers,lowvig,Appalachian State Mountaineers,-17.5,-101
2026-09-15T17:17:37Z,3db3de2fb9101f01f676c1f319837667,2026-09-19T22:00:00Z,Appalachian State Mountaineers,Charlotte 49ers,lowvig,Charlotte 49ers,17.5,-111
2026-09-15T17:17:37Z,3db3de2fb9101f01f676c1f319837667,2026-09-19T22:00:00Z,Appalachian State Mountaineers,Charlotte 49ers,betonlineag,Appalachian State Mountaineers,-17.5,-105
2026-09-15T17:17:37Z,3db3de2fb9101f01f676c1f319837667,2026-09-19T22:00:00Z,Appalachian State Mountaineers,Charlotte 49ers,betonlineag,Charlotte 49ers,17.5,-115
2026-09-15T17:17:37Z,3db3de2fb9101f01f676c1f319837667,2026-09-19T22:00:00Z,Appalachian State Mountaineers,Charlotte 49ers,fanduel,Appalachian State Mountaineers,-17.5,-110
2026-09-15T17:17:37Z,3db3de2fb9101f01f676c1f319837667,2026-09-19T22:00:00Z,Appalachian State Mountaineers,Charlotte 49ers,fanduel,Charlotte 49ers,17.5,-110
2026-09-15T17:17:37Z,3db3de2fb9101f01f676c1f319837667,2026-09-19T22:00:00Z,Appalachian State Mountaineers,Charlotte 49ers,mybookieag,Appalachian State Mountaineers,-17.5,-110
2026-09-15T17:17:37Z,3db3de2fb9101f01f676c1f319837667,2026-09-19T22:00:00Z,Appalachian State Mountaineers,Charlotte 49ers,mybookieag,Charlotte 49ers,17.5,-110
2026-09-15T17:17:37Z,3db3de2fb9101f01f676c1f319837667,2026-09-19T22:00:00Z,Appalachian State Mountaineers,Charlotte 49ers,betrivers,Appalachian State Mountaineers,-17.5,-113
2026-09-15T17:17:37Z,3db3de2fb9101f01f676c1f319837667,2026-09-19T22:00:00Z,Appalachian State Mountaineers,Charlotte 49ers,betrivers,Charlotte 49ers,17.5,-110
2026-09-15T17:17:37Z,3db3de2fb9101f01f676c1f319837667,2026-09-19T22:00:00Z,Appalachian State Mountaineers,Charlotte 49ers,betus,Appalachian State Mountaineers,-17.5,-110
2026-09-15T17:17:37Z,3db3de2fb9101f01f676c1f319837667,2026-09-19T22:00:00Z,Appalachian State Mountaineers,Charlotte 49ers,betus,Charlotte 49ers,17.5,-110
2026-09-15T17:17:37Z,3db3de2fb9101f01f676c1f319837667,2026-09-19T22:00:00Z,Appalachian State Mountaineers,Charlotte 49ers,bovada,Appalachian State Mountaineers,-17.5,-110
2026-09-15T17:17:37Z,3db3de2fb9101f01f676c1f319837667,2026-09-19T22:00:00Z,Appalachian State Mountaineers,Charlotte 49ers,bovada,Charlotte 49ers,17.5,-110
2026-09-15T17:17:37Z,436d9422da324c807b9d2fb50a2ef62a,2026-09-19T22:00:00Z,Old Dominion Monarchs,East Carolina Pirates,draftkings,East Carolina Pirates,3.0,-112
2026-09-15T17:17:37Z,436d9422da324c807b9d2fb50a2ef62a,2026-09-19T22:00:00Z,Old Dominion Monarchs,East Carolina Pirates,draftkings,Old Dominion Monarchs,-3.0,-108
2026-09-15T17:17:37Z,436d9422da324c807b9d2fb50a2ef62a,2026-09-19T22:00:00Z,Old Dominion Monarchs,East Carolina Pirates,betonlineag,East Carolina Pirates,3.0,-119
2026-09-15T17:17:37Z,436d9422da324c807b9d2fb50a2ef62a,2026-09-19T22:00:00Z,Old Dominion Monarchs,East Carolina Pirates,betonlineag,Old Dominion Monarchs,-3.0,-101
2026-09-15T17:17:37Z,436d9422da324c807b9d2fb50a2ef62a,2026-09-19T22:00:00Z,Old Dominion Monarchs,East Carolina Pirates,lowvig,East Carolina Pirates,3.0,-116
2026-09-15T17:17:37Z,436d9422da324c807b9d2fb50a2ef62a,2026-09-19T22:00:00Z,Old Dominion Monarchs,East Carolina Pirates,lowvig,Old Dominion Monarchs,-3.0,104
2026-09-15T17:17:37Z,436d9422da324c807b9d2fb50a2ef62a,2026-09-19T22:00:00Z,Old Dominion Monarchs,East Carolina Pirates,betmgm,East Carolina Pirates,3.0,-110
2026-09-15T17:17:37Z,436d9422da324c807b9d2fb50a2ef62a,2026-09-19T22:00:00Z,Old Dominion Monarchs,East Carolina Pirates,betmgm,Old Dominion Monarchs,-3.0,-108
2026-09-15T17:17:37Z,436d9422da324c807b9d2fb50a2ef62a,2026-09-19T22:00:00Z,Old Dominion Monarchs,East Carolina Pirates,fanduel,East Carolina Pirates,2.5,100
2026-09-15T17:17:37Z,436d9422da324c807b9d2fb50a2ef62a,2026-09-19T22:00:00Z,Old Dominion Monarchs,East Carolina Pirates,fanduel,Old Dominion Monarchs,-2.5,-122
2026-09-15T17:17:37Z,436d9422da324c807b9d2fb50a2ef62a,2026-09-19T22:00:00Z,Old Dominion Monarchs,East Carolina Pirates,mybookieag,East Carolina Pirates,3.0,-110
2026-09-15T17:17:37Z,436d9422da324c807b9d2fb50a2ef62a,2026-09-19T22:00:00Z,Old Dominion Monarchs,East Carolina Pirates,mybookieag,Old Dominion Monarchs,-3.0,-110
2026-09-15T17:17:37Z,436d9422da324c807b9d2fb50a2ef62a,2026-09-19T22:00:00Z,Old Dominion Monarchs,East Carolina Pirates,betrivers,East Carolina Pirates,3.0,-117
2026-09-15T17:17:37Z,436d9422da324c807b9d2fb50a2ef62a,2026-09-19T22:00:00Z,Old Dominion Monarchs,East Carolina Pirates,betrivers,Old Dominion Monarchs,-3.0,-106
2026-09-15T17:17:37Z,436d9422da324c807b9d2fb50a2ef62a,2026-09-19T22:00:00Z,Old Dominion Monarchs,East Carolina Pirates,betus,East Carolina Pirates,3.0,-120
2026-09-15T17:17:37Z,436d9422da324c807b9d2fb50a2ef62a,2026-09-19T22:00:00Z,Old Dominion Monarchs,East Carolina Pirates,betus,Old Dominion Monarchs,-3.0,100
2026-09-15T17:17:37Z,436d9422da324c807b9d2fb50a2ef62a,2026-09-19T22:00:00Z,Old Dominion Monarchs,East Carolina Pirates,bovada,East Carolina Pirates,3.0,-120
2026-09-15T17:17:37Z,436d9422da324c807b9d2fb50a2ef62a,2026-09-19T22:00:00Z,Old Dominion Monarchs,East Carolina Pirates,bovada,Old Dominion Monarchs,-3.0,100
2026-09-15T17:17:37Z,da4cee8b35281f4528d3dd939d42814d,2026-09-19T22:00:00Z,Florida Atlantic Owls,Florida International Panthers,fanduel,Florida Atlantic Owls,-6.5,-118
2026-09-15T17:17:37Z,da4cee8b35281f4528d3dd939d42814d,2026-09-19T22:00:00Z,Florida Atlantic Owls,Florida International Panthers,fanduel,Florida International Panthers,6.5,-104
2026-09-15T17:17:37Z,da4cee8b35281f4528d3dd939d42814d,2026-09-19T22:00:00Z,Florida Atlantic Owls,Florida International Panthers,draftkings,Florida Atlantic Owls,-7.0,-105
2026-09-15T17:17:37Z,da4cee8b35281f4528d3dd939d42814d,2026-09-19T22:00:00Z,Florida Atlantic Owls,Florida International Panthers,draftkings,Florida International Panthers,7.0,-115
2026-09-15T17:17:37Z,da4cee8b35281f4528d3dd939d42814d,2026-09-19T22:00:00Z,Florida Atlantic Owls,Florida International Panthers,lowvig,Florida Atlantic Owls,-6.5,-113
2026-09-15T17:17:37Z,da4cee8b35281f4528d3dd939d42814d,2026-09-19T22:00:00Z,Florida Atlantic Owls,Florida International Panthers,lowvig,Florida International Panthers,6.5,101
2026-09-15T17:17:37Z,da4cee8b35281f4528d3dd939d42814d,2026-09-19T22:00:00Z,Florida Atlantic Owls,Florida International Panthers,betonlineag,Florida Atlantic Owls,-6.5,-117
2026-09-15T17:17:37Z,da4cee8b35281f4528d3dd939d42814d,2026-09-19T22:00:00Z,Florida Atlantic Owls,Florida International Panthers,betonlineag,Florida International Panthers,6.5,-103
2026-09-15T17:17:37Z,da4cee8b35281f4528d3dd939d42814d,2026-09-19T22:00:00Z,Florida Atlantic Owls,Florida International Panthers,betmgm,Florida Atlantic Owls,-7.0,-105
2026-09-15T17:17:37Z,da4cee8b35281f4528d3dd939d42814d,2026-09-19T22:00:00Z,Florida Atlantic Owls,Florida International Panthers,betmgm,Florida International Panthers,7.0,-112
2026-09-15T17:17:37Z,da4cee8b35281f4528d3dd939d42814d,2026-09-19T22:00:00Z,Florida Atlantic Owls,Florida International Panthers,mybookieag,Florida Atlantic Owls,-7.0,-110
2026-09-15T17:17:37Z,da4cee8b35281f4528d3dd939d42814d,2026-09-19T22:00:00Z,Florida Atlantic Owls,Florida International Panthers,mybookieag,Florida International Panthers,7.0,-110
2026-09-15T17:17:37Z,da4cee8b35281f4528d3dd939d42814d,2026-09-19T22:00:00Z,Florida Atlantic Owls,Florida International Panthers,betrivers,Florida Atlantic Owls,-6.5,-117
2026-09-15T17:17:37Z,da4cee8b35281f4528d3dd939d42814d,2026-09-19T22:00:00Z,Florida Atlantic Owls,Florida International Panthers,betrivers,Florida International Panthers,6.5,-107
2026-09-15T17:17:37Z,da4cee8b35281f4528d3dd939d42814d,2026-09-19T22:00:00Z,Florida Atlantic Owls,Florida International Panthers,betus,Florida Atlantic Owls,-7.0,-105
2026-09-15T17:17:37Z,da4cee8b35281f4528d3dd939d42814d,2026-09-19T22:00:00Z,Florida Atlantic Owls,Florida International Panthers,betus,Florida International Panthers,7.0,-115
2026-09-15T17:17:37Z,da4cee8b35281f4528d3dd939d42814d,2026-09-19T22:00:00Z,Florida Atlantic Owls,Florida International Panthers,bovada,Florida Atlantic Owls,-7.0,-105
2026-09-15T17:17:37Z,da4cee8b35281f4528d3dd939d42814d,2026-09-19T22:00:00Z,Florida Atlantic Owls,Florida International Panthers,bovada,Florida International Panthers,7.0,-115
2026-09-15T17:17:37Z,fa9113ed354c9a40e487f5b923b4238f,2026-09-19T22:30:00Z,Missouri State Bears,Marshall Thundering Herd,draftkings,Marshall Thundering Herd,-3.5,-105
2026-09-15T17:17:37Z,fa9113ed354c9a40e487f5b923b4238f,2026-09-19T22:30:00Z,Missouri State Bears,Marshall Thundering Herd,draftkings,Missouri State Bears,3.5,-115
2026-09-15T17:17:37Z,fa9113ed354c9a40e487f5b923b4238f,2026-09-19T22:30:00Z,Missouri State Bears,Marshall Thundering Herd,betonlineag,Marshall Thundering Herd,-3.5,-108
2026-09-15T17:17:37Z,fa9113ed354c9a40e487f5b923b4238f,2026-09-19T22:30:00Z,Missouri State Bears,Marshall Thundering Herd,betonlineag,Missouri State Bears,3.5,-112
2026-09-15T17:17:37Z,fa9113ed354c9a40e487f5b923b4238f,2026-09-19T22:30:00Z,Missouri State Bears,Marshall Thundering Herd,lowvig,Marshall Thundering Herd,-3.5,-104
2026-09-15T17:17:37Z,fa9113ed354c9a40e487f5b923b4238f,2026-09-19T22:30:00Z,Missouri State Bears,Marshall Thundering Herd,lowvig,Missouri State Bears,3.5,-108
2026-09-15T17:17:37Z,fa9113ed354c9a40e487f5b923b4238f,2026-09-19T22:30:00Z,Missouri State Bears,Marshall Thundering Herd,fanduel,Marshall Thundering Herd,-3.5,-106
2026-09-15T17:17:37Z,fa9113ed354c9a40e487f5b923b4238f,2026-09-19T22:30:00Z,Missouri State Bears,Marshall Thundering Herd,fanduel,Missouri State Bears,3.5,-114
2026-09-15T17:17:37Z,fa9113ed354c9a40e487f5b923b4238f,2026-09-19T22:30:00Z,Missouri State Bears,Marshall Thundering Herd,mybookieag,Marshall Thundering Herd,-3.5,-110
2026-09-15T17:17:37Z,fa9113ed354c9a40e487f5b923b4238f,2026-09-19T22:30:00Z,Missouri State Bears,Marshall Thundering Herd,mybookieag,Missouri State Bears,3.5,-110
2026-09-15T17:17:37Z,fa9113ed354c9a40e487f5b923b4238f,2026-09-19T22:30:00Z,Missouri State Bears,Marshall Thundering Herd,betrivers,Marshall Thundering Herd,-3.5,-110
2026-09-15T17:17:37Z,fa9113ed354c9a40e487f5b923b4238f,2026-09-19T22:30:00Z,Missouri State Bears,Marshall Thundering Herd,betrivers,Missouri State Bears,3.5,-113
2026-09-15T17:17:37Z,fa9113ed354c9a40e487f5b923b4238f,2026-09-19T22:30:00Z,Missouri State Bears,Marshall Thundering Herd,betus,Marshall Thundering Herd,-3.5,-105
2026-09-15T17:17:37Z,fa9113ed354c9a40e487f5b923b4238f,2026-09-19T22:30:00Z,Missouri State Bears,Marshall Thundering Herd,betus,Missouri State Bears,3.5,-115
2026-09-15T17:17:37Z,fa9113ed354c9a40e487f5b923b4238f,2026-09-19T22:30:00Z,Missouri State Bears,Marshall Thundering Herd,bovada,Marshall Thundering Herd,-3.5,-105
2026-09-15T17:17:37Z,fa9113ed354c9a40e487f5b923b4238f,2026-09-19T22:30:00Z,Missouri State Bears,Marshall Thundering Herd,bovada,Missouri State Bears,3.5,-115
2026-09-15T17:17:37Z,fa9113ed354c9a40e487f5b923b4238f,2026-09-19T22:30:00Z,Missouri State Bears,Marshall Thundering Herd,betmgm,Marshall Thundering Herd,-3.5,-105
2026-09-15T17:17:37Z,fa9113ed354c9a40e487f5b923b4238f,2026-09-19T22:30:00Z,Missouri State Bears,Marshall Thundering Herd,betmgm,Missouri State Bears,3.5,-112
2026-09-15T17:17:37Z,7ef3b27d15de635a3e05324f2b0c56cb,2026-09-19T23:00:00Z,Auburn Tigers,Florida Gators,draftkings,Auburn Tigers,2.5,-105
2026-09-15T17:17:37Z,7ef3b27d15de635a3e05324f2b0c56cb,2026-09-19T23:00:00Z,Auburn Tigers,Florida Gators,draftkings,Florida Gators,-2.5,-115
2026-09-15T17:17:37Z,7ef3b27d15de635a3e05324f2b0c56cb,2026-09-19T23:00:00Z,Auburn Tigers,Florida Gators,mybookieag,Auburn Tigers,2.5,-110
2026-09-15T17:17:37Z,7ef3b27d15de635a3e05324f2b0c56cb,2026-09-19T23:00:00Z,Auburn Tigers,Florida Gators,mybookieag,Florida Gators,-2.5,-110
2026-09-15T17:17:37Z,7ef3b27d15de635a3e05324f2b0c56cb,2026-09-19T23:00:00Z,Auburn Tigers,Florida Gators,fanduel,Auburn Tigers,2.5,-110
2026-09-15T17:17:37Z,7ef3b27d15de635a3e05324f2b0c56cb,2026-09-19T23:00:00Z,Auburn Tigers,Florida Gators,fanduel,Florida Gators,-2.5,-110
2026-09-15T17:17:37Z,7ef3b27d15de635a3e05324f2b0c56cb,2026-09-19T23:00:00Z,Auburn Tigers,Florida Gators,betrivers,Auburn Tigers,2.5,-108
2026-09-15T17:17:37Z,7ef3b27d15de635a3e05324f2b0c56cb,2026-09-19T23:00:00Z,Auburn Tigers,Florida Gators,betrivers,Florida Gators,-2.5,-115
2026-09-15T17:17:37Z,7ef3b27d15de635a3e05324f2b0c56cb,2026-09-19T23:00:00Z,Auburn Tigers,Florida Gators,lowvig,Auburn Tigers,2.5,-106
2026-09-15T17:17:37Z,7ef3b27d15de635a3e05324f2b0c56cb,2026-09-19T23:00:00Z,Auburn Tigers,Florida Gators,lowvig,Florida Gators,-2.5,-106
2026-09-15T17:17:37Z,7ef3b27d15de635a3e05324f2b0c56cb,2026-09-19T23:00:00Z,Auburn Tigers,Florida Gators,betonlineag,Auburn Tigers,2.5,-110
2026-09-15T17:17:37Z,7ef3b27d15de635a3e05324f2b0c56cb,2026-09-19T23:00:00Z,Auburn Tigers,Florida Gators,betonlineag,Florida Gators,-2.5,-110
2026-09-15T17:17:37Z,7ef3b27d15de635a3e05324f2b0c56cb,2026-09-19T23:00:00Z,Auburn Tigers,Florida Gators,betmgm,Auburn Tigers,2.5,-108
2026-09-15T17:17:37Z,7ef3b27d15de635a3e05324f2b0c56cb,2026-09-19T23:00:00Z,Auburn Tigers,Florida Gators,betmgm,Florida Gators,-2.5,-110
2026-09-15T17:17:37Z,7ef3b27d15de635a3e05324f2b0c56cb,2026-09-19T23:00:00Z,Auburn Tigers,Florida Gators,betus,Auburn Tigers,2.5,-110
2026-09-15T17:17:37Z,7ef3b27d15de635a3e05324f2b0c56cb,2026-09-19T23:00:00Z,Auburn Tigers,Florida Gators,betus,Florida Gators,-2.5,-110
2026-09-15T17:17:37Z,7ef3b27d15de635a3e05324f2b0c56cb,2026-09-19T23:00:00Z,Auburn Tigers,Florida Gators,bovada,Auburn Tigers,2.5,-110
2026-09-15T17:17:37Z,7ef3b27d15de635a3e05324f2b0c56cb,2026-09-19T23:00:00Z,Auburn Tigers,Florida Gators,bovada,Florida Gators,-2.5,-110
2026-09-15T17:17:37Z,d72de7a6a2387f86edc530bbe90a7664,2026-09-19T23:00:00Z,South Florida Bulls,Delaware State Hornets,fanduel,Delaware State Hornets,37.5,-114
2026-09-15T17:17:37Z,d72de7a6a2387f86edc530bbe90a7664,2026-09-19T23:00:00Z,South Florida Bulls,Delaware State Hornets,fanduel,South Florida Bulls,-37.5,-106
2026-09-15T17:17:37Z,d72de7a6a2387f86edc530bbe90a7664,2026-09-19T23:00:00Z,South Florida Bulls,Delaware State Hornets,betrivers,Delaware State Hornets,37.5,-113
2026-09-15T17:17:37Z,d72de7a6a2387f86edc530bbe90a7664,2026-09-19T23:00:00Z,South Florida Bulls,Delaware State Hornets,betrivers,South Florida Bulls,-37.5,-110
2026-09-15T17:17:37Z,d72de7a6a2387f86edc530bbe90a7664,2026-09-19T23:00:00Z,South Florida Bulls,Delaware State Hornets,draftkings,Delaware State Hornets,36.5,-110
2026-09-15T17:17:37Z,d72de7a6a2387f86edc530bbe90a7664,2026-09-19T23:00:00Z,South Florida Bulls,Delaware State Hornets,draftkings,South Florida Bulls,-36.5,-110
2026-09-15T17:17:37Z,60c8d1fde1467bde9f2a20b5d4cb7c90,2026-09-19T23:00:00Z,Jacksonville State Gamecocks,Georgia Southern Eagles,draftkings,Georgia Southern Eagles,3.0,102
2026-09-15T17:17:37Z,60c8d1fde1467bde9f2a20b5d4cb7c90,2026-09-19T23:00:00Z,Jacksonville State Gamecocks,Georgia Southern Eagles,draftkings,Jacksonville State Gamecocks,-3.0,-122
2026-09-15T17:17:37Z,60c8d1fde1467bde9f2a20b5d4cb7c90,2026-09-19T23:00:00Z,Jacksonville State Gamecocks,Georgia Southern Eagles,lowvig,Georgia Southern Eagles,3.0,104
2026-09-15T17:17:37Z,60c8d1fde1467bde9f2a20b5d4cb7c90,2026-09-19T23:00:00Z,Jacksonville State Gamecocks,Georgia Southern Eagles,lowvig,Jacksonville State Gamecocks,-3.0,-116
2026-09-15T17:17:37Z,60c8d1fde1467bde9f2a20b5d4cb7c90,2026-09-19T23:00:00Z,Jacksonville State Gamecocks,Georgia Southern Eagles,betonlineag,Georgia Southern Eagles,3.0,100
2026-09-15T17:17:37Z,60c8d1fde1467bde9f2a20b5d4cb7c90,2026-09-19T23:00:00Z,Jacksonville State Gamecocks,Georgia Southern Eagles,betonlineag,Jacksonville State Gamecocks,-3.0,-120
2026-09-15T17:17:37Z,60c8d1fde1467bde9f2a20b5d4cb7c90,2026-09-19T23:00:00Z,Jacksonville State Gamecocks,Georgia Southern Eagles,betmgm,Georgia Southern Eagles,3.5,-112
2026-09-15T17:17:37Z,60c8d1fde1467bde9f2a20b5d4cb7c90,2026-09-19T23:00:00Z,Jacksonville State Gamecocks,Georgia Southern Eagles,betmgm,Jacksonville State Gamecocks,-3.5,-105
2026-09-15T17:17:37Z,60c8d1fde1467bde9f2a20b5d4cb7c90,2026-09-19T23:00:00Z,Jacksonville State Gamecocks,Georgia Southern Eagles,mybookieag,Georgia Southern Eagles,3.5,-110
2026-09-15T17:17:37Z,60c8d1fde1467bde9f2a20b5d4cb7c90,2026-09-19T23:00:00Z,Jacksonville State Gamecocks,Georgia Southern Eagles,mybookieag,Jacksonville State Gamecocks,-3.5,-110
2026-09-15T17:17:37Z,60c8d1fde1467bde9f2a20b5d4cb7c90,2026-09-19T23:00:00Z,Jacksonville State Gamecocks,Georgia Southern Eagles,fanduel,Georgia Southern Eagles,3.5,-115
2026-09-15T17:17:37Z,60c8d1fde1467bde9f2a20b5d4cb7c90,2026-09-19T23:00:00Z,Jacksonville State Gamecocks,Georgia Southern Eagles,fanduel,Jacksonville State Gamecocks,-3.5,-105
2026-09-15T17:17:37Z,60c8d1fde1467bde9f2a20b5d4cb7c90,2026-09-19T23:00:00Z,Jacksonville State Gamecocks,Georgia Southern Eagles,betrivers,Georgia Southern Eagles,3.0,-112
2026-09-15T17:17:37Z,60c8d1fde1467bde9f2a20b5d4cb7c90,2026-09-19T23:00:00Z,Jacksonville State Gamecocks,Georgia Southern Eagles,betrivers,Jacksonville State Gamecocks,-3.0,-112
2026-09-15T17:17:37Z,60c8d1fde1467bde9f2a20b5d4cb7c90,2026-09-19T23:00:00Z,Jacksonville State Gamecocks,Georgia Southern Eagles,betus,Georgia Southern Eagles,3.0,-105
2026-09-15T17:17:37Z,60c8d1fde1467bde9f2a20b5d4cb7c90,2026-09-19T23:00:00Z,Jacksonville State Gamecocks,Georgia Southern Eagles,betus,Jacksonville State Gamecocks,-3.0,-115
2026-09-15T17:17:37Z,60c8d1fde1467bde9f2a20b5d4cb7c90,2026-09-19T23:00:00Z,Jacksonville State Gamecocks,Georgia Southern Eagles,bovada,Georgia Southern Eagles,3.0,-105
2026-09-15T17:17:37Z,60c8d1fde1467bde9f2a20b5d4cb7c90,2026-09-19T23:00:00Z,Jacksonville State Gamecocks,Georgia Southern Eagles,bovada,Jacksonville State Gamecocks,-3.0,-115
2026-09-15T17:17:37Z,4a9e833f32775e201ee648c51840df85,2026-09-19T23:00:00Z,UCF Knights,Georgia State Panthers,fanduel,Georgia State Panthers,18.5,-110
2026-09-15T17:17:37Z,4a9e833f32775e201ee648c51840df85,2026-09-19T23:00:00Z,UCF Knights,Georgia State Panthers,fanduel,UCF Knights,-18.5,-110
2026-09-15T17:17:37Z,4a9e833f32775e201ee648c51840df85,2026-09-19T23:00:00Z,UCF Knights,Georgia State Panthers,draftkings,Georgia State Panthers,18.5,-108
2026-09-15T17:17:37Z,4a9e833f32775e201ee648c51840df85,2026-09-19T23:00:00Z,UCF Knights,Georgia State Panthers,draftkings,UCF Knights,-18.5,-112
2026-09-15T17:17:37Z,4a9e833f32775e201ee648c51840df85,2026-09-19T23:00:00Z,UCF Knights,Georgia State Panthers,lowvig,Georgia State Panthers,18.5,-106
2026-09-15T17:17:37Z,4a9e833f32775e201ee648c51840df85,2026-09-19T23:00:00Z,UCF Knights,Georgia State Panthers,lowvig,UCF Knights,-18.5,-106
2026-09-15T17:17:37Z,4a9e833f32775e201ee648c51840df85,2026-09-19T23:00:00Z,UCF Knights,Georgia State Panthers,betonlineag,Georgia State Panthers,18.5,-110
2026-09-15T17:17:37Z,4a9e833f32775e201ee648c51840df85,2026-09-19T23:00:00Z,UCF Knights,Georgia State Panthers,betonlineag,UCF Knights,-18.5,-110
2026-09-15T17:17:37Z,4a9e833f32775e201ee648c51840df85,2026-09-19T23:00:00Z,UCF Knights,Georgia State Panthers,betmgm,Georgia State Panthers,18.5,-110
2026-09-15T17:17:37Z,4a9e833f32775e201ee648c51840df85,2026-09-19T23:00:00Z,UCF Knights,Georgia State Panthers,betmgm,UCF Knights,-18.5,-108
2026-09-15T17:17:37Z,4a9e833f32775e201ee648c51840df85,2026-09-19T23:00:00Z,UCF Knights,Georgia State Panthers,mybookieag,Georgia State Panthers,18.5,-110
2026-09-15T17:17:37Z,4a9e833f32775e201ee648c51840df85,2026-09-19T23:00:00Z,UCF Knights,Georgia State Panthers,mybookieag,UCF Knights,-18.5,-110
2026-09-15T17:17:37Z,4a9e833f32775e201ee648c51840df85,2026-09-19T23:00:00Z,UCF Knights,Georgia State Panthers,betrivers,Georgia State Panthers,18.0,-112
2026-09-15T17:17:37Z,4a9e833f32775e201ee648c51840df85,2026-09-19T23:00:00Z,UCF Knights,Georgia State Panthers,betrivers,UCF Knights,-18.0,-112
2026-09-15T17:17:37Z,4a9e833f32775e201ee648c51840df85,2026-09-19T23:00:00Z,UCF Knights,Georgia State Panthers,betus,Georgia State Panthers,18.5,-110
2026-09-15T17:17:37Z,4a9e833f32775e201ee648c51840df85,2026-09-19T23:00:00Z,UCF Knights,Georgia State Panthers,betus,UCF Knights,-18.5,-110
2026-09-15T17:17:37Z,4a9e833f32775e201ee648c51840df85,2026-09-19T23:00:00Z,UCF Knights,Georgia State Panthers,bovada,Georgia State Panthers,18.5,-110
2026-09-15T17:17:37Z,4a9e833f32775e201ee648c51840df85,2026-09-19T23:00:00Z,UCF Knights,Georgia State Panthers,bovada,UCF Knights,-18.5,-110
2026-09-15T17:17:37Z,36bb6ea150432c9958bd533c49b06f23,2026-09-19T23:00:00Z,Memphis Tigers,UT Martin Skyhawks,fanduel,Memphis Tigers,-34.5,-105
2026-09-15T17:17:37Z,36bb6ea150432c9958bd533c49b06f23,2026-09-19T23:00:00Z,Memphis Tigers,UT Martin Skyhawks,fanduel,UT Martin Skyhawks,34.5,-115
2026-09-15T17:17:37Z,36bb6ea150432c9958bd533c49b06f23,2026-09-19T23:00:00Z,Memphis Tigers,UT Martin Skyhawks,betrivers,Memphis Tigers,-35.0,-113
2026-09-15T17:17:37Z,36bb6ea150432c9958bd533c49b06f23,2026-09-19T23:00:00Z,Memphis Tigers,UT Martin Skyhawks,betrivers,UT Martin Skyhawks,35.0,-110
2026-09-15T17:17:37Z,36bb6ea150432c9958bd533c49b06f23,2026-09-19T23:00:00Z,Memphis Tigers,UT Martin Skyhawks,draftkings,Memphis Tigers,-34.5,-110
2026-09-15T17:17:37Z,36bb6ea150432c9958bd533c49b06f23,2026-09-19T23:00:00Z,Memphis Tigers,UT Martin Skyhawks,draftkings,UT Martin Skyhawks,34.5,-110
2026-09-15T17:17:37Z,b8810f15896c1fbe1ca25054585612f0,2026-09-19T23:00:00Z,Middle Tennessee Blue Raiders,Nevada Wolf Pack,draftkings,Middle Tennessee Blue Raiders,3.5,-108
2026-09-15T17:17:37Z,b8810f15896c1fbe1ca25054585612f0,2026-09-19T23:00:00Z,Middle Tennessee Blue Raiders,Nevada Wolf Pack,draftkings,Nevada Wolf Pack,-3.5,-112
2026-09-15T17:17:37Z,b8810f15896c1fbe1ca25054585612f0,2026-09-19T23:00:00Z,Middle Tennessee Blue Raiders,Nevada Wolf Pack,betmgm,Middle Tennessee Blue Raiders,3.5,-105
2026-09-15T17:17:37Z,b8810f15896c1fbe1ca25054585612f0,2026-09-19T23:00:00Z,Middle Tennessee Blue Raiders,Nevada Wolf Pack,betmgm,Nevada Wolf Pack,-3.5,-112
2026-09-15T17:17:37Z,b8810f15896c1fbe1ca25054585612f0,2026-09-19T23:00:00Z,Middle Tennessee Blue Raiders,Nevada Wolf Pack,lowvig,Middle Tennessee Blue Raiders,4.0,-112
2026-09-15T17:17:37Z,b8810f15896c1fbe1ca25054585612f0,2026-09-19T23:00:00Z,Middle Tennessee Blue Raiders,Nevada Wolf Pack,lowvig,Nevada Wolf Pack,-4.0,100
2026-09-15T17:17:37Z,b8810f15896c1fbe1ca25054585612f0,2026-09-19T23:00:00Z,Middle Tennessee Blue Raiders,Nevada Wolf Pack,betonlineag,Middle Tennessee Blue Raiders,4.0,-116
2026-09-15T17:17:37Z,b8810f15896c1fbe1ca25054585612f0,2026-09-19T23:00:00Z,Middle Tennessee Blue Raiders,Nevada Wolf Pack,betonlineag,Nevada Wolf Pack,-4.0,-104
2026-09-15T17:17:37Z,b8810f15896c1fbe1ca25054585612f0,2026-09-19T23:00:00Z,Middle Tennessee Blue Raiders,Nevada Wolf Pack,mybookieag,Middle Tennessee Blue Raiders,3.5,-110
2026-09-15T17:17:37Z,b8810f15896c1fbe1ca25054585612f0,2026-09-19T23:00:00Z,Middle Tennessee Blue Raiders,Nevada Wolf Pack,mybookieag,Nevada Wolf Pack,-3.5,-110
2026-09-15T17:17:37Z,b8810f15896c1fbe1ca25054585612f0,2026-09-19T23:00:00Z,Middle Tennessee Blue Raiders,Nevada Wolf Pack,fanduel,Middle Tennessee Blue Raiders,3.5,-110
2026-09-15T17:17:37Z,b8810f15896c1fbe1ca25054585612f0,2026-09-19T23:00:00Z,Middle Tennessee Blue Raiders,Nevada Wolf Pack,fanduel,Nevada Wolf Pack,-3.5,-110
2026-09-15T17:17:37Z,b8810f15896c1fbe1ca25054585612f0,2026-09-19T23:00:00Z,Middle Tennessee Blue Raiders,Nevada Wolf Pack,betrivers,Middle Tennessee Blue Raiders,3.5,-109
2026-09-15T17:17:37Z,b8810f15896c1fbe1ca25054585612f0,2026-09-19T23:00:00Z,Middle Tennessee Blue Raiders,Nevada Wolf Pack,betrivers,Nevada Wolf Pack,-3.5,-114
2026-09-15T17:17:37Z,b8810f15896c1fbe1ca25054585612f0,2026-09-19T23:00:00Z,Middle Tennessee Blue Raiders,Nevada Wolf Pack,betus,Middle Tennessee Blue Raiders,3.5,-110
2026-09-15T17:17:37Z,b8810f15896c1fbe1ca25054585612f0,2026-09-19T23:00:00Z,Middle Tennessee Blue Raiders,Nevada Wolf Pack,betus,Nevada Wolf Pack,-3.5,-110
2026-09-15T17:17:37Z,b8810f15896c1fbe1ca25054585612f0,2026-09-19T23:00:00Z,Middle Tennessee Blue Raiders,Nevada Wolf Pack,bovada,Middle Tennessee Blue Raiders,4.0,-115
2026-09-15T17:17:37Z,b8810f15896c1fbe1ca25054585612f0,2026-09-19T23:00:00Z,Middle Tennessee Blue Raiders,Nevada Wolf Pack,bovada,Nevada Wolf Pack,-4.0,-105
2026-09-15T17:17:37Z,69164d1b806f25a76cdb6268e19d4365,2026-09-19T23:00:00Z,Missouri Tigers,Troy Trojans,draftkings,Missouri Tigers,-26.5,-112
2026-09-15T17:17:37Z,69164d1b806f25a76cdb6268e19d4365,2026-09-19T23:00:00Z,Missouri Tigers,Troy Trojans,draftkings,Troy Trojans,26.5,-108
2026-09-15T17:17:37Z,69164d1b806f25a76cdb6268e19d4365,2026-09-19T23:00:00Z,Missouri Tigers,Troy Trojans,lowvig,Missouri Tigers,-27.0,-101
2026-09-15T17:17:37Z,69164d1b806f25a76cdb6268e19d4365,2026-09-19T23:00:00Z,Missouri Tigers,Troy Trojans,lowvig,Troy Trojans,27.0,-111
2026-09-15T17:17:37Z,69164d1b806f25a76cdb6268e19d4365,2026-09-19T23:00:00Z,Missouri Tigers,Troy Trojans,betonlineag,Missouri Tigers,-27.0,-105
2026-09-15T17:17:37Z,69164d1b806f25a76cdb6268e19d4365,2026-09-19T23:00:00Z,Missouri Tigers,Troy Trojans,betonlineag,Troy Trojans,27.0,-115
2026-09-15T17:17:37Z,69164d1b806f25a76cdb6268e19d4365,2026-09-19T23:00:00Z,Missouri Tigers,Troy Trojans,betmgm,Missouri Tigers,-27.0,-105
2026-09-15T17:17:37Z,69164d1b806f25a76cdb6268e19d4365,2026-09-19T23:00:00Z,Missouri Tigers,Troy Trojans,betmgm,Troy Trojans,27.0,-112
2026-09-15T17:17:37Z,69164d1b806f25a76cdb6268e19d4365,2026-09-19T23:00:00Z,Missouri Tigers,Troy Trojans,mybookieag,Missouri Tigers,-26.5,-110
2026-09-15T17:17:37Z,69164d1b806f25a76cdb6268e19d4365,2026-09-19T23:00:00Z,Missouri Tigers,Troy Trojans,mybookieag,Troy Trojans,26.5,-110
2026-09-15T17:17:37Z,69164d1b806f25a76cdb6268e19d4365,2026-09-19T23:00:00Z,Missouri Tigers,Troy Trojans,fanduel,Missouri Tigers,-26.5,-110
2026-09-15T17:17:37Z,69164d1b806f25a76cdb6268e19d4365,2026-09-19T23:00:00Z,Missouri Tigers,Troy Trojans,fanduel,Troy Trojans,26.5,-110
2026-09-15T17:17:37Z,69164d1b806f25a76cdb6268e19d4365,2026-09-19T23:00:00Z,Missouri Tigers,Troy Trojans,betrivers,Missouri Tigers,-26.5,-110
2026-09-15T17:17:37Z,69164d1b806f25a76cdb6268e19d4365,2026-09-19T23:00:00Z,Missouri Tigers,Troy Trojans,betrivers,Troy Trojans,26.5,-113
2026-09-15T17:17:37Z,69164d1b806f25a76cdb6268e19d4365,2026-09-19T23:00:00Z,Missouri Tigers,Troy Trojans,betus,Missouri Tigers,-27.0,-105
2026-09-15T17:17:37Z,69164d1b806f25a76cdb6268e19d4365,2026-09-19T23:00:00Z,Missouri Tigers,Troy Trojans,betus,Troy Trojans,27.0,-115
2026-09-15T17:17:37Z,69164d1b806f25a76cdb6268e19d4365,2026-09-19T23:00:00Z,Missouri Tigers,Troy Trojans,bovada,Missouri Tigers,-27.0,-110
2026-09-15T17:17:37Z,69164d1b806f25a76cdb6268e19d4365,2026-09-19T23:00:00Z,Missouri Tigers,Troy Trojans,bovada,Troy Trojans,27.0,-110
2026-09-15T17:17:37Z,6c41bd5edc806bb66ae3038c8bfa3df0,2026-09-19T23:00:00Z,Oklahoma State Cowboys,Murray State Racers,fanduel,Murray State Racers,55.5,-110
2026-09-15T17:17:37Z,6c41bd5edc806bb66ae3038c8bfa3df0,2026-09-19T23:00:00Z,Oklahoma State Cowboys,Murray State Racers,fanduel,Oklahoma State Cowboys,-55.5,-110
2026-09-15T17:17:37Z,6c41bd5edc806bb66ae3038c8bfa3df0,2026-09-19T23:00:00Z,Oklahoma State Cowboys,Murray State Racers,betrivers,Murray State Racers,55.5,-110
2026-09-15T17:17:37Z,6c41bd5edc806bb66ae3038c8bfa3df0,2026-09-19T23:00:00Z,Oklahoma State Cowboys,Murray State Racers,betrivers,Oklahoma State Cowboys,-55.5,-113
2026-09-15T17:17:37Z,6c41bd5edc806bb66ae3038c8bfa3df0,2026-09-19T23:00:00Z,Oklahoma State Cowboys,Murray State Racers,draftkings,Murray State Racers,56.5,-112
2026-09-15T17:17:37Z,6c41bd5edc806bb66ae3038c8bfa3df0,2026-09-19T23:00:00Z,Oklahoma State Cowboys,Murray State Racers,draftkings,Oklahoma State Cowboys,-56.5,-108
2026-09-15T17:17:37Z,0ce2e66203e1c66f3f2687fdccd37408,2026-09-19T23:00:00Z,Sam Houston State Bearkats,Nicholls State Colonels,fanduel,Nicholls State Colonels,18.5,-110
2026-09-15T17:17:37Z,0ce2e66203e1c66f3f2687fdccd37408,2026-09-19T23:00:00Z,Sam Houston State Bearkats,Nicholls State Colonels,fanduel,Sam Houston State Bearkats,-18.5,-110
2026-09-15T17:17:37Z,0ce2e66203e1c66f3f2687fdccd37408,2026-09-19T23:00:00Z,Sam Houston State Bearkats,Nicholls State Colonels,draftkings,Nicholls State Colonels,17.5,-115
2026-09-15T17:17:37Z,0ce2e66203e1c66f3f2687fdccd37408,2026-09-19T23:00:00Z,Sam Houston State Bearkats,Nicholls State Colonels,draftkings,Sam Houston State Bearkats,-17.5,-105
2026-09-15T17:17:37Z,bcc250cd218a520bcd287c120644ba05,2026-09-19T23:00:00Z,South Alabama Jaguars,Ohio Bobcats,draftkings,Ohio Bobcats,5.5,-110
2026-09-15T17:17:37Z,bcc250cd218a520bcd287c120644ba05,2026-09-19T23:00:00Z,South Alabama Jaguars,Ohio Bobcats,draftkings,South Alabama Jaguars,-5.5,-110
2026-09-15T17:17:37Z,bcc250cd218a520bcd287c120644ba05,2026-09-19T23:00:00Z,South Alabama Jaguars,Ohio Bobcats,lowvig,Ohio Bobcats,5.5,-108
2026-09-15T17:17:37Z,bcc250cd218a520bcd287c120644ba05,2026-09-19T23:00:00Z,South Alabama Jaguars,Ohio Bobcats,lowvig,South Alabama Jaguars,-5.5,-104
2026-09-15T17:17:37Z,bcc250cd218a520bcd287c120644ba05,2026-09-19T23:00:00Z,South Alabama Jaguars,Ohio Bobcats,betonlineag,Ohio Bobcats,5.5,-112
2026-09-15T17:17:37Z,bcc250cd218a520bcd287c120644ba05,2026-09-19T23:00:00Z,South Alabama Jaguars,Ohio Bobcats,betonlineag,South Alabama Jaguars,-5.5,-108
2026-09-15T17:17:37Z,bcc250cd218a520bcd287c120644ba05,2026-09-19T23:00:00Z,South Alabama Jaguars,Ohio Bobcats,betmgm,Ohio Bobcats,5.5,-108
2026-09-15T17:17:37Z,bcc250cd218a520bcd287c120644ba05,2026-09-19T23:00:00Z,South Alabama Jaguars,Ohio Bobcats,betmgm,South Alabama Jaguars,-5.5,-110
2026-09-15T17:17:37Z,bcc250cd218a520bcd287c120644ba05,2026-09-19T23:00:00Z,South Alabama Jaguars,Ohio Bobcats,mybookieag,Ohio Bobcats,5.5,-110
2026-09-15T17:17:37Z,bcc250cd218a520bcd287c120644ba05,2026-09-19T23:00:00Z,South Alabama Jaguars,Ohio Bobcats,mybookieag,South Alabama Jaguars,-5.5,-110
2026-09-15T17:17:37Z,bcc250cd218a520bcd287c120644ba05,2026-09-19T23:00:00Z,South Alabama Jaguars,Ohio Bobcats,fanduel,Ohio Bobcats,5.5,-110
2026-09-15T17:17:37Z,bcc250cd218a520bcd287c120644ba05,2026-09-19T23:00:00Z,South Alabama Jaguars,Ohio Bobcats,fanduel,South Alabama Jaguars,-5.5,-110
2026-09-15T17:17:37Z,bcc250cd218a520bcd287c120644ba05,2026-09-19T23:00:00Z,South Alabama Jaguars,Ohio Bobcats,betrivers,Ohio Bobcats,5.5,-110
2026-09-15T17:17:37Z,bcc250cd218a520bcd287c120644ba05,2026-09-19T23:00:00Z,South Alabama Jaguars,Ohio Bobcats,betrivers,South Alabama Jaguars,-5.5,-113
2026-09-15T17:17:37Z,bcc250cd218a520bcd287c120644ba05,2026-09-19T23:00:00Z,South Alabama Jaguars,Ohio Bobcats,betus,Ohio Bobcats,5.5,-110
2026-09-15T17:17:37Z,bcc250cd218a520bcd287c120644ba05,2026-09-19T23:00:00Z,South Alabama Jaguars,Ohio Bobcats,betus,South Alabama Jaguars,-5.5,-110
2026-09-15T17:17:37Z,bcc250cd218a520bcd287c120644ba05,2026-09-19T23:00:00Z,South Alabama Jaguars,Ohio Bobcats,bovada,Ohio Bobcats,5.5,-110
2026-09-15T17:17:37Z,bcc250cd218a520bcd287c120644ba05,2026-09-19T23:00:00Z,South Alabama Jaguars,Ohio Bobcats,bovada,South Alabama Jaguars,-5.5,-110
2026-09-15T17:17:37Z,be8b2e012b50c86775a87bb633e330e6,2026-09-19T23:00:00Z,Rice Owls,Western Michigan Broncos,fanduel,Rice Owls,9.5,-106
2026-09-15T17:17:37Z,be8b2e012b50c86775a87bb633e330e6,2026-09-19T23:00:00Z,Rice Owls,Western Michigan Broncos,fanduel,Western Michigan Broncos,-9.5,-114
2026-09-15T17:17:37Z,be8b2e012b50c86775a87bb633e330e6,2026-09-19T23:00:00Z,Rice Owls,Western Michigan Broncos,draftkings,Rice Owls,9.5,-105
2026-09-15T17:17:37Z,be8b2e012b50c86775a87bb633e330e6,2026-09-19T23:00:00Z,Rice Owls,Western Michigan Broncos,draftkings,Western Michigan Broncos,-9.5,-115
2026-09-15T17:17:37Z,be8b2e012b50c86775a87bb633e330e6,2026-09-19T23:00:00Z,Rice Owls,Western Michigan Broncos,betonlineag,Rice Owls,9.5,-107
2026-09-15T17:17:37Z,be8b2e012b50c86775a87bb633e330e6,2026-09-19T23:00:00Z,Rice Owls,Western Michigan Broncos,betonlineag,Western Michigan Broncos,-9.5,-113
2026-09-15T17:17:37Z,be8b2e012b50c86775a87bb633e330e6,2026-09-19T23:00:00Z,Rice Owls,Western Michigan Broncos,lowvig,Rice Owls,9.5,-103
2026-09-15T17:17:37Z,be8b2e012b50c86775a87bb633e330e6,2026-09-19T23:00:00Z,Rice Owls,Western Michigan Broncos,lowvig,Western Michigan Broncos,-9.5,-109
2026-09-15T17:17:37Z,be8b2e012b50c86775a87bb633e330e6,2026-09-19T23:00:00Z,Rice Owls,Western Michigan Broncos,betmgm,Rice Owls,9.5,-105
2026-09-15T17:17:37Z,be8b2e012b50c86775a87bb633e330e6,2026-09-19T23:00:00Z,Rice Owls,Western Michigan Broncos,betmgm,Western Michigan Broncos,-9.5,-112
2026-09-15T17:17:37Z,be8b2e012b50c86775a87bb633e330e6,2026-09-19T23:00:00Z,Rice Owls,Western Michigan Broncos,mybookieag,Rice Owls,9.5,-110
2026-09-15T17:17:37Z,be8b2e012b50c86775a87bb633e330e6,2026-09-19T23:00:00Z,Rice Owls,Western Michigan Broncos,mybookieag,Western Michigan Broncos,-9.5,-110
2026-09-15T17:17:37Z,be8b2e012b50c86775a87bb633e330e6,2026-09-19T23:00:00Z,Rice Owls,Western Michigan Broncos,betrivers,Rice Owls,10.0,-114
2026-09-15T17:17:37Z,be8b2e012b50c86775a87bb633e330e6,2026-09-19T23:00:00Z,Rice Owls,Western Michigan Broncos,betrivers,Western Michigan Broncos,-10.0,-109
2026-09-15T17:17:37Z,be8b2e012b50c86775a87bb633e330e6,2026-09-19T23:00:00Z,Rice Owls,Western Michigan Broncos,betus,Rice Owls,9.5,-105
2026-09-15T17:17:37Z,be8b2e012b50c86775a87bb633e330e6,2026-09-19T23:00:00Z,Rice Owls,Western Michigan Broncos,betus,Western Michigan Broncos,-9.5,-115
2026-09-15T17:17:37Z,be8b2e012b50c86775a87bb633e330e6,2026-09-19T23:00:00Z,Rice Owls,Western Michigan Broncos,bovada,Rice Owls,9.5,-105
2026-09-15T17:17:37Z,be8b2e012b50c86775a87bb633e330e6,2026-09-19T23:00:00Z,Rice Owls,Western Michigan Broncos,bovada,Western Michigan Broncos,-9.5,-115
2026-09-15T17:17:37Z,1088ecb8a4c34880f9fb0b9274a8d3e4,2026-09-19T23:00:00Z,Southern Mississippi Golden Eagles,UConn Huskies,draftkings,Southern Mississippi Golden Eagles,3.0,-105
2026-09-15T17:17:37Z,1088ecb8a4c34880f9fb0b9274a8d3e4,2026-09-19T23:00:00Z,Southern Mississippi Golden Eagles,UConn Huskies,draftkings,UConn Huskies,-3.0,-115
2026-09-15T17:17:37Z,1088ecb8a4c34880f9fb0b9274a8d3e4,2026-09-19T23:00:00Z,Southern Mississippi Golden Eagles,UConn Huskies,lowvig,Southern Mississippi Golden Eagles,3.0,100
2026-09-15T17:17:37Z,1088ecb8a4c34880f9fb0b9274a8d3e4,2026-09-19T23:00:00Z,Southern Mississippi Golden Eagles,UConn Huskies,lowvig,UConn Huskies,-3.0,-112
2026-09-15T17:17:37Z,1088ecb8a4c34880f9fb0b9274a8d3e4,2026-09-19T23:00:00Z,Southern Mississippi Golden Eagles,UConn Huskies,betonlineag,Southern Mississippi Golden Eagles,3.0,-104
2026-09-15T17:17:37Z,1088ecb8a4c34880f9fb0b9274a8d3e4,2026-09-19T23:00:00Z,Southern Mississippi Golden Eagles,UConn Huskies,betonlineag,UConn Huskies,-3.0,-116
2026-09-15T17:17:37Z,1088ecb8a4c34880f9fb0b9274a8d3e4,2026-09-19T23:00:00Z,Southern Mississippi Golden Eagles,UConn Huskies,betmgm,Southern Mississippi Golden Eagles,3.0,-105
2026-09-15T17:17:37Z,1088ecb8a4c34880f9fb0b9274a8d3e4,2026-09-19T23:00:00Z,Southern Mississippi Golden Eagles,UConn Huskies,betmgm,UConn Huskies,-3.0,-115
2026-09-15T17:17:37Z,1088ecb8a4c34880f9fb0b9274a8d3e4,2026-09-19T23:00:00Z,Southern Mississippi Golden Eagles,UConn Huskies,mybookieag,Southern Mississippi Golden Eagles,3.0,-105
2026-09-15T17:17:37Z,1088ecb8a4c34880f9fb0b9274a8d3e4,2026-09-19T23:00:00Z,Southern Mississippi Golden Eagles,UConn Huskies,mybookieag,UConn Huskies,-3.0,-115
2026-09-15T17:17:37Z,1088ecb8a4c34880f9fb0b9274a8d3e4,2026-09-19T23:00:00Z,Southern Mississippi Golden Eagles,UConn Huskies,fanduel,Southern Mississippi Golden Eagles,3.5,-120
2026-09-15T17:17:37Z,1088ecb8a4c34880f9fb0b9274a8d3e4,2026-09-19T23:00:00Z,Southern Mississippi Golden Eagles,UConn Huskies,fanduel,UConn Huskies,-3.5,-102
2026-09-15T17:17:37Z,1088ecb8a4c34880f9fb0b9274a8d3e4,2026-09-19T23:00:00Z,Southern Mississippi Golden Eagles,UConn Huskies,betrivers,Southern Mississippi Golden Eagles,3.5,-115
2026-09-15T17:17:37Z,1088ecb8a4c34880f9fb0b9274a8d3e4,2026-09-19T23:00:00Z,Southern Mississippi Golden Eagles,UConn Huskies,betrivers,UConn Huskies,-3.5,-108
2026-09-15T17:17:37Z,1088ecb8a4c34880f9fb0b9274a8d3e4,2026-09-19T23:00:00Z,Southern Mississippi Golden Eagles,UConn Huskies,betus,Southern Mississippi Golden Eagles,3.0,-105
2026-09-15T17:17:37Z,1088ecb8a4c34880f9fb0b9274a8d3e4,2026-09-19T23:00:00Z,Southern Mississippi Golden Eagles,UConn Huskies,betus,UConn Huskies,-3.0,-115
2026-09-15T17:17:37Z,1088ecb8a4c34880f9fb0b9274a8d3e4,2026-09-19T23:00:00Z,Southern Mississippi Golden Eagles,UConn Huskies,bovada,Southern Mississippi Golden Eagles,3.0,-105
2026-09-15T17:17:37Z,1088ecb8a4c34880f9fb0b9274a8d3e4,2026-09-19T23:00:00Z,Southern Mississippi Golden Eagles,UConn Huskies,bovada,UConn Huskies,-3.0,-115
2026-09-15T17:17:37Z,e68b359be33a1855ff582d9dde87faac,2026-09-19T23:15:00Z,Washington Huskies,Eastern Washington Eagles,fanduel,Eastern Washington Eagles,42.5,-110
2026-09-15T17:17:37Z,e68b359be33a1855ff582d9dde87faac,2026-09-19T23:15:00Z,Washington Huskies,Eastern Washington Eagles,fanduel,Washington Huskies,-42.5,-110
2026-09-15T17:17:37Z,e68b359be33a1855ff582d9dde87faac,2026-09-19T23:15:00Z,Washington Huskies,Eastern Washington Eagles,betrivers,Eastern Washington Eagles,43.0,-110
2026-09-15T17:17:37Z,e68b359be33a1855ff582d9dde87faac,2026-09-19T23:15:00Z,Washington Huskies,Eastern Washington Eagles,betrivers,Washington Huskies,-43.0,-113
2026-09-15T17:17:37Z,e68b359be33a1855ff582d9dde87faac,2026-09-19T23:15:00Z,Washington Huskies,Eastern Washington Eagles,draftkings,Eastern Washington Eagles,42.5,-108
2026-09-15T17:17:37Z,e68b359be33a1855ff582d9dde87faac,2026-09-19T23:15:00Z,Washington Huskies,Eastern Washington Eagles,draftkings,Washington Huskies,-42.5,-112
2026-09-15T17:17:37Z,55699549855efd1bed7b9d6ae1c7aded,2026-09-19T23:15:00Z,Nebraska Cornhuskers,North Dakota Fighting Hawks,fanduel,Nebraska Cornhuskers,-24.5,-110
2026-09-15T17:17:37Z,55699549855efd1bed7b9d6ae1c7aded,2026-09-19T23:15:00Z,Nebraska Cornhuskers,North Dakota Fighting Hawks,fanduel,North Dakota Fighting Hawks,24.5,-110
2026-09-15T17:17:37Z,55699549855efd1bed7b9d6ae1c7aded,2026-09-19T23:15:00Z,Nebraska Cornhuskers,North Dakota Fighting Hawks,betrivers,Nebraska Cornhuskers,-24.5,-112
2026-09-15T17:17:37Z,55699549855efd1bed7b9d6ae1c7aded,2026-09-19T23:15:00Z,Nebraska Cornhuskers,North Dakota Fighting Hawks,betrivers,North Dakota Fighting Hawks,24.5,-112
2026-09-15T17:17:37Z,55699549855efd1bed7b9d6ae1c7aded,2026-09-19T23:15:00Z,Nebraska Cornhuskers,North Dakota Fighting Hawks,draftkings,Nebraska Cornhuskers,-24.5,-105
2026-09-15T17:17:37Z,55699549855efd1bed7b9d6ae1c7aded,2026-09-19T23:15:00Z,Nebraska Cornhuskers,North Dakota Fighting Hawks,draftkings,North Dakota Fighting Hawks,24.5,-115
2026-09-15T17:17:37Z,d3b7a8be0f6c9e50f7afd4005990228b,2026-09-19T23:30:00Z,Colorado State Rams,BYU Cougars,fanduel,BYU Cougars,-17.5,-118
2026-09-15T17:17:37Z,d3b7a8be0f6c9e50f7afd4005990228b,2026-09-19T23:30:00Z,Colorado State Rams,BYU Cougars,fanduel,Colorado State Rams,17.5,-104
2026-09-15T17:17:37Z,d3b7a8be0f6c9e50f7afd4005990228b,2026-09-19T23:30:00Z,Colorado State Rams,BYU Cougars,draftkings,BYU Cougars,-17.5,-115
2026-09-15T17:17:37Z,d3b7a8be0f6c9e50f7afd4005990228b,2026-09-19T23:30:00Z,Colorado State Rams,BYU Cougars,draftkings,Colorado State Rams,17.5,-105
2026-09-15T17:17:37Z,d3b7a8be0f6c9e50f7afd4005990228b,2026-09-19T23:30:00Z,Colorado State Rams,BYU Cougars,betonlineag,BYU Cougars,-18.0,-105
2026-09-15T17:17:37Z,d3b7a8be0f6c9e50f7afd4005990228b,2026-09-19T23:30:00Z,Colorado State Rams,BYU Cougars,betonlineag,Colorado State Rams,18.0,-115
2026-09-15T17:17:37Z,d3b7a8be0f6c9e50f7afd4005990228b,2026-09-19T23:30:00Z,Colorado State Rams,BYU Cougars,lowvig,BYU Cougars,-18.0,-101
2026-09-15T17:17:37Z,d3b7a8be0f6c9e50f7afd4005990228b,2026-09-19T23:30:00Z,Colorado State Rams,BYU Cougars,lowvig,Colorado State Rams,18.0,-111
2026-09-15T17:17:37Z,d3b7a8be0f6c9e50f7afd4005990228b,2026-09-19T23:30:00Z,Colorado State Rams,BYU Cougars,betmgm,BYU Cougars,-18.0,-105
2026-09-15T17:17:37Z,d3b7a8be0f6c9e50f7afd4005990228b,2026-09-19T23:30:00Z,Colorado State Rams,BYU Cougars,betmgm,Colorado State Rams,18.0,-112
2026-09-15T17:17:37Z,d3b7a8be0f6c9e50f7afd4005990228b,2026-09-19T23:30:00Z,Colorado State Rams,BYU Cougars,mybookieag,BYU Cougars,-18.0,-110
2026-09-15T17:17:37Z,d3b7a8be0f6c9e50f7afd4005990228b,2026-09-19T23:30:00Z,Colorado State Rams,BYU Cougars,mybookieag,Colorado State Rams,18.0,-110
2026-09-15T17:17:37Z,d3b7a8be0f6c9e50f7afd4005990228b,2026-09-19T23:30:00Z,Colorado State Rams,BYU Cougars,betrivers,BYU Cougars,-18.0,-112
2026-09-15T17:17:37Z,d3b7a8be0f6c9e50f7afd4005990228b,2026-09-19T23:30:00Z,Colorado State Rams,BYU Cougars,betrivers,Colorado State Rams,18.0,-112
2026-09-15T17:17:37Z,d3b7a8be0f6c9e50f7afd4005990228b,2026-09-19T23:30:00Z,Colorado State Rams,BYU Cougars,betus,BYU Cougars,-18.0,-105
2026-09-15T17:17:37Z,d3b7a8be0f6c9e50f7afd4005990228b,2026-09-19T23:30:00Z,Colorado State Rams,BYU Cougars,betus,Colorado State Rams,18.0,-115
2026-09-15T17:17:37Z,d3b7a8be0f6c9e50f7afd4005990228b,2026-09-19T23:30:00Z,Colorado State Rams,BYU Cougars,bovada,BYU Cougars,-17.5,-105
2026-09-15T17:17:37Z,d3b7a8be0f6c9e50f7afd4005990228b,2026-09-19T23:30:00Z,Colorado State Rams,BYU Cougars,bovada,Colorado State Rams,17.5,-115
2026-09-15T17:17:37Z,03297aa8a399c223aa1cc6aa923d9bc6,2026-09-19T23:30:00Z,Northwestern Wildcats,Colorado Buffaloes,fanduel,Colorado Buffaloes,3.5,-110
2026-09-15T17:17:37Z,03297aa8a399c223aa1cc6aa923d9bc6,2026-09-19T23:30:00Z,Northwestern Wildcats,Colorado Buffaloes,fanduel,Northwestern Wildcats,-3.5,-110
2026-09-15T17:17:37Z,03297aa8a399c223aa1cc6aa923d9bc6,2026-09-19T23:30:00Z,Northwestern Wildcats,Colorado Buffaloes,draftkings,Colorado Buffaloes,3.5,-105
2026-09-15T17:17:37Z,03297aa8a399c223aa1cc6aa923d9bc6,2026-09-19T23:30:00Z,Northwestern Wildcats,Colorado Buffaloes,draftkings,Northwestern Wildcats,-3.5,-115
2026-09-15T17:17:37Z,03297aa8a399c223aa1cc6aa923d9bc6,2026-09-19T23:30:00Z,Northwestern Wildcats,Colorado Buffaloes,lowvig,Colorado Buffaloes,4.0,-111
2026-09-15T17:17:37Z,03297aa8a399c223aa1cc6aa923d9bc6,2026-09-19T23:30:00Z,Northwestern Wildcats,Colorado Buffaloes,lowvig,Northwestern Wildcats,-4.0,-101
2026-09-15T17:17:37Z,03297aa8a399c223aa1cc6aa923d9bc6,2026-09-19T23:30:00Z,Northwestern Wildcats,Colorado Buffaloes,betonlineag,Colorado Buffaloes,4.0,-115
2026-09-15T17:17:37Z,03297aa8a399c223aa1cc6aa923d9bc6,2026-09-19T23:30:00Z,Northwestern Wildcats,Colorado Buffaloes,betonlineag,Northwestern Wildcats,-4.0,-105
2026-09-15T17:17:37Z,03297aa8a399c223aa1cc6aa923d9bc6,2026-09-19T23:30:00Z,Northwestern Wildcats,Colorado Buffaloes,betmgm,Colorado Buffaloes,3.5,-108
2026-09-15T17:17:37Z,03297aa8a399c223aa1cc6aa923d9bc6,2026-09-19T23:30:00Z,Northwestern Wildcats,Colorado Buffaloes,betmgm,Northwestern Wildcats,-3.5,-112
2026-09-15T17:17:37Z,03297aa8a399c223aa1cc6aa923d9bc6,2026-09-19T23:30:00Z,Northwestern Wildcats,Colorado Buffaloes,mybookieag,Colorado Buffaloes,3.5,-110
2026-09-15T17:17:37Z,03297aa8a399c223aa1cc6aa923d9bc6,2026-09-19T23:30:00Z,Northwestern Wildcats,Colorado Buffaloes,mybookieag,Northwestern Wildcats,-3.5,-110
2026-09-15T17:17:37Z,03297aa8a399c223aa1cc6aa923d9bc6,2026-09-19T23:30:00Z,Northwestern Wildcats,Colorado Buffaloes,betrivers,Colorado Buffaloes,3.5,-108
2026-09-15T17:17:37Z,03297aa8a399c223aa1cc6aa923d9bc6,2026-09-19T23:30:00Z,Northwestern Wildcats,Colorado Buffaloes,betrivers,Northwestern Wildcats,-3.5,-114
2026-09-15T17:17:37Z,03297aa8a399c223aa1cc6aa923d9bc6,2026-09-19T23:30:00Z,Northwestern Wildcats,Colorado Buffaloes,betus,Colorado Buffaloes,3.5,-105
2026-09-15T17:17:37Z,03297aa8a399c223aa1cc6aa923d9bc6,2026-09-19T23:30:00Z,Northwestern Wildcats,Colorado Buffaloes,betus,Northwestern Wildcats,-3.5,-115
2026-09-15T17:17:37Z,03297aa8a399c223aa1cc6aa923d9bc6,2026-09-19T23:30:00Z,Northwestern Wildcats,Colorado Buffaloes,bovada,Colorado Buffaloes,3.5,-105
2026-09-15T17:17:37Z,03297aa8a399c223aa1cc6aa923d9bc6,2026-09-19T23:30:00Z,Northwestern Wildcats,Colorado Buffaloes,bovada,Northwestern Wildcats,-3.5,-115
2026-09-15T17:17:37Z,65571f1cab1a260aae4a220e38dbbc1d,2026-09-19T23:30:00Z,Ole Miss Rebels,LSU Tigers,fanduel,LSU Tigers,-2.5,-122
2026-09-15T17:17:37Z,65571f1cab1a260aae4a220e38dbbc1d,2026-09-19T23:30:00Z,Ole Miss Rebels,LSU Tigers,fanduel,Ole Miss Rebels,2.5,100
2026-09-15T17:17:37Z,65571f1cab1a260aae4a220e38dbbc1d,2026-09-19T23:30:00Z,Ole Miss Rebels,LSU Tigers,betmgm,LSU Tigers,-3.0,-108
2026-09-15T17:17:37Z,65571f1cab1a260aae4a220e38dbbc1d,2026-09-19T23:30:00Z,Ole Miss Rebels,LSU Tigers,betmgm,Ole Miss Rebels,3.0,-110
2026-09-15T17:17:37Z,65571f1cab1a260aae4a220e38dbbc1d,2026-09-19T23:30:00Z,Ole Miss Rebels,LSU Tigers,draftkings,LSU Tigers,-3.0,-110
2026-09-15T17:17:37Z,65571f1cab1a260aae4a220e38dbbc1d,2026-09-19T23:30:00Z,Ole Miss Rebels,LSU Tigers,draftkings,Ole Miss Rebels,3.0,-110
2026-09-15T17:17:37Z,65571f1cab1a260aae4a220e38dbbc1d,2026-09-19T23:30:00Z,Ole Miss Rebels,LSU Tigers,mybookieag,LSU Tigers,-3.0,-110
2026-09-15T17:17:37Z,65571f1cab1a260aae4a220e38dbbc1d,2026-09-19T23:30:00Z,Ole Miss Rebels,LSU Tigers,mybookieag,Ole Miss Rebels,3.0,-110
2026-09-15T17:17:37Z,65571f1cab1a260aae4a220e38dbbc1d,2026-09-19T23:30:00Z,Ole Miss Rebels,LSU Tigers,betrivers,LSU Tigers,-3.0,-112
2026-09-15T17:17:37Z,65571f1cab1a260aae4a220e38dbbc1d,2026-09-19T23:30:00Z,Ole Miss Rebels,LSU Tigers,betrivers,Ole Miss Rebels,3.0,-112
2026-09-15T17:17:37Z,65571f1cab1a260aae4a220e38dbbc1d,2026-09-19T23:30:00Z,Ole Miss Rebels,LSU Tigers,betonlineag,LSU Tigers,-3.0,-110
2026-09-15T17:17:37Z,65571f1cab1a260aae4a220e38dbbc1d,2026-09-19T23:30:00Z,Ole Miss Rebels,LSU Tigers,betonlineag,Ole Miss Rebels,3.0,-110
2026-09-15T17:17:37Z,65571f1cab1a260aae4a220e38dbbc1d,2026-09-19T23:30:00Z,Ole Miss Rebels,LSU Tigers,betus,LSU Tigers,-3.0,-110
2026-09-15T17:17:37Z,65571f1cab1a260aae4a220e38dbbc1d,2026-09-19T23:30:00Z,Ole Miss Rebels,LSU Tigers,betus,Ole Miss Rebels,3.0,-110
2026-09-15T17:17:37Z,65571f1cab1a260aae4a220e38dbbc1d,2026-09-19T23:30:00Z,Ole Miss Rebels,LSU Tigers,bovada,LSU Tigers,-3.0,-110
2026-09-15T17:17:37Z,65571f1cab1a260aae4a220e38dbbc1d,2026-09-19T23:30:00Z,Ole Miss Rebels,LSU Tigers,bovada,Ole Miss Rebels,3.0,-110
2026-09-15T17:17:37Z,b7cdc05f280bede1f19b996cc9b95753,2026-09-19T23:30:00Z,Maryland Terrapins,Virginia Tech Hokies,draftkings,Maryland Terrapins,3.0,-115
2026-09-15T17:17:37Z,b7cdc05f280bede1f19b996cc9b95753,2026-09-19T23:30:00Z,Maryland Terrapins,Virginia Tech Hokies,draftkings,Virginia Tech Hokies,-3.0,-105
2026-09-15T17:17:37Z,b7cdc05f280bede1f19b996cc9b95753,2026-09-19T23:30:00Z,Maryland Terrapins,Virginia Tech Hokies,fanduel,Maryland Terrapins,3.5,-124
2026-09-15T17:17:37Z,b7cdc05f280bede1f19b996cc9b95753,2026-09-19T23:30:00Z,Maryland Terrapins,Virginia Tech Hokies,fanduel,Virginia Tech Hokies,-3.5,102
2026-09-15T17:17:37Z,b7cdc05f280bede1f19b996cc9b95753,2026-09-19T23:30:00Z,Maryland Terrapins,Virginia Tech Hokies,betrivers,Maryland Terrapins,3.0,-112
2026-09-15T17:17:37Z,b7cdc05f280bede1f19b996cc9b95753,2026-09-19T23:30:00Z,Maryland Terrapins,Virginia Tech Hokies,betrivers,Virginia Tech Hokies,-3.0,-112
2026-09-15T17:17:37Z,b7cdc05f280bede1f19b996cc9b95753,2026-09-19T23:30:00Z,Maryland Terrapins,Virginia Tech Hokies,lowvig,Maryland Terrapins,3.0,-111
2026-09-15T17:17:37Z,b7cdc05f280bede1f19b996cc9b95753,2026-09-19T23:30:00Z,Maryland Terrapins,Virginia Tech Hokies,lowvig,Virginia Tech Hokies,-3.0,-101
2026-09-15T17:17:37Z,b7cdc05f280bede1f19b996cc9b95753,2026-09-19T23:30:00Z,Maryland Terrapins,Virginia Tech Hokies,betonlineag,Maryland Terrapins,3.0,-115
2026-09-15T17:17:37Z,b7cdc05f280bede1f19b996cc9b95753,2026-09-19T23:30:00Z,Maryland Terrapins,Virginia Tech Hokies,betonlineag,Virginia Tech Hokies,-3.0,-105
2026-09-15T17:17:37Z,b7cdc05f280bede1f19b996cc9b95753,2026-09-19T23:30:00Z,Maryland Terrapins,Virginia Tech Hokies,betmgm,Maryland Terrapins,3.0,-110
2026-09-15T17:17:37Z,b7cdc05f280bede1f19b996cc9b95753,2026-09-19T23:30:00Z,Maryland Terrapins,Virginia Tech Hokies,betmgm,Virginia Tech Hokies,-3.0,-108
2026-09-15T17:17:37Z,b7cdc05f280bede1f19b996cc9b95753,2026-09-19T23:30:00Z,Maryland Terrapins,Virginia Tech Hokies,mybookieag,Maryland Terrapins,3.0,-110
2026-09-15T17:17:37Z,b7cdc05f280bede1f19b996cc9b95753,2026-09-19T23:30:00Z,Maryland Terrapins,Virginia Tech Hokies,mybookieag,Virginia Tech Hokies,-3.0,-110
2026-09-15T17:17:37Z,b7cdc05f280bede1f19b996cc9b95753,2026-09-19T23:30:00Z,Maryland Terrapins,Virginia Tech Hokies,betus,Maryland Terrapins,3.0,-115
2026-09-15T17:17:37Z,b7cdc05f280bede1f19b996cc9b95753,2026-09-19T23:30:00Z,Maryland Terrapins,Virginia Tech Hokies,betus,Virginia Tech Hokies,-3.0,-105
2026-09-15T17:17:37Z,b7cdc05f280bede1f19b996cc9b95753,2026-09-19T23:30:00Z,Maryland Terrapins,Virginia Tech Hokies,bovada,Maryland Terrapins,3.0,-115
2026-09-15T17:17:37Z,b7cdc05f280bede1f19b996cc9b95753,2026-09-19T23:30:00Z,Maryland Terrapins,Virginia Tech Hokies,bovada,Virginia Tech Hokies,-3.0,-105
2026-09-15T17:17:37Z,7e3b8cd721f0817d0a6c3111221e8a91,2026-09-19T23:30:00Z,Notre Dame Fighting Irish,Michigan State Spartans,fanduel,Michigan State Spartans,29.5,-110
2026-09-15T17:17:37Z,7e3b8cd721f0817d0a6c3111221e8a91,2026-09-19T23:30:00Z,Notre Dame Fighting Irish,Michigan State Spartans,fanduel,Notre Dame Fighting Irish,-29.5,-110
2026-09-15T17:17:37Z,7e3b8cd721f0817d0a6c3111221e8a91,2026-09-19T23:30:00Z,Notre Dame Fighting Irish,Michigan State Spartans,draftkings,Michigan State Spartans,29.5,-110
2026-09-15T17:17:37Z,7e3b8cd721f0817d0a6c3111221e8a91,2026-09-19T23:30:00Z,Notre Dame Fighting Irish,Michigan State Spartans,draftkings,Notre Dame Fighting Irish,-29.5,-110
2026-09-15T17:17:37Z,7e3b8cd721f0817d0a6c3111221e8a91,2026-09-19T23:30:00Z,Notre Dame Fighting Irish,Michigan State Spartans,betmgm,Michigan State Spartans,29.5,-110
2026-09-15T17:17:37Z,7e3b8cd721f0817d0a6c3111221e8a91,2026-09-19T23:30:00Z,Notre Dame Fighting Irish,Michigan State Spartans,betmgm,Notre Dame Fighting Irish,-29.5,-108
2026-09-15T17:17:37Z,7e3b8cd721f0817d0a6c3111221e8a91,2026-09-19T23:30:00Z,Notre Dame Fighting Irish,Michigan State Spartans,betrivers,Michigan State Spartans,30.0,-112
2026-09-15T17:17:37Z,7e3b8cd721f0817d0a6c3111221e8a91,2026-09-19T23:30:00Z,Notre Dame Fighting Irish,Michigan State Spartans,betrivers,Notre Dame Fighting Irish,-30.0,-112
2026-09-15T17:17:37Z,7e3b8cd721f0817d0a6c3111221e8a91,2026-09-19T23:30:00Z,Notre Dame Fighting Irish,Michigan State Spartans,lowvig,Michigan State Spartans,29.0,-101
2026-09-15T17:17:37Z,7e3b8cd721f0817d0a6c3111221e8a91,2026-09-19T23:30:00Z,Notre Dame Fighting Irish,Michigan State Spartans,lowvig,Notre Dame Fighting Irish,-29.0,-111
2026-09-15T17:17:37Z,7e3b8cd721f0817d0a6c3111221e8a91,2026-09-19T23:30:00Z,Notre Dame Fighting Irish,Michigan State Spartans,betonlineag,Michigan State Spartans,29.0,-105
2026-09-15T17:17:37Z,7e3b8cd721f0817d0a6c3111221e8a91,2026-09-19T23:30:00Z,Notre Dame Fighting Irish,Michigan State Spartans,betonlineag,Notre Dame Fighting Irish,-29.0,-115
2026-09-15T17:17:37Z,7e3b8cd721f0817d0a6c3111221e8a91,2026-09-19T23:30:00Z,Notre Dame Fighting Irish,Michigan State Spartans,mybookieag,Michigan State Spartans,29.0,-110
2026-09-15T17:17:37Z,7e3b8cd721f0817d0a6c3111221e8a91,2026-09-19T23:30:00Z,Notre Dame Fighting Irish,Michigan State Spartans,mybookieag,Notre Dame Fighting Irish,-29.0,-110
2026-09-15T17:17:37Z,7e3b8cd721f0817d0a6c3111221e8a91,2026-09-19T23:30:00Z,Notre Dame Fighting Irish,Michigan State Spartans,betus,Michigan State Spartans,29.0,-105
2026-09-15T17:17:37Z,7e3b8cd721f0817d0a6c3111221e8a91,2026-09-19T23:30:00Z,Notre Dame Fighting Irish,Michigan State Spartans,betus,Notre Dame Fighting Irish,-29.0,-115
2026-09-15T17:17:37Z,7e3b8cd721f0817d0a6c3111221e8a91,2026-09-19T23:30:00Z,Notre Dame Fighting Irish,Michigan State Spartans,bovada,Michigan State Spartans,30.0,-115
2026-09-15T17:17:37Z,7e3b8cd721f0817d0a6c3111221e8a91,2026-09-19T23:30:00Z,Notre Dame Fighting Irish,Michigan State Spartans,bovada,Notre Dame Fighting Irish,-30.0,-105
2026-09-15T17:17:37Z,47892b65c28a830d83bbe465b070ce01,2026-09-19T23:30:00Z,Oklahoma Sooners,New Mexico Lobos,fanduel,New Mexico Lobos,22.5,-110
2026-09-15T17:17:37Z,47892b65c28a830d83bbe465b070ce01,2026-09-19T23:30:00Z,Oklahoma Sooners,New Mexico Lobos,fanduel,Oklahoma Sooners,-22.5,-110
2026-09-15T17:17:37Z,47892b65c28a830d83bbe465b070ce01,2026-09-19T23:30:00Z,Oklahoma Sooners,New Mexico Lobos,draftkings,New Mexico Lobos,22.5,-108
2026-09-15T17:17:37Z,47892b65c28a830d83bbe465b070ce01,2026-09-19T23:30:00Z,Oklahoma Sooners,New Mexico Lobos,draftkings,Oklahoma Sooners,-22.5,-112
2026-09-15T17:17:37Z,47892b65c28a830d83bbe465b070ce01,2026-09-19T23:30:00Z,Oklahoma Sooners,New Mexico Lobos,lowvig,New Mexico Lobos,21.5,-101
2026-09-15T17:17:37Z,47892b65c28a830d83bbe465b070ce01,2026-09-19T23:30:00Z,Oklahoma Sooners,New Mexico Lobos,lowvig,Oklahoma Sooners,-21.5,-111
2026-09-15T17:17:37Z,47892b65c28a830d83bbe465b070ce01,2026-09-19T23:30:00Z,Oklahoma Sooners,New Mexico Lobos,betonlineag,New Mexico Lobos,21.5,-105
2026-09-15T17:17:37Z,47892b65c28a830d83bbe465b070ce01,2026-09-19T23:30:00Z,Oklahoma Sooners,New Mexico Lobos,betonlineag,Oklahoma Sooners,-21.5,-115
2026-09-15T17:17:37Z,47892b65c28a830d83bbe465b070ce01,2026-09-19T23:30:00Z,Oklahoma Sooners,New Mexico Lobos,betmgm,New Mexico Lobos,22.5,-110
2026-09-15T17:17:37Z,47892b65c28a830d83bbe465b070ce01,2026-09-19T23:30:00Z,Oklahoma Sooners,New Mexico Lobos,betmgm,Oklahoma Sooners,-22.5,-108
2026-09-15T17:17:37Z,47892b65c28a830d83bbe465b070ce01,2026-09-19T23:30:00Z,Oklahoma Sooners,New Mexico Lobos,mybookieag,New Mexico Lobos,23.0,-110
2026-09-15T17:17:37Z,47892b65c28a830d83bbe465b070ce01,2026-09-19T23:30:00Z,Oklahoma Sooners,New Mexico Lobos,mybookieag,Oklahoma Sooners,-23.0,-110
2026-09-15T17:17:37Z,47892b65c28a830d83bbe465b070ce01,2026-09-19T23:30:00Z,Oklahoma Sooners,New Mexico Lobos,betrivers,New Mexico Lobos,22.5,-114
2026-09-15T17:17:37Z,47892b65c28a830d83bbe465b070ce01,2026-09-19T23:30:00Z,Oklahoma Sooners,New Mexico Lobos,betrivers,Oklahoma Sooners,-22.5,-109
2026-09-15T17:17:37Z,47892b65c28a830d83bbe465b070ce01,2026-09-19T23:30:00Z,Oklahoma Sooners,New Mexico Lobos,betus,New Mexico Lobos,22.5,-110
2026-09-15T17:17:37Z,47892b65c28a830d83bbe465b070ce01,2026-09-19T23:30:00Z,Oklahoma Sooners,New Mexico Lobos,betus,Oklahoma Sooners,-22.5,-110
2026-09-15T17:17:37Z,47892b65c28a830d83bbe465b070ce01,2026-09-19T23:30:00Z,Oklahoma Sooners,New Mexico Lobos,bovada,New Mexico Lobos,23.5,-120
2026-09-15T17:17:37Z,47892b65c28a830d83bbe465b070ce01,2026-09-19T23:30:00Z,Oklahoma Sooners,New Mexico Lobos,bovada,Oklahoma Sooners,-23.5,100
2026-09-15T17:17:37Z,eda972dc55ded05916deafa37efab9c3,2026-09-19T23:30:00Z,West Virginia Mountaineers,Virginia Cavaliers,draftkings,Virginia Cavaliers,-10.0,-118
2026-09-15T17:17:37Z,eda972dc55ded05916deafa37efab9c3,2026-09-19T23:30:00Z,West Virginia Mountaineers,Virginia Cavaliers,draftkings,West Virginia Mountaineers,10.0,-102
2026-09-15T17:17:37Z,eda972dc55ded05916deafa37efab9c3,2026-09-19T23:30:00Z,West Virginia Mountaineers,Virginia Cavaliers,fanduel,Virginia Cavaliers,-9.5,-124
2026-09-15T17:17:37Z,eda972dc55ded05916deafa37efab9c3,2026-09-19T23:30:00Z,West Virginia Mountaineers,Virginia Cavaliers,fanduel,West Virginia Mountaineers,9.5,102
2026-09-15T17:17:37Z,eda972dc55ded05916deafa37efab9c3,2026-09-19T23:30:00Z,West Virginia Mountaineers,Virginia Cavaliers,betrivers,Virginia Cavaliers,-10.0,-112
2026-09-15T17:17:37Z,eda972dc55ded05916deafa37efab9c3,2026-09-19T23:30:00Z,West Virginia Mountaineers,Virginia Cavaliers,betrivers,West Virginia Mountaineers,10.0,-112
2026-09-15T17:17:37Z,eda972dc55ded05916deafa37efab9c3,2026-09-19T23:30:00Z,West Virginia Mountaineers,Virginia Cavaliers,lowvig,Virginia Cavaliers,-10.0,-111
2026-09-15T17:17:37Z,eda972dc55ded05916deafa37efab9c3,2026-09-19T23:30:00Z,West Virginia Mountaineers,Virginia Cavaliers,lowvig,West Virginia Mountaineers,10.0,-101
2026-09-15T17:17:37Z,eda972dc55ded05916deafa37efab9c3,2026-09-19T23:30:00Z,West Virginia Mountaineers,Virginia Cavaliers,betonlineag,Virginia Cavaliers,-10.0,-115
2026-09-15T17:17:37Z,eda972dc55ded05916deafa37efab9c3,2026-09-19T23:30:00Z,West Virginia Mountaineers,Virginia Cavaliers,betonlineag,West Virginia Mountaineers,10.0,-105
2026-09-15T17:17:37Z,eda972dc55ded05916deafa37efab9c3,2026-09-19T23:30:00Z,West Virginia Mountaineers,Virginia Cavaliers,betmgm,Virginia Cavaliers,-10.5,-105
2026-09-15T17:17:37Z,eda972dc55ded05916deafa37efab9c3,2026-09-19T23:30:00Z,West Virginia Mountaineers,Virginia Cavaliers,betmgm,West Virginia Mountaineers,10.5,-112
2026-09-15T17:17:37Z,eda972dc55ded05916deafa37efab9c3,2026-09-19T23:30:00Z,West Virginia Mountaineers,Virginia Cavaliers,mybookieag,Virginia Cavaliers,-11.0,-110
2026-09-15T17:17:37Z,eda972dc55ded05916deafa37efab9c3,2026-09-19T23:30:00Z,West Virginia Mountaineers,Virginia Cavaliers,mybookieag,West Virginia Mountaineers,11.0,-110
2026-09-15T17:17:37Z,eda972dc55ded05916deafa37efab9c3,2026-09-19T23:30:00Z,West Virginia Mountaineers,Virginia Cavaliers,betus,Virginia Cavaliers,-10.5,-110
2026-09-15T17:17:37Z,eda972dc55ded05916deafa37efab9c3,2026-09-19T23:30:00Z,West Virginia Mountaineers,Virginia Cavaliers,betus,West Virginia Mountaineers,10.5,-110
2026-09-15T17:17:37Z,eda972dc55ded05916deafa37efab9c3,2026-09-19T23:30:00Z,West Virginia Mountaineers,Virginia Cavaliers,bovada,Virginia Cavaliers,-10.5,-110
2026-09-15T17:17:37Z,eda972dc55ded05916deafa37efab9c3,2026-09-19T23:30:00Z,West Virginia Mountaineers,Virginia Cavaliers,bovada,West Virginia Mountaineers,10.5,-110
2026-09-15T17:17:37Z,cc6953f45fe5acfc853fdf5e5e28a0e7,2026-09-19T23:45:00Z,Tennessee Volunteers,Kennesaw State Owls,fanduel,Kennesaw State Owls,35.5,-112
2026-09-15T17:17:37Z,cc6953f45fe5acfc853fdf5e5e28a0e7,2026-09-19T23:45:00Z,Tennessee Volunteers,Kennesaw State Owls,fanduel,Tennessee Volunteers,-35.5,-108
2026-09-15T17:17:37Z,cc6953f45fe5acfc853fdf5e5e28a0e7,2026-09-19T23:45:00Z,Tennessee Volunteers,Kennesaw State Owls,draftkings,Kennesaw State Owls,35.5,-108
2026-09-15T17:17:37Z,cc6953f45fe5acfc853fdf5e5e28a0e7,2026-09-19T23:45:00Z,Tennessee Volunteers,Kennesaw State Owls,draftkings,Tennessee Volunteers,-35.5,-112
2026-09-15T17:17:37Z,cc6953f45fe5acfc853fdf5e5e28a0e7,2026-09-19T23:45:00Z,Tennessee Volunteers,Kennesaw State Owls,lowvig,Kennesaw State Owls,35.5,-106
2026-09-15T17:17:37Z,cc6953f45fe5acfc853fdf5e5e28a0e7,2026-09-19T23:45:00Z,Tennessee Volunteers,Kennesaw State Owls,lowvig,Tennessee Volunteers,-35.5,-106
2026-09-15T17:17:37Z,cc6953f45fe5acfc853fdf5e5e28a0e7,2026-09-19T23:45:00Z,Tennessee Volunteers,Kennesaw State Owls,betonlineag,Kennesaw State Owls,35.5,-110
2026-09-15T17:17:37Z,cc6953f45fe5acfc853fdf5e5e28a0e7,2026-09-19T23:45:00Z,Tennessee Volunteers,Kennesaw State Owls,betonlineag,Tennessee Volunteers,-35.5,-110
2026-09-15T17:17:37Z,cc6953f45fe5acfc853fdf5e5e28a0e7,2026-09-19T23:45:00Z,Tennessee Volunteers,Kennesaw State Owls,betmgm,Kennesaw State Owls,35.5,-110
2026-09-15T17:17:37Z,cc6953f45fe5acfc853fdf5e5e28a0e7,2026-09-19T23:45:00Z,Tennessee Volunteers,Kennesaw State Owls,betmgm,Tennessee Volunteers,-35.5,-108
2026-09-15T17:17:37Z,cc6953f45fe5acfc853fdf5e5e28a0e7,2026-09-19T23:45:00Z,Tennessee Volunteers,Kennesaw State Owls,betrivers,Kennesaw State Owls,35.5,-113
2026-09-15T17:17:37Z,cc6953f45fe5acfc853fdf5e5e28a0e7,2026-09-19T23:45:00Z,Tennessee Volunteers,Kennesaw State Owls,betrivers,Tennessee Volunteers,-35.5,-110
2026-09-15T17:17:37Z,cc6953f45fe5acfc853fdf5e5e28a0e7,2026-09-19T23:45:00Z,Tennessee Volunteers,Kennesaw State Owls,betus,Kennesaw State Owls,35.5,-110
2026-09-15T17:17:37Z,cc6953f45fe5acfc853fdf5e5e28a0e7,2026-09-19T23:45:00Z,Tennessee Volunteers,Kennesaw State Owls,betus,Tennessee Volunteers,-35.5,-110
2026-09-15T17:17:37Z,cc6953f45fe5acfc853fdf5e5e28a0e7,2026-09-19T23:45:00Z,Tennessee Volunteers,Kennesaw State Owls,bovada,Kennesaw State Owls,35.5,-110
2026-09-15T17:17:37Z,cc6953f45fe5acfc853fdf5e5e28a0e7,2026-09-19T23:45:00Z,Tennessee Volunteers,Kennesaw State Owls,bovada,Tennessee Volunteers,-35.5,-110
2026-09-15T17:17:37Z,a64b980a572375c0cc1adba3c3fc2811,2026-09-20T00:00:00Z,TCU Horned Frogs,Arkansas State Red Wolves,fanduel,Arkansas State Red Wolves,20.5,-115
2026-09-15T17:17:37Z,a64b980a572375c0cc1adba3c3fc2811,2026-09-20T00:00:00Z,TCU Horned Frogs,Arkansas State Red Wolves,fanduel,TCU Horned Frogs,-20.5,-105
2026-09-15T17:17:37Z,a64b980a572375c0cc1adba3c3fc2811,2026-09-20T00:00:00Z,TCU Horned Frogs,Arkansas State Red Wolves,draftkings,Arkansas State Red Wolves,20.5,-115
2026-09-15T17:17:37Z,a64b980a572375c0cc1adba3c3fc2811,2026-09-20T00:00:00Z,TCU Horned Frogs,Arkansas State Red Wolves,draftkings,TCU Horned Frogs,-20.5,-105
2026-09-15T17:17:37Z,a64b980a572375c0cc1adba3c3fc2811,2026-09-20T00:00:00Z,TCU Horned Frogs,Arkansas State Red Wolves,lowvig,Arkansas State Red Wolves,20.5,-106
2026-09-15T17:17:37Z,a64b980a572375c0cc1adba3c3fc2811,2026-09-20T00:00:00Z,TCU Horned Frogs,Arkansas State Red Wolves,lowvig,TCU Horned Frogs,-20.5,-106
2026-09-15T17:17:37Z,a64b980a572375c0cc1adba3c3fc2811,2026-09-20T00:00:00Z,TCU Horned Frogs,Arkansas State Red Wolves,betonlineag,Arkansas State Red Wolves,20.5,-110
2026-09-15T17:17:37Z,a64b980a572375c0cc1adba3c3fc2811,2026-09-20T00:00:00Z,TCU Horned Frogs,Arkansas State Red Wolves,betonlineag,TCU Horned Frogs,-20.5,-110
2026-09-15T17:17:37Z,a64b980a572375c0cc1adba3c3fc2811,2026-09-20T00:00:00Z,TCU Horned Frogs,Arkansas State Red Wolves,betmgm,Arkansas State Red Wolves,20.0,-108
2026-09-15T17:17:37Z,a64b980a572375c0cc1adba3c3fc2811,2026-09-20T00:00:00Z,TCU Horned Frogs,Arkansas State Red Wolves,betmgm,TCU Horned Frogs,-20.0,-110
2026-09-15T17:17:37Z,a64b980a572375c0cc1adba3c3fc2811,2026-09-20T00:00:00Z,TCU Horned Frogs,Arkansas State Red Wolves,mybookieag,Arkansas State Red Wolves,20.5,-110
2026-09-15T17:17:37Z,a64b980a572375c0cc1adba3c3fc2811,2026-09-20T00:00:00Z,TCU Horned Frogs,Arkansas State Red Wolves,mybookieag,TCU Horned Frogs,-20.5,-110
2026-09-15T17:17:37Z,a64b980a572375c0cc1adba3c3fc2811,2026-09-20T00:00:00Z,TCU Horned Frogs,Arkansas State Red Wolves,betrivers,Arkansas State Red Wolves,20.5,-112
2026-09-15T17:17:37Z,a64b980a572375c0cc1adba3c3fc2811,2026-09-20T00:00:00Z,TCU Horned Frogs,Arkansas State Red Wolves,betrivers,TCU Horned Frogs,-20.5,-112
2026-09-15T17:17:37Z,a64b980a572375c0cc1adba3c3fc2811,2026-09-20T00:00:00Z,TCU Horned Frogs,Arkansas State Red Wolves,betus,Arkansas State Red Wolves,20.5,-110
2026-09-15T17:17:37Z,a64b980a572375c0cc1adba3c3fc2811,2026-09-20T00:00:00Z,TCU Horned Frogs,Arkansas State Red Wolves,betus,TCU Horned Frogs,-20.5,-110
2026-09-15T17:17:37Z,a64b980a572375c0cc1adba3c3fc2811,2026-09-20T00:00:00Z,TCU Horned Frogs,Arkansas State Red Wolves,bovada,Arkansas State Red Wolves,20.0,-110
2026-09-15T17:17:37Z,a64b980a572375c0cc1adba3c3fc2811,2026-09-20T00:00:00Z,TCU Horned Frogs,Arkansas State Red Wolves,bovada,TCU Horned Frogs,-20.0,-110
2026-09-15T17:17:37Z,0fff6569a000494c8821a53d886df670,2026-09-20T00:00:00Z,Tulsa Golden Hurricane,East Texas A&M Lions,fanduel,East Texas A&M Lions,41.5,-106
2026-09-15T17:17:37Z,0fff6569a000494c8821a53d886df670,2026-09-20T00:00:00Z,Tulsa Golden Hurricane,East Texas A&M Lions,fanduel,Tulsa Golden Hurricane,-41.5,-114
2026-09-15T17:17:37Z,828ceb39d7fd7da80c98174ae5f02dcd,2026-09-20T00:00:00Z,Louisiana Ragin Cajuns,UAB Blazers,fanduel,Louisiana Ragin Cajuns,-7.5,-110
2026-09-15T17:17:37Z,828ceb39d7fd7da80c98174ae5f02dcd,2026-09-20T00:00:00Z,Louisiana Ragin Cajuns,UAB Blazers,fanduel,UAB Blazers,7.5,-110
2026-09-15T17:17:37Z,828ceb39d7fd7da80c98174ae5f02dcd,2026-09-20T00:00:00Z,Louisiana Ragin Cajuns,UAB Blazers,draftkings,Louisiana Ragin Cajuns,-7.5,-110
2026-09-15T17:17:37Z,828ceb39d7fd7da80c98174ae5f02dcd,2026-09-20T00:00:00Z,Louisiana Ragin Cajuns,UAB Blazers,draftkings,UAB Blazers,7.5,-110
2026-09-15T17:17:37Z,828ceb39d7fd7da80c98174ae5f02dcd,2026-09-20T00:00:00Z,Louisiana Ragin Cajuns,UAB Blazers,lowvig,Louisiana Ragin Cajuns,-7.5,-108
2026-09-15T17:17:37Z,828ceb39d7fd7da80c98174ae5f02dcd,2026-09-20T00:00:00Z,Louisiana Ragin Cajuns,UAB Blazers,lowvig,UAB Blazers,7.5,-104
2026-09-15T17:17:37Z,828ceb39d7fd7da80c98174ae5f02dcd,2026-09-20T00:00:00Z,Louisiana Ragin Cajuns,UAB Blazers,betonlineag,Louisiana Ragin Cajuns,-7.5,-112
2026-09-15T17:17:37Z,828ceb39d7fd7da80c98174ae5f02dcd,2026-09-20T00:00:00Z,Louisiana Ragin Cajuns,UAB Blazers,betonlineag,UAB Blazers,7.5,-108
2026-09-15T17:17:37Z,828ceb39d7fd7da80c98174ae5f02dcd,2026-09-20T00:00:00Z,Louisiana Ragin Cajuns,UAB Blazers,betmgm,Louisiana Ragin Cajuns,-7.5,-105
2026-09-15T17:17:37Z,828ceb39d7fd7da80c98174ae5f02dcd,2026-09-20T00:00:00Z,Louisiana Ragin Cajuns,UAB Blazers,betmgm,UAB Blazers,7.5,-112
2026-09-15T17:17:37Z,828ceb39d7fd7da80c98174ae5f02dcd,2026-09-20T00:00:00Z,Louisiana Ragin Cajuns,UAB Blazers,mybookieag,Louisiana Ragin Cajuns,-7.5,-110
2026-09-15T17:17:37Z,828ceb39d7fd7da80c98174ae5f02dcd,2026-09-20T00:00:00Z,Louisiana Ragin Cajuns,UAB Blazers,mybookieag,UAB Blazers,7.5,-110
2026-09-15T17:17:37Z,828ceb39d7fd7da80c98174ae5f02dcd,2026-09-20T00:00:00Z,Louisiana Ragin Cajuns,UAB Blazers,betrivers,Louisiana Ragin Cajuns,-8.5,-112
2026-09-15T17:17:37Z,828ceb39d7fd7da80c98174ae5f02dcd,2026-09-20T00:00:00Z,Louisiana Ragin Cajuns,UAB Blazers,betrivers,UAB Blazers,8.5,-112
2026-09-15T17:17:37Z,828ceb39d7fd7da80c98174ae5f02dcd,2026-09-20T00:00:00Z,Louisiana Ragin Cajuns,UAB Blazers,betus,Louisiana Ragin Cajuns,-7.5,-110
2026-09-15T17:17:37Z,828ceb39d7fd7da80c98174ae5f02dcd,2026-09-20T00:00:00Z,Louisiana Ragin Cajuns,UAB Blazers,betus,UAB Blazers,7.5,-110
2026-09-15T17:17:37Z,828ceb39d7fd7da80c98174ae5f02dcd,2026-09-20T00:00:00Z,Louisiana Ragin Cajuns,UAB Blazers,bovada,Louisiana Ragin Cajuns,-7.5,-105
2026-09-15T17:17:37Z,828ceb39d7fd7da80c98174ae5f02dcd,2026-09-20T00:00:00Z,Louisiana Ragin Cajuns,UAB Blazers,bovada,UAB Blazers,7.5,-115
2026-09-15T17:17:37Z,6059b05ef23d08d9033bd7b5fe38e5d0,2026-09-20T00:00:00Z,Texas Longhorns,UTSA Roadrunners,draftkings,Texas Longhorns,-30.5,-108
2026-09-15T17:17:37Z,6059b05ef23d08d9033bd7b5fe38e5d0,2026-09-20T00:00:00Z,Texas Longhorns,UTSA Roadrunners,draftkings,UTSA Roadrunners,30.5,-112
2026-09-15T17:17:37Z,6059b05ef23d08d9033bd7b5fe38e5d0,2026-09-20T00:00:00Z,Texas Longhorns,UTSA Roadrunners,fanduel,Texas Longhorns,-30.5,-105
2026-09-15T17:17:37Z,6059b05ef23d08d9033bd7b5fe38e5d0,2026-09-20T00:00:00Z,Texas Longhorns,UTSA Roadrunners,fanduel,UTSA Roadrunners,30.5,-115
2026-09-15T17:17:37Z,6059b05ef23d08d9033bd7b5fe38e5d0,2026-09-20T00:00:00Z,Texas Longhorns,UTSA Roadrunners,betrivers,Texas Longhorns,-30.5,-113
2026-09-15T17:17:37Z,6059b05ef23d08d9033bd7b5fe38e5d0,2026-09-20T00:00:00Z,Texas Longhorns,UTSA Roadrunners,betrivers,UTSA Roadrunners,30.5,-110
2026-09-15T17:17:37Z,6059b05ef23d08d9033bd7b5fe38e5d0,2026-09-20T00:00:00Z,Texas Longhorns,UTSA Roadrunners,betonlineag,Texas Longhorns,-30.0,-110
2026-09-15T17:17:37Z,6059b05ef23d08d9033bd7b5fe38e5d0,2026-09-20T00:00:00Z,Texas Longhorns,UTSA Roadrunners,betonlineag,UTSA Roadrunners,30.0,-110
2026-09-15T17:17:37Z,6059b05ef23d08d9033bd7b5fe38e5d0,2026-09-20T00:00:00Z,Texas Longhorns,UTSA Roadrunners,lowvig,Texas Longhorns,-30.0,-106
2026-09-15T17:17:37Z,6059b05ef23d08d9033bd7b5fe38e5d0,2026-09-20T00:00:00Z,Texas Longhorns,UTSA Roadrunners,lowvig,UTSA Roadrunners,30.0,-106
2026-09-15T17:17:37Z,6059b05ef23d08d9033bd7b5fe38e5d0,2026-09-20T00:00:00Z,Texas Longhorns,UTSA Roadrunners,mybookieag,Texas Longhorns,-30.0,-110
2026-09-15T17:17:37Z,6059b05ef23d08d9033bd7b5fe38e5d0,2026-09-20T00:00:00Z,Texas Longhorns,UTSA Roadrunners,mybookieag,UTSA Roadrunners,30.0,-110
2026-09-15T17:17:37Z,6059b05ef23d08d9033bd7b5fe38e5d0,2026-09-20T00:00:00Z,Texas Longhorns,UTSA Roadrunners,betmgm,Texas Longhorns,-30.0,-110
2026-09-15T17:17:37Z,6059b05ef23d08d9033bd7b5fe38e5d0,2026-09-20T00:00:00Z,Texas Longhorns,UTSA Roadrunners,betmgm,UTSA Roadrunners,30.0,-108
2026-09-15T17:17:37Z,6059b05ef23d08d9033bd7b5fe38e5d0,2026-09-20T00:00:00Z,Texas Longhorns,UTSA Roadrunners,betus,Texas Longhorns,-30.0,-110
2026-09-15T17:17:37Z,6059b05ef23d08d9033bd7b5fe38e5d0,2026-09-20T00:00:00Z,Texas Longhorns,UTSA Roadrunners,betus,UTSA Roadrunners,30.0,-110
2026-09-15T17:17:37Z,6059b05ef23d08d9033bd7b5fe38e5d0,2026-09-20T00:00:00Z,Texas Longhorns,UTSA Roadrunners,bovada,Texas Longhorns,-30.0,-110
2026-09-15T17:17:37Z,6059b05ef23d08d9033bd7b5fe38e5d0,2026-09-20T00:00:00Z,Texas Longhorns,UTSA Roadrunners,bovada,UTSA Roadrunners,30.0,-110
2026-09-15T17:17:37Z,6d109b8538a3588ad21a393896d32efc,2026-09-20T02:00:00Z,Boise State Broncos,South Dakota Coyotes,fanduel,Boise State Broncos,-24.5,-105
2026-09-15T17:17:37Z,6d109b8538a3588ad21a393896d32efc,2026-09-20T02:00:00Z,Boise State Broncos,South Dakota Coyotes,fanduel,South Dakota Coyotes,24.5,-115
2026-09-15T17:17:37Z,6d109b8538a3588ad21a393896d32efc,2026-09-20T02:00:00Z,Boise State Broncos,South Dakota Coyotes,betrivers,Boise State Broncos,-24.5,-109
2026-09-15T17:17:37Z,6d109b8538a3588ad21a393896d32efc,2026-09-20T02:00:00Z,Boise State Broncos,South Dakota Coyotes,betrivers,South Dakota Coyotes,24.5,-114
2026-09-15T17:17:37Z,6d109b8538a3588ad21a393896d32efc,2026-09-20T02:00:00Z,Boise State Broncos,South Dakota Coyotes,draftkings,Boise State Broncos,-23.5,-110
2026-09-15T17:17:37Z,6d109b8538a3588ad21a393896d32efc,2026-09-20T02:00:00Z,Boise State Broncos,South Dakota Coyotes,draftkings,South Dakota Coyotes,23.5,-110
2026-09-15T17:17:37Z,0cdf27f150204b8512bca1e2d7cce051,2026-09-20T02:00:00Z,San Diego State Aztecs,James Madison Dukes,draftkings,James Madison Dukes,2.5,-108
2026-09-15T17:17:37Z,0cdf27f150204b8512bca1e2d7cce051,2026-09-20T02:00:00Z,San Diego State Aztecs,James Madison Dukes,draftkings,San Diego State Aztecs,-2.5,-112
2026-09-15T17:17:37Z,0cdf27f150204b8512bca1e2d7cce051,2026-09-20T02:00:00Z,San Diego State Aztecs,James Madison Dukes,betonlineag,James Madison Dukes,2.0,-110
2026-09-15T17:17:37Z,0cdf27f150204b8512bca1e2d7cce051,2026-09-20T02:00:00Z,San Diego State Aztecs,James Madison Dukes,betonlineag,San Diego State Aztecs,-2.0,-110
2026-09-15T17:17:37Z,0cdf27f150204b8512bca1e2d7cce051,2026-09-20T02:00:00Z,San Diego State Aztecs,James Madison Dukes,lowvig,James Madison Dukes,2.0,-106
2026-09-15T17:17:37Z,0cdf27f150204b8512bca1e2d7cce051,2026-09-20T02:00:00Z,San Diego State Aztecs,James Madison Dukes,lowvig,San Diego State Aztecs,-2.0,-106
2026-09-15T17:17:37Z,0cdf27f150204b8512bca1e2d7cce051,2026-09-20T02:00:00Z,San Diego State Aztecs,James Madison Dukes,betmgm,James Madison Dukes,2.5,-110
2026-09-15T17:17:37Z,0cdf27f150204b8512bca1e2d7cce051,2026-09-20T02:00:00Z,San Diego State Aztecs,James Madison Dukes,betmgm,San Diego State Aztecs,-2.5,-108
2026-09-15T17:17:37Z,0cdf27f150204b8512bca1e2d7cce051,2026-09-20T02:00:00Z,San Diego State Aztecs,James Madison Dukes,mybookieag,James Madison Dukes,2.5,-110
2026-09-15T17:17:37Z,0cdf27f150204b8512bca1e2d7cce051,2026-09-20T02:00:00Z,San Diego State Aztecs,James Madison Dukes,mybookieag,San Diego State Aztecs,-2.5,-110
2026-09-15T17:17:37Z,0cdf27f150204b8512bca1e2d7cce051,2026-09-20T02:00:00Z,San Diego State Aztecs,James Madison Dukes,fanduel,James Madison Dukes,2.5,-112
2026-09-15T17:17:37Z,0cdf27f150204b8512bca1e2d7cce051,2026-09-20T02:00:00Z,San Diego State Aztecs,James Madison Dukes,fanduel,San Diego State Aztecs,-2.5,-108
2026-09-15T17:17:37Z,0cdf27f150204b8512bca1e2d7cce051,2026-09-20T02:00:00Z,San Diego State Aztecs,James Madison Dukes,betrivers,James Madison Dukes,2.5,-108
2026-09-15T17:17:37Z,0cdf27f150204b8512bca1e2d7cce051,2026-09-20T02:00:00Z,San Diego State Aztecs,James Madison Dukes,betrivers,San Diego State Aztecs,-2.5,-115
2026-09-15T17:17:37Z,0cdf27f150204b8512bca1e2d7cce051,2026-09-20T02:00:00Z,San Diego State Aztecs,James Madison Dukes,betus,James Madison Dukes,2.0,-110
2026-09-15T17:17:37Z,0cdf27f150204b8512bca1e2d7cce051,2026-09-20T02:00:00Z,San Diego State Aztecs,James Madison Dukes,betus,San Diego State Aztecs,-2.0,-110
2026-09-15T17:17:37Z,0cdf27f150204b8512bca1e2d7cce051,2026-09-20T02:00:00Z,San Diego State Aztecs,James Madison Dukes,bovada,James Madison Dukes,2.5,-105
2026-09-15T17:17:37Z,0cdf27f150204b8512bca1e2d7cce051,2026-09-20T02:00:00Z,San Diego State Aztecs,James Madison Dukes,bovada,San Diego State Aztecs,-2.5,-115
2026-09-15T17:17:37Z,93de8127b5d37170dff2b88deca0b95e,2026-09-20T02:30:00Z,Arizona Wildcats,Northern Illinois Huskies,fanduel,Arizona Wildcats,-34.5,-105
2026-09-15T17:17:37Z,93de8127b5d37170dff2b88deca0b95e,2026-09-20T02:30:00Z,Arizona Wildcats,Northern Illinois Huskies,fanduel,Northern Illinois Huskies,34.5,-115
2026-09-15T17:17:37Z,93de8127b5d37170dff2b88deca0b95e,2026-09-20T02:30:00Z,Arizona Wildcats,Northern Illinois Huskies,draftkings,Arizona Wildcats,-34.5,-108
2026-09-15T17:17:37Z,93de8127b5d37170dff2b88deca0b95e,2026-09-20T02:30:00Z,Arizona Wildcats,Northern Illinois Huskies,draftkings,Northern Illinois Huskies,34.5,-112
2026-09-15T17:17:37Z,93de8127b5d37170dff2b88deca0b95e,2026-09-20T02:30:00Z,Arizona Wildcats,Northern Illinois Huskies,lowvig,Arizona Wildcats,-34.0,-111
2026-09-15T17:17:37Z,93de8127b5d37170dff2b88deca0b95e,2026-09-20T02:30:00Z,Arizona Wildcats,Northern Illinois Huskies,lowvig,Northern Illinois Huskies,34.0,-101
2026-09-15T17:17:37Z,93de8127b5d37170dff2b88deca0b95e,2026-09-20T02:30:00Z,Arizona Wildcats,Northern Illinois Huskies,betonlineag,Arizona Wildcats,-34.0,-115
2026-09-15T17:17:37Z,93de8127b5d37170dff2b88deca0b95e,2026-09-20T02:30:00Z,Arizona Wildcats,Northern Illinois Huskies,betonlineag,Northern Illinois Huskies,34.0,-105
2026-09-15T17:17:37Z,93de8127b5d37170dff2b88deca0b95e,2026-09-20T02:30:00Z,Arizona Wildcats,Northern Illinois Huskies,betmgm,Arizona Wildcats,-34.5,-108
2026-09-15T17:17:37Z,93de8127b5d37170dff2b88deca0b95e,2026-09-20T02:30:00Z,Arizona Wildcats,Northern Illinois Huskies,betmgm,Northern Illinois Huskies,34.5,-110
2026-09-15T17:17:37Z,93de8127b5d37170dff2b88deca0b95e,2026-09-20T02:30:00Z,Arizona Wildcats,Northern Illinois Huskies,betus,Arizona Wildcats,-34.0,-115
2026-09-15T17:17:37Z,93de8127b5d37170dff2b88deca0b95e,2026-09-20T02:30:00Z,Arizona Wildcats,Northern Illinois Huskies,betus,Northern Illinois Huskies,34.0,-105
2026-09-15T17:17:37Z,93de8127b5d37170dff2b88deca0b95e,2026-09-20T02:30:00Z,Arizona Wildcats,Northern Illinois Huskies,betrivers,Arizona Wildcats,-34.5,-112
2026-09-15T17:17:37Z,93de8127b5d37170dff2b88deca0b95e,2026-09-20T02:30:00Z,Arizona Wildcats,Northern Illinois Huskies,betrivers,Northern Illinois Huskies,34.5,-112
2026-09-15T17:17:37Z,93de8127b5d37170dff2b88deca0b95e,2026-09-20T02:30:00Z,Arizona Wildcats,Northern Illinois Huskies,bovada,Arizona Wildcats,-34.5,-105
2026-09-15T17:17:37Z,93de8127b5d37170dff2b88deca0b95e,2026-09-20T02:30:00Z,Arizona Wildcats,Northern Illinois Huskies,bovada,Northern Illinois Huskies,34.5,-115
2026-09-15T17:17:37Z,0c7583234f964dbb7d9803a27d6b6dae,2026-09-20T02:30:00Z,Sacramento State Hornets,North Dakota State Bison,draftkings,North Dakota State Bison,-27.5,-112
2026-09-15T17:17:37Z,0c7583234f964dbb7d9803a27d6b6dae,2026-09-20T02:30:00Z,Sacramento State Hornets,North Dakota State Bison,draftkings,Sacramento State Hornets,27.5,-108
2026-09-15T17:17:37Z,0c7583234f964dbb7d9803a27d6b6dae,2026-09-20T02:30:00Z,Sacramento State Hornets,North Dakota State Bison,lowvig,North Dakota State Bison,-27.5,-106
2026-09-15T17:17:37Z,0c7583234f964dbb7d9803a27d6b6dae,2026-09-20T02:30:00Z,Sacramento State Hornets,North Dakota State Bison,lowvig,Sacramento State Hornets,27.5,-106
2026-09-15T17:17:37Z,0c7583234f964dbb7d9803a27d6b6dae,2026-09-20T02:30:00Z,Sacramento State Hornets,North Dakota State Bison,betonlineag,North Dakota State Bison,-27.5,-110
2026-09-15T17:17:37Z,0c7583234f964dbb7d9803a27d6b6dae,2026-09-20T02:30:00Z,Sacramento State Hornets,North Dakota State Bison,betonlineag,Sacramento State Hornets,27.5,-110
2026-09-15T17:17:37Z,0c7583234f964dbb7d9803a27d6b6dae,2026-09-20T02:30:00Z,Sacramento State Hornets,North Dakota State Bison,betmgm,North Dakota State Bison,-27.5,-110
2026-09-15T17:17:37Z,0c7583234f964dbb7d9803a27d6b6dae,2026-09-20T02:30:00Z,Sacramento State Hornets,North Dakota State Bison,betmgm,Sacramento State Hornets,27.5,-108
2026-09-15T17:17:37Z,0c7583234f964dbb7d9803a27d6b6dae,2026-09-20T02:30:00Z,Sacramento State Hornets,North Dakota State Bison,mybookieag,North Dakota State Bison,-27.5,-110
2026-09-15T17:17:37Z,0c7583234f964dbb7d9803a27d6b6dae,2026-09-20T02:30:00Z,Sacramento State Hornets,North Dakota State Bison,mybookieag,Sacramento State Hornets,27.5,-110
2026-09-15T17:17:37Z,0c7583234f964dbb7d9803a27d6b6dae,2026-09-20T02:30:00Z,Sacramento State Hornets,North Dakota State Bison,fanduel,North Dakota State Bison,-27.5,-120
2026-09-15T17:17:37Z,0c7583234f964dbb7d9803a27d6b6dae,2026-09-20T02:30:00Z,Sacramento State Hornets,North Dakota State Bison,fanduel,Sacramento State Hornets,27.5,-102
2026-09-15T17:17:37Z,0c7583234f964dbb7d9803a27d6b6dae,2026-09-20T02:30:00Z,Sacramento State Hornets,North Dakota State Bison,betus,North Dakota State Bison,-27.5,-110
2026-09-15T17:17:37Z,0c7583234f964dbb7d9803a27d6b6dae,2026-09-20T02:30:00Z,Sacramento State Hornets,North Dakota State Bison,betus,Sacramento State Hornets,27.5,-110
2026-09-15T17:17:37Z,0c7583234f964dbb7d9803a27d6b6dae,2026-09-20T02:30:00Z,Sacramento State Hornets,North Dakota State Bison,betrivers,North Dakota State Bison,-27.5,-113
2026-09-15T17:17:37Z,0c7583234f964dbb7d9803a27d6b6dae,2026-09-20T02:30:00Z,Sacramento State Hornets,North Dakota State Bison,betrivers,Sacramento State Hornets,27.5,-110
2026-09-15T17:17:37Z,0c7583234f964dbb7d9803a27d6b6dae,2026-09-20T02:30:00Z,Sacramento State Hornets,North Dakota State Bison,bovada,North Dakota State Bison,-27.5,-110
2026-09-15T17:17:37Z,0c7583234f964dbb7d9803a27d6b6dae,2026-09-20T02:30:00Z,Sacramento State Hornets,North Dakota State Bison,bovada,Sacramento State Hornets,27.5,-110
2026-09-15T17:17:37Z,f6db4e789ff9341a9c94befc751c5f53,2026-09-20T03:00:00Z,San Jose State Spartans,Fresno State Bulldogs,fanduel,Fresno State Bulldogs,-6.5,-114
2026-09-15T17:17:37Z,f6db4e789ff9341a9c94befc751c5f53,2026-09-20T03:00:00Z,San Jose State Spartans,Fresno State Bulldogs,fanduel,San Jose State Spartans,6.5,-106
2026-09-15T17:17:37Z,f6db4e789ff9341a9c94befc751c5f53,2026-09-20T03:00:00Z,San Jose State Spartans,Fresno State Bulldogs,draftkings,Fresno State Bulldogs,-6.5,-118
2026-09-15T17:17:37Z,f6db4e789ff9341a9c94befc751c5f53,2026-09-20T03:00:00Z,San Jose State Spartans,Fresno State Bulldogs,draftkings,San Jose State Spartans,6.5,-102
2026-09-15T17:17:37Z,f6db4e789ff9341a9c94befc751c5f53,2026-09-20T03:00:00Z,San Jose State Spartans,Fresno State Bulldogs,lowvig,Fresno State Bulldogs,-6.5,-111
2026-09-15T17:17:37Z,f6db4e789ff9341a9c94befc751c5f53,2026-09-20T03:00:00Z,San Jose State Spartans,Fresno State Bulldogs,lowvig,San Jose State Spartans,6.5,-101
2026-09-15T17:17:37Z,f6db4e789ff9341a9c94befc751c5f53,2026-09-20T03:00:00Z,San Jose State Spartans,Fresno State Bulldogs,betonlineag,Fresno State Bulldogs,-6.5,-115
2026-09-15T17:17:37Z,f6db4e789ff9341a9c94befc751c5f53,2026-09-20T03:00:00Z,San Jose State Spartans,Fresno State Bulldogs,betonlineag,San Jose State Spartans,6.5,-105
2026-09-15T17:17:37Z,f6db4e789ff9341a9c94befc751c5f53,2026-09-20T03:00:00Z,San Jose State Spartans,Fresno State Bulldogs,betmgm,Fresno State Bulldogs,-6.5,-115
2026-09-15T17:17:37Z,f6db4e789ff9341a9c94befc751c5f53,2026-09-20T03:00:00Z,San Jose State Spartans,Fresno State Bulldogs,betmgm,San Jose State Spartans,6.5,-105
2026-09-15T17:17:37Z,f6db4e789ff9341a9c94befc751c5f53,2026-09-20T03:00:00Z,San Jose State Spartans,Fresno State Bulldogs,mybookieag,Fresno State Bulldogs,-6.5,-115
2026-09-15T17:17:37Z,f6db4e789ff9341a9c94befc751c5f53,2026-09-20T03:00:00Z,San Jose State Spartans,Fresno State Bulldogs,mybookieag,San Jose State Spartans,6.5,-105
2026-09-15T17:17:37Z,f6db4e789ff9341a9c94befc751c5f53,2026-09-20T03:00:00Z,San Jose State Spartans,Fresno State Bulldogs,betrivers,Fresno State Bulldogs,-6.5,-117
2026-09-15T17:17:37Z,f6db4e789ff9341a9c94befc751c5f53,2026-09-20T03:00:00Z,San Jose State Spartans,Fresno State Bulldogs,betrivers,San Jose State Spartans,6.5,-107
2026-09-15T17:17:37Z,f6db4e789ff9341a9c94befc751c5f53,2026-09-20T03:00:00Z,San Jose State Spartans,Fresno State Bulldogs,betus,Fresno State Bulldogs,-6.5,-115
2026-09-15T17:17:37Z,f6db4e789ff9341a9c94befc751c5f53,2026-09-20T03:00:00Z,San Jose State Spartans,Fresno State Bulldogs,betus,San Jose State Spartans,6.5,-105
2026-09-15T17:17:37Z,f6db4e789ff9341a9c94befc751c5f53,2026-09-20T03:00:00Z,San Jose State Spartans,Fresno State Bulldogs,bovada,Fresno State Bulldogs,-6.5,-115
2026-09-15T17:17:37Z,f6db4e789ff9341a9c94befc751c5f53,2026-09-20T03:00:00Z,San Jose State Spartans,Fresno State Bulldogs,bovada,San Jose State Spartans,6.5,-105
2026-09-15T17:17:37Z,381e5c97af94a83e03eae0ac6f11ed38,2026-09-20T03:00:00Z,Oregon State Beavers,Montana Grizzlies,fanduel,Montana Grizzlies,17.5,-114
2026-09-15T17:17:37Z,381e5c97af94a83e03eae0ac6f11ed38,2026-09-20T03:00:00Z,Oregon State Beavers,Montana Grizzlies,fanduel,Oregon State Beavers,-17.5,-106
2026-09-15T17:17:37Z,381e5c97af94a83e03eae0ac6f11ed38,2026-09-20T03:00:00Z,Oregon State Beavers,Montana Grizzlies,betrivers,Montana Grizzlies,18.0,-114
2026-09-15T17:17:37Z,381e5c97af94a83e03eae0ac6f11ed38,2026-09-20T03:00:00Z,Oregon State Beavers,Montana Grizzlies,betrivers,Oregon State Beavers,-18.0,-109
2026-09-15T17:17:37Z,381e5c97af94a83e03eae0ac6f11ed38,2026-09-20T03:00:00Z,Oregon State Beavers,Montana Grizzlies,draftkings,Montana Grizzlies,17.5,-112
2026-09-15T17:17:37Z,381e5c97af94a83e03eae0ac6f11ed38,2026-09-20T03:00:00Z,Oregon State Beavers,Montana Grizzlies,draftkings,Oregon State Beavers,-17.5,-108
2026-09-15T17:17:37Z,7a6a2035bf5d7abd30d6cc8b76d59e3e,2026-09-20T03:00:00Z,UCLA Bruins,Purdue Boilermakers,fanduel,Purdue Boilermakers,14.5,-115
2026-09-15T17:17:37Z,7a6a2035bf5d7abd30d6cc8b76d59e3e,2026-09-20T03:00:00Z,UCLA Bruins,Purdue Boilermakers,fanduel,UCLA Bruins,-14.5,-105
2026-09-15T17:17:37Z,7a6a2035bf5d7abd30d6cc8b76d59e3e,2026-09-20T03:00:00Z,UCLA Bruins,Purdue Boilermakers,betrivers,Purdue Boilermakers,14.0,-109
2026-09-15T17:17:37Z,7a6a2035bf5d7abd30d6cc8b76d59e3e,2026-09-20T03:00:00Z,UCLA Bruins,Purdue Boilermakers,betrivers,UCLA Bruins,-14.0,-114
2026-09-15T17:17:37Z,7a6a2035bf5d7abd30d6cc8b76d59e3e,2026-09-20T03:00:00Z,UCLA Bruins,Purdue Boilermakers,draftkings,Purdue Boilermakers,14.0,-108
2026-09-15T17:17:37Z,7a6a2035bf5d7abd30d6cc8b76d59e3e,2026-09-20T03:00:00Z,UCLA Bruins,Purdue Boilermakers,draftkings,UCLA Bruins,-14.0,-112
2026-09-15T17:17:37Z,7a6a2035bf5d7abd30d6cc8b76d59e3e,2026-09-20T03:00:00Z,UCLA Bruins,Purdue Boilermakers,lowvig,Purdue Boilermakers,14.5,-110
2026-09-15T17:17:37Z,7a6a2035bf5d7abd30d6cc8b76d59e3e,2026-09-20T03:00:00Z,UCLA Bruins,Purdue Boilermakers,lowvig,UCLA Bruins,-14.5,-102
2026-09-15T17:17:37Z,7a6a2035bf5d7abd30d6cc8b76d59e3e,2026-09-20T03:00:00Z,UCLA Bruins,Purdue Boilermakers,betonlineag,Purdue Boilermakers,14.5,-114
2026-09-15T17:17:37Z,7a6a2035bf5d7abd30d6cc8b76d59e3e,2026-09-20T03:00:00Z,UCLA Bruins,Purdue Boilermakers,betonlineag,UCLA Bruins,-14.5,-106
2026-09-15T17:17:37Z,7a6a2035bf5d7abd30d6cc8b76d59e3e,2026-09-20T03:00:00Z,UCLA Bruins,Purdue Boilermakers,betmgm,Purdue Boilermakers,14.0,-102
2026-09-15T17:17:37Z,7a6a2035bf5d7abd30d6cc8b76d59e3e,2026-09-20T03:00:00Z,UCLA Bruins,Purdue Boilermakers,betmgm,UCLA Bruins,-14.0,-118
2026-09-15T17:17:37Z,7a6a2035bf5d7abd30d6cc8b76d59e3e,2026-09-20T03:00:00Z,UCLA Bruins,Purdue Boilermakers,mybookieag,Purdue Boilermakers,14.5,-110
2026-09-15T17:17:37Z,7a6a2035bf5d7abd30d6cc8b76d59e3e,2026-09-20T03:00:00Z,UCLA Bruins,Purdue Boilermakers,mybookieag,UCLA Bruins,-14.5,-110
2026-09-15T17:17:37Z,7a6a2035bf5d7abd30d6cc8b76d59e3e,2026-09-20T03:00:00Z,UCLA Bruins,Purdue Boilermakers,betus,Purdue Boilermakers,14.0,-110
2026-09-15T17:17:37Z,7a6a2035bf5d7abd30d6cc8b76d59e3e,2026-09-20T03:00:00Z,UCLA Bruins,Purdue Boilermakers,betus,UCLA Bruins,-14.0,-110
2026-09-15T17:17:37Z,7a6a2035bf5d7abd30d6cc8b76d59e3e,2026-09-20T03:00:00Z,UCLA Bruins,Purdue Boilermakers,bovada,Purdue Boilermakers,14.0,-105
2026-09-15T17:17:37Z,7a6a2035bf5d7abd30d6cc8b76d59e3e,2026-09-20T03:00:00Z,UCLA Bruins,Purdue Boilermakers,bovada,UCLA Bruins,-14.0,-115
2026-09-15T17:17:37Z,83516ad7ba3e8ef9f90498cfcaf10eb5,2026-09-26T23:00:00Z,USC Trojans,Oregon Ducks,fanduel,Oregon Ducks,-2.5,-110
2026-09-15T17:17:37Z,83516ad7ba3e8ef9f90498cfcaf10eb5,2026-09-26T23:00:00Z,USC Trojans,Oregon Ducks,fanduel,USC Trojans,2.5,-110
2026-09-15T20:51:47Z,f06e90b4212fb514f3564ded9f190107,2026-09-17T23:30:00Z,Pittsburgh Panthers,Syracuse Orange,betrivers,Pittsburgh Panthers,-10.0,-107
2026-09-15T20:51:47Z,f06e90b4212fb514f3564ded9f190107,2026-09-17T23:30:00Z,Pittsburgh Panthers,Syracuse Orange,betrivers,Syracuse Orange,10.0,-115
2026-09-15T20:51:47Z,f06e90b4212fb514f3564ded9f190107,2026-09-17T23:30:00Z,Pittsburgh Panthers,Syracuse Orange,lowvig,Pittsburgh Panthers,-10.5,-103
2026-09-15T20:51:47Z,f06e90b4212fb514f3564ded9f190107,2026-09-17T23:30:00Z,Pittsburgh Panthers,Syracuse Orange,lowvig,Syracuse Orange,10.5,-109
2026-09-15T20:51:47Z,f06e90b4212fb514f3564ded9f190107,2026-09-17T23:30:00Z,Pittsburgh Panthers,Syracuse Orange,betonlineag,Pittsburgh Panthers,-10.5,-107
2026-09-15T20:51:47Z,f06e90b4212fb514f3564ded9f190107,2026-09-17T23:30:00Z,Pittsburgh Panthers,Syracuse Orange,betonlineag,Syracuse Orange,10.5,-113
2026-09-15T20:51:47Z,f06e90b4212fb514f3564ded9f190107,2026-09-17T23:30:00Z,Pittsburgh Panthers,Syracuse Orange,betmgm,Syracuse Orange,10.0,-108
2026-09-15T20:51:47Z,7311bf775464ae97893928e22512bb47,2026-09-19T00:00:00Z,Texas Tech Red Raiders,Houston Cougars,betrivers,Houston Cougars,7.5,-112
2026-09-15T20:51:47Z,7311bf775464ae97893928e22512bb47,2026-09-19T00:00:00Z,Texas Tech Red Raiders,Houston Cougars,betrivers,Texas Tech Red Raiders,-7.5,-112
2026-09-15T20:51:47Z,7311bf775464ae97893928e22512bb47,2026-09-19T00:00:00Z,Texas Tech Red Raiders,Houston Cougars,betmgm,Houston Cougars,7.5,-110
2026-09-15T20:51:47Z,7311bf775464ae97893928e22512bb47,2026-09-19T00:00:00Z,Texas Tech Red Raiders,Houston Cougars,betmgm,Texas Tech Red Raiders,-7.5,-108
2026-09-15T20:51:47Z,5658a82b80479ea42281da7d3e3e1337,2026-09-19T02:30:00Z,Oregon Ducks,Portland State Vikings,fanduel,Oregon Ducks,-56.5,-120
2026-09-15T20:51:47Z,5658a82b80479ea42281da7d3e3e1337,2026-09-19T02:30:00Z,Oregon Ducks,Portland State Vikings,fanduel,Portland State Vikings,56.5,-102
2026-09-15T20:51:47Z,5658a82b80479ea42281da7d3e3e1337,2026-09-19T02:30:00Z,Oregon Ducks,Portland State Vikings,draftkings,Oregon Ducks,-57.5,-108
2026-09-15T20:51:47Z,5658a82b80479ea42281da7d3e3e1337,2026-09-19T02:30:00Z,Oregon Ducks,Portland State Vikings,draftkings,Portland State Vikings,57.5,-112
2026-09-15T20:51:47Z,5658a82b80479ea42281da7d3e3e1337,2026-09-19T02:30:00Z,Oregon Ducks,Portland State Vikings,betonlineag,Oregon Ducks,-56.5,-115
2026-09-15T20:51:47Z,5658a82b80479ea42281da7d3e3e1337,2026-09-19T02:30:00Z,Oregon Ducks,Portland State Vikings,betonlineag,Portland State Vikings,56.5,-115
2026-09-15T20:51:47Z,5658a82b80479ea42281da7d3e3e1337,2026-09-19T02:30:00Z,Oregon Ducks,Portland State Vikings,lowvig,Oregon Ducks,-56.5,-115
2026-09-15T20:51:47Z,5658a82b80479ea42281da7d3e3e1337,2026-09-19T02:30:00Z,Oregon Ducks,Portland State Vikings,lowvig,Portland State Vikings,56.5,-115
2026-09-15T20:51:47Z,5bc9efd5f27827a26c1cf8744bb8c2b1,2026-09-19T16:00:00Z,Minnesota Golden Gophers,Akron Zips,draftkings,Akron Zips,23.5,-110
2026-09-15T20:51:47Z,5bc9efd5f27827a26c1cf8744bb8c2b1,2026-09-19T16:00:00Z,Minnesota Golden Gophers,Akron Zips,draftkings,Minnesota Golden Gophers,-23.5,-110
2026-09-15T20:51:47Z,5bc9efd5f27827a26c1cf8744bb8c2b1,2026-09-19T16:00:00Z,Minnesota Golden Gophers,Akron Zips,lowvig,Akron Zips,23.5,-106
2026-09-15T20:51:47Z,5bc9efd5f27827a26c1cf8744bb8c2b1,2026-09-19T16:00:00Z,Minnesota Golden Gophers,Akron Zips,lowvig,Minnesota Golden Gophers,-23.5,-106
2026-09-15T20:51:47Z,5bc9efd5f27827a26c1cf8744bb8c2b1,2026-09-19T16:00:00Z,Minnesota Golden Gophers,Akron Zips,betonlineag,Akron Zips,23.5,-110
2026-09-15T20:51:47Z,5bc9efd5f27827a26c1cf8744bb8c2b1,2026-09-19T16:00:00Z,Minnesota Golden Gophers,Akron Zips,betonlineag,Minnesota Golden Gophers,-23.5,-110
2026-09-15T20:51:47Z,5bc9efd5f27827a26c1cf8744bb8c2b1,2026-09-19T16:00:00Z,Minnesota Golden Gophers,Akron Zips,betmgm,Akron Zips,24.0,-112
2026-09-15T20:51:47Z,5bc9efd5f27827a26c1cf8744bb8c2b1,2026-09-19T16:00:00Z,Minnesota Golden Gophers,Akron Zips,betus,Akron Zips,23.5,-110
2026-09-15T20:51:47Z,5bc9efd5f27827a26c1cf8744bb8c2b1,2026-09-19T16:00:00Z,Minnesota Golden Gophers,Akron Zips,betus,Minnesota Golden Gophers,-23.5,-110
2026-09-15T20:51:47Z,5bc9efd5f27827a26c1cf8744bb8c2b1,2026-09-19T16:00:00Z,Minnesota Golden Gophers,Akron Zips,bovada,Akron Zips,23.5,-110
2026-09-15T20:51:47Z,5bc9efd5f27827a26c1cf8744bb8c2b1,2026-09-19T16:00:00Z,Minnesota Golden Gophers,Akron Zips,bovada,Minnesota Golden Gophers,-23.5,-110
2026-09-15T20:51:47Z,a317e3ffe5919c8bff3b9b303054f1b3,2026-09-19T16:00:00Z,Arizona State Sun Devils,Kansas Jayhawks,betrivers,Arizona State Sun Devils,-5.0,-113
2026-09-15T20:51:47Z,a317e3ffe5919c8bff3b9b303054f1b3,2026-09-19T16:00:00Z,Arizona State Sun Devils,Kansas Jayhawks,betrivers,Kansas Jayhawks,5.0,-110
2026-09-15T20:51:47Z,9a69dbd474c6181a4c51f397b9b25d38,2026-09-19T16:00:00Z,Iowa State Cyclones,Bowling Green Falcons,betrivers,Bowling Green Falcons,24.5,-130
2026-09-15T20:51:47Z,9a69dbd474c6181a4c51f397b9b25d38,2026-09-19T16:00:00Z,Iowa State Cyclones,Bowling Green Falcons,betrivers,Iowa State Cyclones,-24.5,105
2026-09-15T20:51:47Z,36baf28c66c363255bb0cd88b6aaf914,2026-09-19T16:00:00Z,Penn State Nittany Lions,Buffalo Bulls,fanduel,Buffalo Bulls,40.5,-102
2026-09-15T20:51:47Z,36baf28c66c363255bb0cd88b6aaf914,2026-09-19T16:00:00Z,Penn State Nittany Lions,Buffalo Bulls,fanduel,Penn State Nittany Lions,-40.5,-120
2026-09-15T20:51:47Z,36baf28c66c363255bb0cd88b6aaf914,2026-09-19T16:00:00Z,Penn State Nittany Lions,Buffalo Bulls,draftkings,Buffalo Bulls,40.5,-102
2026-09-15T20:51:47Z,36baf28c66c363255bb0cd88b6aaf914,2026-09-19T16:00:00Z,Penn State Nittany Lions,Buffalo Bulls,draftkings,Penn State Nittany Lions,-40.5,-118
2026-09-15T20:51:47Z,36baf28c66c363255bb0cd88b6aaf914,2026-09-19T16:00:00Z,Penn State Nittany Lions,Buffalo Bulls,betonlineag,Buffalo Bulls,41.0,-105
2026-09-15T20:51:47Z,36baf28c66c363255bb0cd88b6aaf914,2026-09-19T16:00:00Z,Penn State Nittany Lions,Buffalo Bulls,betonlineag,Penn State Nittany Lions,-41.0,-115
2026-09-15T20:51:47Z,36baf28c66c363255bb0cd88b6aaf914,2026-09-19T16:00:00Z,Penn State Nittany Lions,Buffalo Bulls,lowvig,Buffalo Bulls,41.0,-101
2026-09-15T20:51:47Z,36baf28c66c363255bb0cd88b6aaf914,2026-09-19T16:00:00Z,Penn State Nittany Lions,Buffalo Bulls,lowvig,Penn State Nittany Lions,-41.0,-111
2026-09-15T20:51:47Z,36baf28c66c363255bb0cd88b6aaf914,2026-09-19T16:00:00Z,Penn State Nittany Lions,Buffalo Bulls,betmgm,Buffalo Bulls,40.5,-108
2026-09-15T20:51:47Z,36baf28c66c363255bb0cd88b6aaf914,2026-09-19T16:00:00Z,Penn State Nittany Lions,Buffalo Bulls,betmgm,Penn State Nittany Lions,-40.5,-110
2026-09-15T20:51:47Z,36baf28c66c363255bb0cd88b6aaf914,2026-09-19T16:00:00Z,Penn State Nittany Lions,Buffalo Bulls,betus,Buffalo Bulls,41.0,-105
2026-09-15T20:51:47Z,36baf28c66c363255bb0cd88b6aaf914,2026-09-19T16:00:00Z,Penn State Nittany Lions,Buffalo Bulls,betus,Penn State Nittany Lions,-41.0,-115
2026-09-15T20:51:47Z,36baf28c66c363255bb0cd88b6aaf914,2026-09-19T16:00:00Z,Penn State Nittany Lions,Buffalo Bulls,bovada,Buffalo Bulls,41.0,-105
2026-09-15T20:51:47Z,36baf28c66c363255bb0cd88b6aaf914,2026-09-19T16:00:00Z,Penn State Nittany Lions,Buffalo Bulls,bovada,Penn State Nittany Lions,-41.0,-115
2026-09-15T20:51:47Z,3fe3d77e009a7f205cce737523609a86,2026-09-19T16:00:00Z,Clemson Tigers,North Carolina Tar Heels,draftkings,Clemson Tigers,-3.5,-105
2026-09-15T20:51:47Z,3fe3d77e009a7f205cce737523609a86,2026-09-19T16:00:00Z,Clemson Tigers,North Carolina Tar Heels,draftkings,North Carolina Tar Heels,3.5,-115
2026-09-15T20:51:47Z,3fe3d77e009a7f205cce737523609a86,2026-09-19T16:00:00Z,Clemson Tigers,North Carolina Tar Heels,betmgm,Clemson Tigers,-3.5,-105
2026-09-15T20:51:47Z,3fe3d77e009a7f205cce737523609a86,2026-09-19T16:00:00Z,Clemson Tigers,North Carolina Tar Heels,betmgm,North Carolina Tar Heels,3.5,-115
2026-09-15T20:51:47Z,3fe3d77e009a7f205cce737523609a86,2026-09-19T16:00:00Z,Clemson Tigers,North Carolina Tar Heels,bovada,Clemson Tigers,-3.5,-105
2026-09-15T20:51:47Z,3fe3d77e009a7f205cce737523609a86,2026-09-19T16:00:00Z,Clemson Tigers,North Carolina Tar Heels,bovada,North Carolina Tar Heels,3.5,-115
2026-09-15T20:51:47Z,6eee31d7778965a3e617f10146619c1d,2026-09-19T16:00:00Z,Ohio State Buckeyes,Kent State Golden Flashes,betmgm,Kent State Golden Flashes,52.5,-110
2026-09-15T20:51:47Z,6eee31d7778965a3e617f10146619c1d,2026-09-19T16:00:00Z,Ohio State Buckeyes,Kent State Golden Flashes,betmgm,Ohio State Buckeyes,-52.5,-108
2026-09-15T20:51:47Z,b0cd2e8beaf0dc333daa592a0d3d5c3a,2026-09-19T16:00:00Z,Texas State Bobcats,North Texas Mean Green,draftkings,North Texas Mean Green,3.0,-118
2026-09-15T20:51:47Z,b0cd2e8beaf0dc333daa592a0d3d5c3a,2026-09-19T16:00:00Z,Texas State Bobcats,North Texas Mean Green,draftkings,Texas State Bobcats,-3.0,-102
2026-09-15T20:51:47Z,bd7ae9e585a6595f7d308d45e1bf35e3,2026-09-19T16:30:00Z,Wisconsin Badgers,Eastern Michigan Eagles,betrivers,Eastern Michigan Eagles,25.5,-121
2026-09-15T20:51:47Z,bd7ae9e585a6595f7d308d45e1bf35e3,2026-09-19T16:30:00Z,Wisconsin Badgers,Eastern Michigan Eagles,betrivers,Wisconsin Badgers,-25.5,-104
2026-09-15T20:51:47Z,2e9835b129f8b8055d4a24f736547363,2026-09-19T16:45:00Z,Vanderbilt Commodores,NC State Wolfpack,fanduel,NC State Wolfpack,3.5,-110
2026-09-15T20:51:47Z,2e9835b129f8b8055d4a24f736547363,2026-09-19T16:45:00Z,Vanderbilt Commodores,NC State Wolfpack,fanduel,Vanderbilt Commodores,-3.5,-110
2026-09-15T20:51:47Z,2e9835b129f8b8055d4a24f736547363,2026-09-19T16:45:00Z,Vanderbilt Commodores,NC State Wolfpack,betonlineag,NC State Wolfpack,3.5,-116
2026-09-15T20:51:47Z,2e9835b129f8b8055d4a24f736547363,2026-09-19T16:45:00Z,Vanderbilt Commodores,NC State Wolfpack,betonlineag,Vanderbilt Commodores,-3.5,-104
2026-09-15T20:51:47Z,2e9835b129f8b8055d4a24f736547363,2026-09-19T16:45:00Z,Vanderbilt Commodores,NC State Wolfpack,lowvig,NC State Wolfpack,3.5,-112
2026-09-15T20:51:47Z,2e9835b129f8b8055d4a24f736547363,2026-09-19T16:45:00Z,Vanderbilt Commodores,NC State Wolfpack,lowvig,Vanderbilt Commodores,-3.5,100
2026-09-15T20:51:47Z,2e9835b129f8b8055d4a24f736547363,2026-09-19T16:45:00Z,Vanderbilt Commodores,NC State Wolfpack,betus,NC State Wolfpack,3.5,-110
2026-09-15T20:51:47Z,2e9835b129f8b8055d4a24f736547363,2026-09-19T16:45:00Z,Vanderbilt Commodores,NC State Wolfpack,betus,Vanderbilt Commodores,-3.5,-110
2026-09-15T20:51:47Z,2e9835b129f8b8055d4a24f736547363,2026-09-19T16:45:00Z,Vanderbilt Commodores,NC State Wolfpack,bovada,NC State Wolfpack,3.5,-120
2026-09-15T20:51:47Z,2e9835b129f8b8055d4a24f736547363,2026-09-19T16:45:00Z,Vanderbilt Commodores,NC State Wolfpack,bovada,Vanderbilt Commodores,-3.5,100
2026-09-15T20:51:47Z,26a76b78050ad3953d2d41dbeecd5a07,2026-09-19T17:00:00Z,Central Michigan Chippewas,Wyoming Cowboys,draftkings,Central Michigan Chippewas,-1.5,-108
2026-09-15T20:51:47Z,26a76b78050ad3953d2d41dbeecd5a07,2026-09-19T17:00:00Z,Central Michigan Chippewas,Wyoming Cowboys,draftkings,Wyoming Cowboys,1.5,-112
2026-09-15T20:51:47Z,ea8b0414ff464255eef426fd61427030,2026-09-19T19:00:00Z,Toledo Rockets,Temple Owls,fanduel,Temple Owls,5.5,-110
2026-09-15T20:51:47Z,ea8b0414ff464255eef426fd61427030,2026-09-19T19:00:00Z,Toledo Rockets,Temple Owls,fanduel,Toledo Rockets,-5.5,-110
2026-09-15T20:51:47Z,a85cea77fbd44d9135461815777f6a9c,2026-09-19T19:30:00Z,Alabama Crimson Tide,Florida State Seminoles,draftkings,Alabama Crimson Tide,-19.5,-115
2026-09-15T20:51:47Z,a85cea77fbd44d9135461815777f6a9c,2026-09-19T19:30:00Z,Alabama Crimson Tide,Florida State Seminoles,draftkings,Florida State Seminoles,19.5,-105
2026-09-15T20:51:47Z,15ebe2df1d91e584d091d509e70a1a71,2026-09-19T19:30:00Z,Cincinnati Bearcats,Miami (OH) RedHawks,draftkings,Cincinnati Bearcats,-14.5,-108
2026-09-15T20:51:47Z,15ebe2df1d91e584d091d509e70a1a71,2026-09-19T19:30:00Z,Cincinnati Bearcats,Miami (OH) RedHawks,draftkings,Miami (OH) RedHawks,14.5,-112
2026-09-15T20:51:47Z,8bdb9d65119df877f2e2ec632d28fef1,2026-09-19T19:30:00Z,Washington State Cougars,Duquesne Dukes,betrivers,Duquesne Dukes,39.5,-129
2026-09-15T20:51:47Z,8bdb9d65119df877f2e2ec632d28fef1,2026-09-19T19:30:00Z,Washington State Cougars,Duquesne Dukes,betrivers,Washington State Cougars,-39.5,104
2026-09-15T20:51:47Z,d2da9e958e6f4800929ff9411b697a4b,2026-09-19T19:30:00Z,Texas A&M Aggies,Kentucky Wildcats,betmgm,Kentucky Wildcats,17.0,-112
2026-09-15T20:51:47Z,d2da9e958e6f4800929ff9411b697a4b,2026-09-19T19:30:00Z,Texas A&M Aggies,Kentucky Wildcats,betmgm,Texas A&M Aggies,-17.0,-105
2026-09-15T20:51:47Z,d2da9e958e6f4800929ff9411b697a4b,2026-09-19T19:30:00Z,Texas A&M Aggies,Kentucky Wildcats,betrivers,Kentucky Wildcats,17.0,-115
2026-09-15T20:51:47Z,d2da9e958e6f4800929ff9411b697a4b,2026-09-19T19:30:00Z,Texas A&M Aggies,Kentucky Wildcats,betrivers,Texas A&M Aggies,-17.0,-108
2026-09-15T20:51:47Z,dbcfc3184e20d1ea45e910b89585071f,2026-09-19T19:30:00Z,Louisville Cardinals,SMU Mustangs,fanduel,Louisville Cardinals,-1.5,-115
2026-09-15T20:51:47Z,dbcfc3184e20d1ea45e910b89585071f,2026-09-19T19:30:00Z,Louisville Cardinals,SMU Mustangs,fanduel,SMU Mustangs,1.5,-105
2026-09-15T20:51:47Z,dbcfc3184e20d1ea45e910b89585071f,2026-09-19T19:30:00Z,Louisville Cardinals,SMU Mustangs,betrivers,Louisville Cardinals,-2.0,-112
2026-09-15T20:51:47Z,dbcfc3184e20d1ea45e910b89585071f,2026-09-19T19:30:00Z,Louisville Cardinals,SMU Mustangs,betrivers,SMU Mustangs,2.0,-112
2026-09-15T20:51:47Z,dbcfc3184e20d1ea45e910b89585071f,2026-09-19T19:30:00Z,Louisville Cardinals,SMU Mustangs,lowvig,Louisville Cardinals,-1.5,-106
2026-09-15T20:51:47Z,dbcfc3184e20d1ea45e910b89585071f,2026-09-19T19:30:00Z,Louisville Cardinals,SMU Mustangs,lowvig,SMU Mustangs,1.5,-106
2026-09-15T20:51:47Z,dbcfc3184e20d1ea45e910b89585071f,2026-09-19T19:30:00Z,Louisville Cardinals,SMU Mustangs,betonlineag,Louisville Cardinals,-1.5,-110
2026-09-15T20:51:47Z,dbcfc3184e20d1ea45e910b89585071f,2026-09-19T19:30:00Z,Louisville Cardinals,SMU Mustangs,betonlineag,SMU Mustangs,1.5,-110
2026-09-15T20:51:47Z,dbcfc3184e20d1ea45e910b89585071f,2026-09-19T19:30:00Z,Louisville Cardinals,SMU Mustangs,betus,Louisville Cardinals,-1.5,-110
2026-09-15T20:51:47Z,dbcfc3184e20d1ea45e910b89585071f,2026-09-19T19:30:00Z,Louisville Cardinals,SMU Mustangs,betus,SMU Mustangs,1.5,-110
2026-09-15T20:51:47Z,f9b0ff34657875b54ee16b8254168159,2026-09-19T19:30:00Z,Michigan Wolverines,UTEP Miners,draftkings,Michigan Wolverines,-35.5,-105
2026-09-15T20:51:47Z,f9b0ff34657875b54ee16b8254168159,2026-09-19T19:30:00Z,Michigan Wolverines,UTEP Miners,draftkings,UTEP Miners,35.5,-115
2026-09-15T20:51:47Z,f9b0ff34657875b54ee16b8254168159,2026-09-19T19:30:00Z,Michigan Wolverines,UTEP Miners,betrivers,Michigan Wolverines,-34.5,-110
2026-09-15T20:51:47Z,f9b0ff34657875b54ee16b8254168159,2026-09-19T19:30:00Z,Michigan Wolverines,UTEP Miners,betrivers,UTEP Miners,34.5,-112
2026-09-15T20:51:47Z,f9b0ff34657875b54ee16b8254168159,2026-09-19T19:30:00Z,Michigan Wolverines,UTEP Miners,bovada,Michigan Wolverines,-35.0,-115
2026-09-15T20:51:47Z,f9b0ff34657875b54ee16b8254168159,2026-09-19T19:30:00Z,Michigan Wolverines,UTEP Miners,bovada,UTEP Miners,35.0,-105
2026-09-15T20:51:47Z,8b31d45a11a98ec8e6a9a9a5368a1bf4,2026-09-19T19:30:00Z,Rutgers Scarlet Knights,USC Trojans,draftkings,Rutgers Scarlet Knights,24.5,-115
2026-09-15T20:51:47Z,8b31d45a11a98ec8e6a9a9a5368a1bf4,2026-09-19T19:30:00Z,Rutgers Scarlet Knights,USC Trojans,draftkings,USC Trojans,-24.5,-105
2026-09-15T20:51:47Z,8b31d45a11a98ec8e6a9a9a5368a1bf4,2026-09-19T19:30:00Z,Rutgers Scarlet Knights,USC Trojans,betmgm,Rutgers Scarlet Knights,24.0,-110
2026-09-15T20:51:47Z,8b31d45a11a98ec8e6a9a9a5368a1bf4,2026-09-19T19:30:00Z,Rutgers Scarlet Knights,USC Trojans,betmgm,USC Trojans,-24.0,-108
2026-09-15T20:51:47Z,9a94b95365b9c78fbfb612ce4c859eda,2026-09-19T19:30:00Z,Utah Utes,Utah State Aggies,betmgm,Utah State Aggies,28.0,-115
2026-09-15T20:51:47Z,9a94b95365b9c78fbfb612ce4c859eda,2026-09-19T19:30:00Z,Utah Utes,Utah State Aggies,betmgm,Utah Utes,-28.0,-105
2026-09-15T20:51:47Z,790266884d07b6c2aeed8efc216ba610,2026-09-19T20:00:00Z,Baylor Bears,Louisiana Tech Bulldogs,mybookieag,Baylor Bears,-19.0,-110
2026-09-15T20:51:47Z,790266884d07b6c2aeed8efc216ba610,2026-09-19T20:00:00Z,Baylor Bears,Louisiana Tech Bulldogs,mybookieag,Louisiana Tech Bulldogs,19.0,-110
2026-09-15T20:51:47Z,790266884d07b6c2aeed8efc216ba610,2026-09-19T20:00:00Z,Baylor Bears,Louisiana Tech Bulldogs,betrivers,Baylor Bears,-19.5,-105
2026-09-15T20:51:47Z,790266884d07b6c2aeed8efc216ba610,2026-09-19T20:00:00Z,Baylor Bears,Louisiana Tech Bulldogs,betrivers,Louisiana Tech Bulldogs,19.5,-118
2026-09-15T20:51:47Z,3c742aa7dc1c1da030846964a72de370,2026-09-19T20:00:00Z,Duke Blue Devils,Stanford Cardinal,betmgm,Duke Blue Devils,-9.5,-112
2026-09-15T20:51:47Z,3c742aa7dc1c1da030846964a72de370,2026-09-19T20:00:00Z,Duke Blue Devils,Stanford Cardinal,betmgm,Stanford Cardinal,9.5,-105
2026-09-15T20:51:47Z,3c742aa7dc1c1da030846964a72de370,2026-09-19T20:00:00Z,Duke Blue Devils,Stanford Cardinal,bovada,Duke Blue Devils,-10.0,-105
2026-09-15T20:51:47Z,3c742aa7dc1c1da030846964a72de370,2026-09-19T20:00:00Z,Duke Blue Devils,Stanford Cardinal,bovada,Stanford Cardinal,10.0,-115
2026-09-15T20:51:47Z,f459decff5e212a417df01fead33b180,2026-09-19T20:00:00Z,Indiana Hoosiers,Western Kentucky Hilltoppers,betmgm,Indiana Hoosiers,-44.5,-108
2026-09-15T20:51:47Z,f459decff5e212a417df01fead33b180,2026-09-19T20:00:00Z,Indiana Hoosiers,Western Kentucky Hilltoppers,betmgm,Western Kentucky Hilltoppers,44.5,-110
2026-09-15T20:51:47Z,1d773c6e9934d12970ba222e96ec4c80,2026-09-19T20:00:00Z,Iowa Hawkeyes,Northern Iowa Panthers,betrivers,Iowa Hawkeyes,-40.5,-114
2026-09-15T20:51:47Z,1d773c6e9934d12970ba222e96ec4c80,2026-09-19T20:00:00Z,Iowa Hawkeyes,Northern Iowa Panthers,betrivers,Northern Iowa Panthers,40.5,-109
2026-09-15T20:51:47Z,a4e7771497976db67e6a81bc3700b32f,2026-09-19T20:15:00Z,South Carolina Gamecocks,Mississippi State Bulldogs,betmgm,Mississippi State Bulldogs,3.5,-108
2026-09-15T20:51:47Z,a4e7771497976db67e6a81bc3700b32f,2026-09-19T20:15:00Z,South Carolina Gamecocks,Mississippi State Bulldogs,betmgm,South Carolina Gamecocks,-3.5,-112
2026-09-15T20:51:47Z,436d9422da324c807b9d2fb50a2ef62a,2026-09-19T22:00:00Z,Old Dominion Monarchs,East Carolina Pirates,betrivers,East Carolina Pirates,2.5,102
2026-09-15T20:51:47Z,436d9422da324c807b9d2fb50a2ef62a,2026-09-19T22:00:00Z,Old Dominion Monarchs,East Carolina Pirates,betrivers,Old Dominion Monarchs,-2.5,-125
2026-09-15T20:51:47Z,436d9422da324c807b9d2fb50a2ef62a,2026-09-19T22:00:00Z,Old Dominion Monarchs,East Carolina Pirates,bovada,East Carolina Pirates,2.5,100
2026-09-15T20:51:47Z,436d9422da324c807b9d2fb50a2ef62a,2026-09-19T22:00:00Z,Old Dominion Monarchs,East Carolina Pirates,bovada,Old Dominion Monarchs,-2.5,-120
2026-09-15T20:51:47Z,fa9113ed354c9a40e487f5b923b4238f,2026-09-19T22:30:00Z,Missouri State Bears,Marshall Thundering Herd,betrivers,Marshall Thundering Herd,-3.5,-108
2026-09-15T20:51:47Z,fa9113ed354c9a40e487f5b923b4238f,2026-09-19T22:30:00Z,Missouri State Bears,Marshall Thundering Herd,betrivers,Missouri State Bears,3.5,-115
2026-09-15T20:51:47Z,fa9113ed354c9a40e487f5b923b4238f,2026-09-19T22:30:00Z,Missouri State Bears,Marshall Thundering Herd,betmgm,Marshall Thundering Herd,-3.5,-108
2026-09-15T20:51:47Z,fa9113ed354c9a40e487f5b923b4238f,2026-09-19T22:30:00Z,Missouri State Bears,Marshall Thundering Herd,betmgm,Missouri State Bears,3.5,-110
2026-09-15T20:51:47Z,7ef3b27d15de635a3e05324f2b0c56cb,2026-09-19T23:00:00Z,Auburn Tigers,Florida Gators,draftkings,Auburn Tigers,2.5,-110
2026-09-15T20:51:47Z,7ef3b27d15de635a3e05324f2b0c56cb,2026-09-19T23:00:00Z,Auburn Tigers,Florida Gators,draftkings,Florida Gators,-2.5,-110
2026-09-15T20:51:47Z,60c8d1fde1467bde9f2a20b5d4cb7c90,2026-09-19T23:00:00Z,Jacksonville State Gamecocks,Georgia Southern Eagles,betrivers,Georgia Southern Eagles,3.5,-117
2026-09-15T20:51:47Z,60c8d1fde1467bde9f2a20b5d4cb7c90,2026-09-19T23:00:00Z,Jacksonville State Gamecocks,Georgia Southern Eagles,betrivers,Jacksonville State Gamecocks,-3.5,-107
2026-09-15T20:51:47Z,4a9e833f32775e201ee648c51840df85,2026-09-19T23:00:00Z,UCF Knights,Georgia State Panthers,betmgm,Georgia State Panthers,18.5,-112
2026-09-15T20:51:47Z,4a9e833f32775e201ee648c51840df85,2026-09-19T23:00:00Z,UCF Knights,Georgia State Panthers,bovada,Georgia State Panthers,18.0,-110
2026-09-15T20:51:47Z,4a9e833f32775e201ee648c51840df85,2026-09-19T23:00:00Z,UCF Knights,Georgia State Panthers,bovada,UCF Knights,-18.0,-110
2026-09-15T20:51:47Z,b8810f15896c1fbe1ca25054585612f0,2026-09-19T23:00:00Z,Middle Tennessee Blue Raiders,Nevada Wolf Pack,lowvig,Middle Tennessee Blue Raiders,3.5,-101
2026-09-15T20:51:47Z,b8810f15896c1fbe1ca25054585612f0,2026-09-19T23:00:00Z,Middle Tennessee Blue Raiders,Nevada Wolf Pack,lowvig,Nevada Wolf Pack,-3.5,-111
2026-09-15T20:51:47Z,b8810f15896c1fbe1ca25054585612f0,2026-09-19T23:00:00Z,Middle Tennessee Blue Raiders,Nevada Wolf Pack,betonlineag,Middle Tennessee Blue Raiders,3.5,-105
2026-09-15T20:51:47Z,b8810f15896c1fbe1ca25054585612f0,2026-09-19T23:00:00Z,Middle Tennessee Blue Raiders,Nevada Wolf Pack,betonlineag,Nevada Wolf Pack,-3.5,-115
2026-09-15T20:51:47Z,b8810f15896c1fbe1ca25054585612f0,2026-09-19T23:00:00Z,Middle Tennessee Blue Raiders,Nevada Wolf Pack,betrivers,Middle Tennessee Blue Raiders,3.5,100
2026-09-15T20:51:47Z,b8810f15896c1fbe1ca25054585612f0,2026-09-19T23:00:00Z,Middle Tennessee Blue Raiders,Nevada Wolf Pack,betrivers,Nevada Wolf Pack,-3.5,-124
2026-09-15T20:51:47Z,b8810f15896c1fbe1ca25054585612f0,2026-09-19T23:00:00Z,Middle Tennessee Blue Raiders,Nevada Wolf Pack,bovada,Middle Tennessee Blue Raiders,3.5,-105
2026-09-15T20:51:47Z,b8810f15896c1fbe1ca25054585612f0,2026-09-19T23:00:00Z,Middle Tennessee Blue Raiders,Nevada Wolf Pack,bovada,Nevada Wolf Pack,-3.5,-115
2026-09-15T20:51:47Z,6c41bd5edc806bb66ae3038c8bfa3df0,2026-09-19T23:00:00Z,Oklahoma State Cowboys,Murray State Racers,betrivers,Murray State Racers,56.0,-109
2026-09-15T20:51:47Z,6c41bd5edc806bb66ae3038c8bfa3df0,2026-09-19T23:00:00Z,Oklahoma State Cowboys,Murray State Racers,betrivers,Oklahoma State Cowboys,-56.0,-114
2026-09-15T20:51:47Z,bcc250cd218a520bcd287c120644ba05,2026-09-19T23:00:00Z,South Alabama Jaguars,Ohio Bobcats,betrivers,South Alabama Jaguars,-5.5,-112
2026-09-15T20:51:47Z,be8b2e012b50c86775a87bb633e330e6,2026-09-19T23:00:00Z,Rice Owls,Western Michigan Broncos,betmgm,Rice Owls,9.5,-108
2026-09-15T20:51:47Z,be8b2e012b50c86775a87bb633e330e6,2026-09-19T23:00:00Z,Rice Owls,Western Michigan Broncos,betmgm,Western Michigan Broncos,-9.5,-110
2026-09-15T20:51:47Z,be8b2e012b50c86775a87bb633e330e6,2026-09-19T23:00:00Z,Rice Owls,Western Michigan Broncos,betrivers,Rice Owls,9.5,-112
2026-09-15T20:51:47Z,be8b2e012b50c86775a87bb633e330e6,2026-09-19T23:00:00Z,Rice Owls,Western Michigan Broncos,betrivers,Western Michigan Broncos,-9.5,-112
2026-09-15T20:51:47Z,be8b2e012b50c86775a87bb633e330e6,2026-09-19T23:00:00Z,Rice Owls,Western Michigan Broncos,bovada,Rice Owls,9.5,-110
2026-09-15T20:51:47Z,be8b2e012b50c86775a87bb633e330e6,2026-09-19T23:00:00Z,Rice Owls,Western Michigan Broncos,bovada,Western Michigan Broncos,-9.5,-110
2026-09-15T20:51:47Z,03297aa8a399c223aa1cc6aa923d9bc6,2026-09-19T23:30:00Z,Northwestern Wildcats,Colorado Buffaloes,lowvig,Colorado Buffaloes,3.5,-104
2026-09-15T20:51:47Z,03297aa8a399c223aa1cc6aa923d9bc6,2026-09-19T23:30:00Z,Northwestern Wildcats,Colorado Buffaloes,lowvig,Northwestern Wildcats,-3.5,-108
2026-09-15T20:51:47Z,03297aa8a399c223aa1cc6aa923d9bc6,2026-09-19T23:30:00Z,Northwestern Wildcats,Colorado Buffaloes,betonlineag,Colorado Buffaloes,3.5,-108
2026-09-15T20:51:47Z,03297aa8a399c223aa1cc6aa923d9bc6,2026-09-19T23:30:00Z,Northwestern Wildcats,Colorado Buffaloes,betonlineag,Northwestern Wildcats,-3.5,-112
2026-09-15T20:51:47Z,03297aa8a399c223aa1cc6aa923d9bc6,2026-09-19T23:30:00Z,Northwestern Wildcats,Colorado Buffaloes,betus,Colorado Buffaloes,3.5,-110
2026-09-15T20:51:47Z,03297aa8a399c223aa1cc6aa923d9bc6,2026-09-19T23:30:00Z,Northwestern Wildcats,Colorado Buffaloes,betus,Northwestern Wildcats,-3.5,-110
2026-09-15T20:51:47Z,65571f1cab1a260aae4a220e38dbbc1d,2026-09-19T23:30:00Z,Ole Miss Rebels,LSU Tigers,draftkings,LSU Tigers,-3.0,-108
2026-09-15T20:51:47Z,65571f1cab1a260aae4a220e38dbbc1d,2026-09-19T23:30:00Z,Ole Miss Rebels,LSU Tigers,draftkings,Ole Miss Rebels,3.0,-112
2026-09-15T20:51:47Z,b7cdc05f280bede1f19b996cc9b95753,2026-09-19T23:30:00Z,Maryland Terrapins,Virginia Tech Hokies,fanduel,Maryland Terrapins,2.5,100
2026-09-15T20:51:47Z,b7cdc05f280bede1f19b996cc9b95753,2026-09-19T23:30:00Z,Maryland Terrapins,Virginia Tech Hokies,fanduel,Virginia Tech Hokies,-2.5,-122
2026-09-15T20:51:47Z,b7cdc05f280bede1f19b996cc9b95753,2026-09-19T23:30:00Z,Maryland Terrapins,Virginia Tech Hokies,betmgm,Maryland Terrapins,3.0,-112
2026-09-15T20:51:47Z,b7cdc05f280bede1f19b996cc9b95753,2026-09-19T23:30:00Z,Maryland Terrapins,Virginia Tech Hokies,betmgm,Virginia Tech Hokies,-3.0,-105
2026-09-15T20:51:47Z,7e3b8cd721f0817d0a6c3111221e8a91,2026-09-19T23:30:00Z,Notre Dame Fighting Irish,Michigan State Spartans,bovada,Michigan State Spartans,30.0,-120
2026-09-15T20:51:47Z,7e3b8cd721f0817d0a6c3111221e8a91,2026-09-19T23:30:00Z,Notre Dame Fighting Irish,Michigan State Spartans,bovada,Notre Dame Fighting Irish,-30.0,100
2026-09-15T20:51:47Z,47892b65c28a830d83bbe465b070ce01,2026-09-19T23:30:00Z,Oklahoma Sooners,New Mexico Lobos,draftkings,New Mexico Lobos,22.5,-112
2026-09-15T20:51:47Z,47892b65c28a830d83bbe465b070ce01,2026-09-19T23:30:00Z,Oklahoma Sooners,New Mexico Lobos,draftkings,Oklahoma Sooners,-22.5,-108
2026-09-15T20:51:47Z,47892b65c28a830d83bbe465b070ce01,2026-09-19T23:30:00Z,Oklahoma Sooners,New Mexico Lobos,betmgm,New Mexico Lobos,22.0,-108
2026-09-15T20:51:47Z,47892b65c28a830d83bbe465b070ce01,2026-09-19T23:30:00Z,Oklahoma Sooners,New Mexico Lobos,betmgm,Oklahoma Sooners,-22.0,-110
2026-09-15T20:51:47Z,a64b980a572375c0cc1adba3c3fc2811,2026-09-20T00:00:00Z,TCU Horned Frogs,Arkansas State Red Wolves,draftkings,Arkansas State Red Wolves,19.5,-105
2026-09-15T20:51:47Z,a64b980a572375c0cc1adba3c3fc2811,2026-09-20T00:00:00Z,TCU Horned Frogs,Arkansas State Red Wolves,draftkings,TCU Horned Frogs,-19.5,-115
2026-09-15T20:51:47Z,a64b980a572375c0cc1adba3c3fc2811,2026-09-20T00:00:00Z,TCU Horned Frogs,Arkansas State Red Wolves,lowvig,Arkansas State Red Wolves,20.0,-105
2026-09-15T20:51:47Z,a64b980a572375c0cc1adba3c3fc2811,2026-09-20T00:00:00Z,TCU Horned Frogs,Arkansas State Red Wolves,lowvig,TCU Horned Frogs,-20.0,-107
2026-09-15T20:51:47Z,a64b980a572375c0cc1adba3c3fc2811,2026-09-20T00:00:00Z,TCU Horned Frogs,Arkansas State Red Wolves,betonlineag,Arkansas State Red Wolves,20.0,-109
2026-09-15T20:51:47Z,a64b980a572375c0cc1adba3c3fc2811,2026-09-20T00:00:00Z,TCU Horned Frogs,Arkansas State Red Wolves,betonlineag,TCU Horned Frogs,-20.0,-111
2026-09-15T20:51:47Z,a64b980a572375c0cc1adba3c3fc2811,2026-09-20T00:00:00Z,TCU Horned Frogs,Arkansas State Red Wolves,betmgm,Arkansas State Red Wolves,20.0,-110
2026-09-15T20:51:47Z,a64b980a572375c0cc1adba3c3fc2811,2026-09-20T00:00:00Z,TCU Horned Frogs,Arkansas State Red Wolves,betmgm,TCU Horned Frogs,-20.0,-108
2026-09-15T20:51:47Z,a64b980a572375c0cc1adba3c3fc2811,2026-09-20T00:00:00Z,TCU Horned Frogs,Arkansas State Red Wolves,betus,Arkansas State Red Wolves,20.0,-110
2026-09-15T20:51:47Z,a64b980a572375c0cc1adba3c3fc2811,2026-09-20T00:00:00Z,TCU Horned Frogs,Arkansas State Red Wolves,betus,TCU Horned Frogs,-20.0,-110
2026-09-15T20:51:47Z,828ceb39d7fd7da80c98174ae5f02dcd,2026-09-20T00:00:00Z,Louisiana Ragin Cajuns,UAB Blazers,lowvig,Louisiana Ragin Cajuns,-7.5,-101
2026-09-15T20:51:47Z,828ceb39d7fd7da80c98174ae5f02dcd,2026-09-20T00:00:00Z,Louisiana Ragin Cajuns,UAB Blazers,lowvig,UAB Blazers,7.5,-111
2026-09-15T20:51:47Z,828ceb39d7fd7da80c98174ae5f02dcd,2026-09-20T00:00:00Z,Louisiana Ragin Cajuns,UAB Blazers,betonlineag,Louisiana Ragin Cajuns,-7.5,-105
2026-09-15T20:51:47Z,828ceb39d7fd7da80c98174ae5f02dcd,2026-09-20T00:00:00Z,Louisiana Ragin Cajuns,UAB Blazers,betonlineag,UAB Blazers,7.5,-115
2026-09-15T20:51:47Z,828ceb39d7fd7da80c98174ae5f02dcd,2026-09-20T00:00:00Z,Louisiana Ragin Cajuns,UAB Blazers,betrivers,Louisiana Ragin Cajuns,-8.5,110
2026-09-15T20:51:47Z,828ceb39d7fd7da80c98174ae5f02dcd,2026-09-20T00:00:00Z,Louisiana Ragin Cajuns,UAB Blazers,betrivers,UAB Blazers,8.5,-136
2026-09-15T20:51:47Z,828ceb39d7fd7da80c98174ae5f02dcd,2026-09-20T00:00:00Z,Louisiana Ragin Cajuns,UAB Blazers,betus,Louisiana Ragin Cajuns,-7.5,-105
2026-09-15T20:51:47Z,828ceb39d7fd7da80c98174ae5f02dcd,2026-09-20T00:00:00Z,Louisiana Ragin Cajuns,UAB Blazers,betus,UAB Blazers,7.5,-115
2026-09-15T20:51:47Z,0cdf27f150204b8512bca1e2d7cce051,2026-09-20T02:00:00Z,San Diego State Aztecs,James Madison Dukes,betrivers,James Madison Dukes,2.5,-120
2026-09-15T20:51:47Z,0cdf27f150204b8512bca1e2d7cce051,2026-09-20T02:00:00Z,San Diego State Aztecs,James Madison Dukes,betrivers,San Diego State Aztecs,-2.5,-105
2026-09-15T20:51:47Z,0c7583234f964dbb7d9803a27d6b6dae,2026-09-20T02:30:00Z,Sacramento State Hornets,North Dakota State Bison,betrivers,North Dakota State Bison,-27.5,-112
2026-09-15T20:51:47Z,0c7583234f964dbb7d9803a27d6b6dae,2026-09-20T02:30:00Z,Sacramento State Hornets,North Dakota State Bison,betrivers,Sacramento State Hornets,27.5,-112
2026-09-15T20:51:47Z,f6db4e789ff9341a9c94befc751c5f53,2026-09-20T03:00:00Z,San Jose State Spartans,Fresno State Bulldogs,betrivers,Fresno State Bulldogs,-6.5,-112
2026-09-15T20:51:47Z,f6db4e789ff9341a9c94befc751c5f53,2026-09-20T03:00:00Z,San Jose State Spartans,Fresno State Bulldogs,betrivers,San Jose State Spartans,6.5,-112
2026-09-15T20:51:47Z,7a6a2035bf5d7abd30d6cc8b76d59e3e,2026-09-20T03:00:00Z,UCLA Bruins,Purdue Boilermakers,fanduel,Purdue Boilermakers,14.5,-120
2026-09-15T20:51:47Z,7a6a2035bf5d7abd30d6cc8b76d59e3e,2026-09-20T03:00:00Z,UCLA Bruins,Purdue Boilermakers,fanduel,UCLA Bruins,-14.5,-102
2026-09-15T20:51:47Z,7a6a2035bf5d7abd30d6cc8b76d59e3e,2026-09-20T03:00:00Z,UCLA Bruins,Purdue Boilermakers,lowvig,Purdue Boilermakers,14.0,-106
2026-09-15T20:51:47Z,7a6a2035bf5d7abd30d6cc8b76d59e3e,2026-09-20T03:00:00Z,UCLA Bruins,Purdue Boilermakers,lowvig,UCLA Bruins,-14.0,-106
2026-09-15T20:51:47Z,7a6a2035bf5d7abd30d6cc8b76d59e3e,2026-09-20T03:00:00Z,UCLA Bruins,Purdue Boilermakers,betonlineag,Purdue Boilermakers,14.0,-110
2026-09-15T20:51:47Z,7a6a2035bf5d7abd30d6cc8b76d59e3e,2026-09-20T03:00:00Z,UCLA Bruins,Purdue Boilermakers,betonlineag,UCLA Bruins,-14.0,-110
2026-09-15T20:51:47Z,7a6a2035bf5d7abd30d6cc8b76d59e3e,2026-09-20T03:00:00Z,UCLA Bruins,Purdue Boilermakers,betmgm,Purdue Boilermakers,14.0,-108
2026-09-15T20:51:47Z,7a6a2035bf5d7abd30d6cc8b76d59e3e,2026-09-20T03:00:00Z,UCLA Bruins,Purdue Boilermakers,betmgm,UCLA Bruins,-14.0,-110
2026-09-15T20:51:47Z,7a6a2035bf5d7abd30d6cc8b76d59e3e,2026-09-20T03:00:00Z,UCLA Bruins,Purdue Boilermakers,mybookieag,Purdue Boilermakers,14.0,-110
2026-09-15T20:51:47Z,7a6a2035bf5d7abd30d6cc8b76d59e3e,2026-09-20T03:00:00Z,UCLA Bruins,Purdue Boilermakers,mybookieag,UCLA Bruins,-14.0,-110
2026-09-15T20:51:47Z,83516ad7ba3e8ef9f90498cfcaf10eb5,2026-09-26T23:00:00Z,USC Trojans,Oregon Ducks,fanduel,Oregon Ducks,-1.5,-108
2026-09-15T20:51:47Z,83516ad7ba3e8ef9f90498cfcaf10eb5,2026-09-26T23:00:00Z,USC Trojans,Oregon Ducks,fanduel,USC Trojans,1.5,-112
2026-09-16T03:19:24Z,f06e90b4212fb514f3564ded9f190107,2026-09-17T23:30:00Z,Pittsburgh Panthers,Syracuse Orange,fanduel,Pittsburgh Panthers,-9.5,-120
2026-09-16T03:19:24Z,f06e90b4212fb514f3564ded9f190107,2026-09-17T23:30:00Z,Pittsburgh Panthers,Syracuse Orange,fanduel,Syracuse Orange,9.5,-102
2026-09-16T03:19:24Z,f06e90b4212fb514f3564ded9f190107,2026-09-17T23:30:00Z,Pittsburgh Panthers,Syracuse Orange,betrivers,Pittsburgh Panthers,-10.5,-110
2026-09-16T03:19:24Z,f06e90b4212fb514f3564ded9f190107,2026-09-17T23:30:00Z,Pittsburgh Panthers,Syracuse Orange,betrivers,Syracuse Orange,10.5,-114
2026-09-16T03:19:24Z,720451b07d54e435c9be484ef73ea211,2026-09-18T23:30:00Z,Wake Forest Demon Deacons,Miami Hurricanes,draftkings,Miami Hurricanes,-20.5,-118
2026-09-16T03:19:24Z,720451b07d54e435c9be484ef73ea211,2026-09-18T23:30:00Z,Wake Forest Demon Deacons,Miami Hurricanes,draftkings,Wake Forest Demon Deacons,20.5,-102
2026-09-16T03:19:24Z,720451b07d54e435c9be484ef73ea211,2026-09-18T23:30:00Z,Wake Forest Demon Deacons,Miami Hurricanes,lowvig,Miami Hurricanes,-21.0,-106
2026-09-16T03:19:24Z,720451b07d54e435c9be484ef73ea211,2026-09-18T23:30:00Z,Wake Forest Demon Deacons,Miami Hurricanes,lowvig,Wake Forest Demon Deacons,21.0,-106
2026-09-16T03:19:24Z,720451b07d54e435c9be484ef73ea211,2026-09-18T23:30:00Z,Wake Forest Demon Deacons,Miami Hurricanes,betonlineag,Miami Hurricanes,-21.0,-110
2026-09-16T03:19:24Z,720451b07d54e435c9be484ef73ea211,2026-09-18T23:30:00Z,Wake Forest Demon Deacons,Miami Hurricanes,betonlineag,Wake Forest Demon Deacons,21.0,-110
2026-09-16T03:19:24Z,7311bf775464ae97893928e22512bb47,2026-09-19T00:00:00Z,Texas Tech Red Raiders,Houston Cougars,betmgm,Houston Cougars,7.5,-115
2026-09-16T03:19:24Z,7311bf775464ae97893928e22512bb47,2026-09-19T00:00:00Z,Texas Tech Red Raiders,Houston Cougars,betmgm,Texas Tech Red Raiders,-7.5,-105
2026-09-16T03:19:24Z,5658a82b80479ea42281da7d3e3e1337,2026-09-19T02:30:00Z,Oregon Ducks,Portland State Vikings,betrivers,Oregon Ducks,-57.5,-110
2026-09-16T03:19:24Z,5658a82b80479ea42281da7d3e3e1337,2026-09-19T02:30:00Z,Oregon Ducks,Portland State Vikings,betrivers,Portland State Vikings,57.5,-113
2026-09-16T03:19:24Z,5658a82b80479ea42281da7d3e3e1337,2026-09-19T02:30:00Z,Oregon Ducks,Portland State Vikings,betonlineag,Oregon Ducks,-57.5,-110
2026-09-16T03:19:24Z,5658a82b80479ea42281da7d3e3e1337,2026-09-19T02:30:00Z,Oregon Ducks,Portland State Vikings,betonlineag,Portland State Vikings,57.5,-120
2026-09-16T03:19:24Z,5658a82b80479ea42281da7d3e3e1337,2026-09-19T02:30:00Z,Oregon Ducks,Portland State Vikings,lowvig,Oregon Ducks,-57.5,-110
2026-09-16T03:19:24Z,5658a82b80479ea42281da7d3e3e1337,2026-09-19T02:30:00Z,Oregon Ducks,Portland State Vikings,lowvig,Portland State Vikings,57.5,-120
2026-09-16T03:19:24Z,529a333381665c34d05b290d2c9eb5b9,2026-09-19T15:30:00Z,Delaware Blue Hens,Coastal Carolina Chanticleers,betmgm,Coastal Carolina Chanticleers,5.0,-110
2026-09-16T03:19:24Z,529a333381665c34d05b290d2c9eb5b9,2026-09-19T15:30:00Z,Delaware Blue Hens,Coastal Carolina Chanticleers,betmgm,Delaware Blue Hens,-5.0,-108
2026-09-16T03:19:24Z,5bc9efd5f27827a26c1cf8744bb8c2b1,2026-09-19T16:00:00Z,Minnesota Golden Gophers,Akron Zips,fanduel,Akron Zips,23.5,-110
2026-09-16T03:19:24Z,5bc9efd5f27827a26c1cf8744bb8c2b1,2026-09-19T16:00:00Z,Minnesota Golden Gophers,Akron Zips,fanduel,Minnesota Golden Gophers,-23.5,-112
2026-09-16T03:19:24Z,5bc9efd5f27827a26c1cf8744bb8c2b1,2026-09-19T16:00:00Z,Minnesota Golden Gophers,Akron Zips,betmgm,Akron Zips,23.5,-110
2026-09-16T03:19:24Z,5bc9efd5f27827a26c1cf8744bb8c2b1,2026-09-19T16:00:00Z,Minnesota Golden Gophers,Akron Zips,betmgm,Minnesota Golden Gophers,-23.5,-108
2026-09-16T03:19:24Z,01e9c4d460a55375a75d025e2b1ddbf5,2026-09-19T16:00:00Z,Arkansas Razorbacks,Georgia Bulldogs,fanduel,Arkansas Razorbacks,24.5,-105
2026-09-16T03:19:24Z,01e9c4d460a55375a75d025e2b1ddbf5,2026-09-19T16:00:00Z,Arkansas Razorbacks,Georgia Bulldogs,fanduel,Georgia Bulldogs,-24.5,-115
2026-09-16T03:19:24Z,01e9c4d460a55375a75d025e2b1ddbf5,2026-09-19T16:00:00Z,Arkansas Razorbacks,Georgia Bulldogs,draftkings,Arkansas Razorbacks,24.5,-102
2026-09-16T03:19:24Z,01e9c4d460a55375a75d025e2b1ddbf5,2026-09-19T16:00:00Z,Arkansas Razorbacks,Georgia Bulldogs,draftkings,Georgia Bulldogs,-24.5,-118
2026-09-16T03:19:24Z,01e9c4d460a55375a75d025e2b1ddbf5,2026-09-19T16:00:00Z,Arkansas Razorbacks,Georgia Bulldogs,lowvig,Arkansas Razorbacks,24.5,102
2026-09-16T03:19:24Z,01e9c4d460a55375a75d025e2b1ddbf5,2026-09-19T16:00:00Z,Arkansas Razorbacks,Georgia Bulldogs,lowvig,Georgia Bulldogs,-24.5,-114
2026-09-16T03:19:24Z,01e9c4d460a55375a75d025e2b1ddbf5,2026-09-19T16:00:00Z,Arkansas Razorbacks,Georgia Bulldogs,betonlineag,Arkansas Razorbacks,24.5,-102
2026-09-16T03:19:24Z,01e9c4d460a55375a75d025e2b1ddbf5,2026-09-19T16:00:00Z,Arkansas Razorbacks,Georgia Bulldogs,betonlineag,Georgia Bulldogs,-24.5,-118
2026-09-16T03:19:24Z,01e9c4d460a55375a75d025e2b1ddbf5,2026-09-19T16:00:00Z,Arkansas Razorbacks,Georgia Bulldogs,betmgm,Arkansas Razorbacks,25.0,-110
2026-09-16T03:19:24Z,01e9c4d460a55375a75d025e2b1ddbf5,2026-09-19T16:00:00Z,Arkansas Razorbacks,Georgia Bulldogs,bovada,Arkansas Razorbacks,24.5,-105
2026-09-16T03:19:24Z,01e9c4d460a55375a75d025e2b1ddbf5,2026-09-19T16:00:00Z,Arkansas Razorbacks,Georgia Bulldogs,bovada,Georgia Bulldogs,-24.5,-115
2026-09-16T03:19:24Z,3fe3d77e009a7f205cce737523609a86,2026-09-19T16:00:00Z,Clemson Tigers,North Carolina Tar Heels,betrivers,Clemson Tigers,-3.5,-110
2026-09-16T03:19:24Z,3fe3d77e009a7f205cce737523609a86,2026-09-19T16:00:00Z,Clemson Tigers,North Carolina Tar Heels,betrivers,North Carolina Tar Heels,3.5,-113
2026-09-16T03:19:24Z,3fe3d77e009a7f205cce737523609a86,2026-09-19T16:00:00Z,Clemson Tigers,North Carolina Tar Heels,lowvig,Clemson Tigers,-3.5,102
2026-09-16T03:19:24Z,3fe3d77e009a7f205cce737523609a86,2026-09-19T16:00:00Z,Clemson Tigers,North Carolina Tar Heels,lowvig,North Carolina Tar Heels,3.5,-114
2026-09-16T03:19:24Z,3fe3d77e009a7f205cce737523609a86,2026-09-19T16:00:00Z,Clemson Tigers,North Carolina Tar Heels,betonlineag,Clemson Tigers,-3.5,-102
2026-09-16T03:19:24Z,3fe3d77e009a7f205cce737523609a86,2026-09-19T16:00:00Z,Clemson Tigers,North Carolina Tar Heels,betonlineag,North Carolina Tar Heels,3.5,-118
2026-09-16T03:19:24Z,3fe3d77e009a7f205cce737523609a86,2026-09-19T16:00:00Z,Clemson Tigers,North Carolina Tar Heels,betmgm,Clemson Tigers,-3.5,-102
2026-09-16T03:19:24Z,72215c37435df22c87999aa675c675ca,2026-09-19T16:00:00Z,Kansas State Wildcats,Tulane Green Wave,betrivers,Kansas State Wildcats,-20.5,-112
2026-09-16T03:19:24Z,72215c37435df22c87999aa675c675ca,2026-09-19T16:00:00Z,Kansas State Wildcats,Tulane Green Wave,betrivers,Tulane Green Wave,20.5,-112
2026-09-16T03:19:24Z,72215c37435df22c87999aa675c675ca,2026-09-19T16:00:00Z,Kansas State Wildcats,Tulane Green Wave,betmgm,Tulane Green Wave,20.5,-110
2026-09-16T03:19:24Z,6eee31d7778965a3e617f10146619c1d,2026-09-19T16:00:00Z,Ohio State Buckeyes,Kent State Golden Flashes,lowvig,Kent State Golden Flashes,53.0,-106
2026-09-16T03:19:24Z,6eee31d7778965a3e617f10146619c1d,2026-09-19T16:00:00Z,Ohio State Buckeyes,Kent State Golden Flashes,lowvig,Ohio State Buckeyes,-53.0,-106
2026-09-16T03:19:24Z,6eee31d7778965a3e617f10146619c1d,2026-09-19T16:00:00Z,Ohio State Buckeyes,Kent State Golden Flashes,betonlineag,Kent State Golden Flashes,53.0,-110
2026-09-16T03:19:24Z,6eee31d7778965a3e617f10146619c1d,2026-09-19T16:00:00Z,Ohio State Buckeyes,Kent State Golden Flashes,betonlineag,Ohio State Buckeyes,-53.0,-110
2026-09-16T03:19:24Z,6eee31d7778965a3e617f10146619c1d,2026-09-19T16:00:00Z,Ohio State Buckeyes,Kent State Golden Flashes,betus,Kent State Golden Flashes,53.0,-110
2026-09-16T03:19:24Z,6eee31d7778965a3e617f10146619c1d,2026-09-19T16:00:00Z,Ohio State Buckeyes,Kent State Golden Flashes,betus,Ohio State Buckeyes,-53.0,-110
2026-09-16T03:19:24Z,b0cd2e8beaf0dc333daa592a0d3d5c3a,2026-09-19T16:00:00Z,Texas State Bobcats,North Texas Mean Green,draftkings,North Texas Mean Green,3.0,-112
2026-09-16T03:19:24Z,b0cd2e8beaf0dc333daa592a0d3d5c3a,2026-09-19T16:00:00Z,Texas State Bobcats,North Texas Mean Green,draftkings,Texas State Bobcats,-3.0,-108
2026-09-16T03:19:24Z,b0cd2e8beaf0dc333daa592a0d3d5c3a,2026-09-19T16:00:00Z,Texas State Bobcats,North Texas Mean Green,lowvig,North Texas Mean Green,3.0,-111
2026-09-16T03:19:24Z,b0cd2e8beaf0dc333daa592a0d3d5c3a,2026-09-19T16:00:00Z,Texas State Bobcats,North Texas Mean Green,lowvig,Texas State Bobcats,-3.0,-101
2026-09-16T03:19:24Z,b0cd2e8beaf0dc333daa592a0d3d5c3a,2026-09-19T16:00:00Z,Texas State Bobcats,North Texas Mean Green,betonlineag,North Texas Mean Green,3.0,-115
2026-09-16T03:19:24Z,b0cd2e8beaf0dc333daa592a0d3d5c3a,2026-09-19T16:00:00Z,Texas State Bobcats,North Texas Mean Green,betonlineag,Texas State Bobcats,-3.0,-105
2026-09-16T03:19:24Z,bd7ae9e585a6595f7d308d45e1bf35e3,2026-09-19T16:30:00Z,Wisconsin Badgers,Eastern Michigan Eagles,betrivers,Eastern Michigan Eagles,25.5,-109
2026-09-16T03:19:24Z,bd7ae9e585a6595f7d308d45e1bf35e3,2026-09-19T16:30:00Z,Wisconsin Badgers,Eastern Michigan Eagles,betrivers,Wisconsin Badgers,-25.5,-114
2026-09-16T03:19:24Z,bd7ae9e585a6595f7d308d45e1bf35e3,2026-09-19T16:30:00Z,Wisconsin Badgers,Eastern Michigan Eagles,lowvig,Eastern Michigan Eagles,23.5,-104
2026-09-16T03:19:24Z,bd7ae9e585a6595f7d308d45e1bf35e3,2026-09-19T16:30:00Z,Wisconsin Badgers,Eastern Michigan Eagles,lowvig,Wisconsin Badgers,-23.5,-108
2026-09-16T03:19:24Z,bd7ae9e585a6595f7d308d45e1bf35e3,2026-09-19T16:30:00Z,Wisconsin Badgers,Eastern Michigan Eagles,betonlineag,Eastern Michigan Eagles,23.5,-108
2026-09-16T03:19:24Z,bd7ae9e585a6595f7d308d45e1bf35e3,2026-09-19T16:30:00Z,Wisconsin Badgers,Eastern Michigan Eagles,betonlineag,Wisconsin Badgers,-23.5,-112
2026-09-16T03:19:24Z,bd7ae9e585a6595f7d308d45e1bf35e3,2026-09-19T16:30:00Z,Wisconsin Badgers,Eastern Michigan Eagles,betmgm,Wisconsin Badgers,-24.0,-108
2026-09-16T03:19:24Z,bd7ae9e585a6595f7d308d45e1bf35e3,2026-09-19T16:30:00Z,Wisconsin Badgers,Eastern Michigan Eagles,betus,Eastern Michigan Eagles,23.5,-110
2026-09-16T03:19:24Z,bd7ae9e585a6595f7d308d45e1bf35e3,2026-09-19T16:30:00Z,Wisconsin Badgers,Eastern Michigan Eagles,betus,Wisconsin Badgers,-23.5,-110
2026-09-16T03:19:24Z,2e9835b129f8b8055d4a24f736547363,2026-09-19T16:45:00Z,Vanderbilt Commodores,NC State Wolfpack,draftkings,NC State Wolfpack,3.5,-112
2026-09-16T03:19:24Z,2e9835b129f8b8055d4a24f736547363,2026-09-19T16:45:00Z,Vanderbilt Commodores,NC State Wolfpack,draftkings,Vanderbilt Commodores,-3.5,-108
2026-09-16T03:19:24Z,2e9835b129f8b8055d4a24f736547363,2026-09-19T16:45:00Z,Vanderbilt Commodores,NC State Wolfpack,betmgm,NC State Wolfpack,3.5,-110
2026-09-16T03:19:24Z,2e9835b129f8b8055d4a24f736547363,2026-09-19T16:45:00Z,Vanderbilt Commodores,NC State Wolfpack,betmgm,Vanderbilt Commodores,-3.5,-108
2026-09-16T03:19:24Z,2e9835b129f8b8055d4a24f736547363,2026-09-19T16:45:00Z,Vanderbilt Commodores,NC State Wolfpack,bovada,NC State Wolfpack,3.5,-115
2026-09-16T03:19:24Z,2e9835b129f8b8055d4a24f736547363,2026-09-19T16:45:00Z,Vanderbilt Commodores,NC State Wolfpack,bovada,Vanderbilt Commodores,-3.5,-105
2026-09-16T03:19:24Z,26a76b78050ad3953d2d41dbeecd5a07,2026-09-19T17:00:00Z,Central Michigan Chippewas,Wyoming Cowboys,betmgm,Central Michigan Chippewas,-1.5,-108
2026-09-16T03:19:24Z,26a76b78050ad3953d2d41dbeecd5a07,2026-09-19T17:00:00Z,Central Michigan Chippewas,Wyoming Cowboys,betmgm,Wyoming Cowboys,1.5,-110
2026-09-16T03:19:24Z,ea8b0414ff464255eef426fd61427030,2026-09-19T19:00:00Z,Toledo Rockets,Temple Owls,betonlineag,Temple Owls,6.0,-115
2026-09-16T03:19:24Z,ea8b0414ff464255eef426fd61427030,2026-09-19T19:00:00Z,Toledo Rockets,Temple Owls,betonlineag,Toledo Rockets,-6.0,-105
2026-09-16T03:19:24Z,ea8b0414ff464255eef426fd61427030,2026-09-19T19:00:00Z,Toledo Rockets,Temple Owls,draftkings,Temple Owls,6.0,-112
2026-09-16T03:19:24Z,ea8b0414ff464255eef426fd61427030,2026-09-19T19:00:00Z,Toledo Rockets,Temple Owls,draftkings,Toledo Rockets,-6.0,-108
2026-09-16T03:19:24Z,ea8b0414ff464255eef426fd61427030,2026-09-19T19:00:00Z,Toledo Rockets,Temple Owls,lowvig,Temple Owls,6.0,-111
2026-09-16T03:19:24Z,ea8b0414ff464255eef426fd61427030,2026-09-19T19:00:00Z,Toledo Rockets,Temple Owls,lowvig,Toledo Rockets,-6.0,-101
2026-09-16T03:19:24Z,ea8b0414ff464255eef426fd61427030,2026-09-19T19:00:00Z,Toledo Rockets,Temple Owls,betrivers,Temple Owls,5.5,-109
2026-09-16T03:19:24Z,ea8b0414ff464255eef426fd61427030,2026-09-19T19:00:00Z,Toledo Rockets,Temple Owls,betrivers,Toledo Rockets,-5.5,-114
2026-09-16T03:19:24Z,a85cea77fbd44d9135461815777f6a9c,2026-09-19T19:30:00Z,Alabama Crimson Tide,Florida State Seminoles,draftkings,Alabama Crimson Tide,-19.5,-112
2026-09-16T03:19:24Z,a85cea77fbd44d9135461815777f6a9c,2026-09-19T19:30:00Z,Alabama Crimson Tide,Florida State Seminoles,draftkings,Florida State Seminoles,19.5,-108
2026-09-16T03:19:24Z,a85cea77fbd44d9135461815777f6a9c,2026-09-19T19:30:00Z,Alabama Crimson Tide,Florida State Seminoles,betrivers,Alabama Crimson Tide,-20.0,-109
2026-09-16T03:19:24Z,a85cea77fbd44d9135461815777f6a9c,2026-09-19T19:30:00Z,Alabama Crimson Tide,Florida State Seminoles,betrivers,Florida State Seminoles,20.0,-114
2026-09-16T03:19:24Z,a85cea77fbd44d9135461815777f6a9c,2026-09-19T19:30:00Z,Alabama Crimson Tide,Florida State Seminoles,bovada,Alabama Crimson Tide,-20.0,-110
2026-09-16T03:19:24Z,a85cea77fbd44d9135461815777f6a9c,2026-09-19T19:30:00Z,Alabama Crimson Tide,Florida State Seminoles,bovada,Florida State Seminoles,20.0,-110
2026-09-16T03:19:24Z,15ebe2df1d91e584d091d509e70a1a71,2026-09-19T19:30:00Z,Cincinnati Bearcats,Miami (OH) RedHawks,draftkings,Cincinnati Bearcats,-14.5,-112
2026-09-16T03:19:24Z,15ebe2df1d91e584d091d509e70a1a71,2026-09-19T19:30:00Z,Cincinnati Bearcats,Miami (OH) RedHawks,draftkings,Miami (OH) RedHawks,14.5,-108
2026-09-16T03:19:24Z,15ebe2df1d91e584d091d509e70a1a71,2026-09-19T19:30:00Z,Cincinnati Bearcats,Miami (OH) RedHawks,lowvig,Cincinnati Bearcats,-14.5,-101
2026-09-16T03:19:24Z,15ebe2df1d91e584d091d509e70a1a71,2026-09-19T19:30:00Z,Cincinnati Bearcats,Miami (OH) RedHawks,lowvig,Miami (OH) RedHawks,14.5,-111
2026-09-16T03:19:24Z,15ebe2df1d91e584d091d509e70a1a71,2026-09-19T19:30:00Z,Cincinnati Bearcats,Miami (OH) RedHawks,betonlineag,Cincinnati Bearcats,-14.5,-105
2026-09-16T03:19:24Z,15ebe2df1d91e584d091d509e70a1a71,2026-09-19T19:30:00Z,Cincinnati Bearcats,Miami (OH) RedHawks,betonlineag,Miami (OH) RedHawks,14.5,-115
2026-09-16T03:19:24Z,15ebe2df1d91e584d091d509e70a1a71,2026-09-19T19:30:00Z,Cincinnati Bearcats,Miami (OH) RedHawks,betmgm,Cincinnati Bearcats,-14.5,-105
2026-09-16T03:19:24Z,15ebe2df1d91e584d091d509e70a1a71,2026-09-19T19:30:00Z,Cincinnati Bearcats,Miami (OH) RedHawks,betmgm,Miami (OH) RedHawks,14.5,-112
2026-09-16T03:19:24Z,15ebe2df1d91e584d091d509e70a1a71,2026-09-19T19:30:00Z,Cincinnati Bearcats,Miami (OH) RedHawks,betus,Cincinnati Bearcats,-14.5,-105
2026-09-16T03:19:24Z,15ebe2df1d91e584d091d509e70a1a71,2026-09-19T19:30:00Z,Cincinnati Bearcats,Miami (OH) RedHawks,betus,Miami (OH) RedHawks,14.5,-115
2026-09-16T03:19:24Z,d2da9e958e6f4800929ff9411b697a4b,2026-09-19T19:30:00Z,Texas A&M Aggies,Kentucky Wildcats,fanduel,Kentucky Wildcats,16.5,-105
2026-09-16T03:19:24Z,d2da9e958e6f4800929ff9411b697a4b,2026-09-19T19:30:00Z,Texas A&M Aggies,Kentucky Wildcats,fanduel,Texas A&M Aggies,-16.5,-115
2026-09-16T03:19:24Z,dbcfc3184e20d1ea45e910b89585071f,2026-09-19T19:30:00Z,Louisville Cardinals,SMU Mustangs,betrivers,Louisville Cardinals,-2.0,-109
2026-09-16T03:19:24Z,dbcfc3184e20d1ea45e910b89585071f,2026-09-19T19:30:00Z,Louisville Cardinals,SMU Mustangs,betrivers,SMU Mustangs,2.0,-114
2026-09-16T03:19:24Z,dbcfc3184e20d1ea45e910b89585071f,2026-09-19T19:30:00Z,Louisville Cardinals,SMU Mustangs,lowvig,Louisville Cardinals,-1.5,-101
2026-09-16T03:19:24Z,dbcfc3184e20d1ea45e910b89585071f,2026-09-19T19:30:00Z,Louisville Cardinals,SMU Mustangs,lowvig,SMU Mustangs,1.5,-111
2026-09-16T03:19:24Z,dbcfc3184e20d1ea45e910b89585071f,2026-09-19T19:30:00Z,Louisville Cardinals,SMU Mustangs,betonlineag,Louisville Cardinals,-1.5,-105
2026-09-16T03:19:24Z,dbcfc3184e20d1ea45e910b89585071f,2026-09-19T19:30:00Z,Louisville Cardinals,SMU Mustangs,betonlineag,SMU Mustangs,1.5,-115
2026-09-16T03:19:24Z,dbcfc3184e20d1ea45e910b89585071f,2026-09-19T19:30:00Z,Louisville Cardinals,SMU Mustangs,betus,Louisville Cardinals,-1.5,-105
2026-09-16T03:19:24Z,dbcfc3184e20d1ea45e910b89585071f,2026-09-19T19:30:00Z,Louisville Cardinals,SMU Mustangs,betus,SMU Mustangs,1.5,-115
2026-09-16T03:19:24Z,dbcfc3184e20d1ea45e910b89585071f,2026-09-19T19:30:00Z,Louisville Cardinals,SMU Mustangs,bovada,Louisville Cardinals,-1.0,-115
2026-09-16T03:19:24Z,dbcfc3184e20d1ea45e910b89585071f,2026-09-19T19:30:00Z,Louisville Cardinals,SMU Mustangs,bovada,SMU Mustangs,1.0,-105
2026-09-16T03:19:24Z,8b31d45a11a98ec8e6a9a9a5368a1bf4,2026-09-19T19:30:00Z,Rutgers Scarlet Knights,USC Trojans,betrivers,Rutgers Scarlet Knights,24.0,-113
2026-09-16T03:19:24Z,8b31d45a11a98ec8e6a9a9a5368a1bf4,2026-09-19T19:30:00Z,Rutgers Scarlet Knights,USC Trojans,betrivers,USC Trojans,-24.0,-110
2026-09-16T03:19:24Z,8b31d45a11a98ec8e6a9a9a5368a1bf4,2026-09-19T19:30:00Z,Rutgers Scarlet Knights,USC Trojans,bovada,Rutgers Scarlet Knights,24.0,-110
2026-09-16T03:19:24Z,8b31d45a11a98ec8e6a9a9a5368a1bf4,2026-09-19T19:30:00Z,Rutgers Scarlet Knights,USC Trojans,bovada,USC Trojans,-24.0,-110
2026-09-16T03:19:24Z,9a94b95365b9c78fbfb612ce4c859eda,2026-09-19T19:30:00Z,Utah Utes,Utah State Aggies,betonlineag,Utah State Aggies,28.0,-115
2026-09-16T03:19:24Z,9a94b95365b9c78fbfb612ce4c859eda,2026-09-19T19:30:00Z,Utah Utes,Utah State Aggies,betonlineag,Utah Utes,-28.0,-105
2026-09-16T03:19:24Z,089e1a60578160dd6828794656461ba5,2026-09-19T20:00:00Z,Liberty Flames,Ball State Cardinals,betonlineag,Ball State Cardinals,14.5,-112
2026-09-16T03:19:24Z,089e1a60578160dd6828794656461ba5,2026-09-19T20:00:00Z,Liberty Flames,Ball State Cardinals,betonlineag,Liberty Flames,-14.5,-108
2026-09-16T03:19:24Z,089e1a60578160dd6828794656461ba5,2026-09-19T20:00:00Z,Liberty Flames,Ball State Cardinals,lowvig,Ball State Cardinals,14.5,-108
2026-09-16T03:19:24Z,089e1a60578160dd6828794656461ba5,2026-09-19T20:00:00Z,Liberty Flames,Ball State Cardinals,lowvig,Liberty Flames,-14.5,-104
2026-09-16T03:19:24Z,790266884d07b6c2aeed8efc216ba610,2026-09-19T20:00:00Z,Baylor Bears,Louisiana Tech Bulldogs,bovada,Baylor Bears,-19.0,-110
2026-09-16T03:19:24Z,790266884d07b6c2aeed8efc216ba610,2026-09-19T20:00:00Z,Baylor Bears,Louisiana Tech Bulldogs,bovada,Louisiana Tech Bulldogs,19.0,-110
2026-09-16T03:19:24Z,3c742aa7dc1c1da030846964a72de370,2026-09-19T20:00:00Z,Duke Blue Devils,Stanford Cardinal,lowvig,Duke Blue Devils,-9.5,-108
2026-09-16T03:19:24Z,3c742aa7dc1c1da030846964a72de370,2026-09-19T20:00:00Z,Duke Blue Devils,Stanford Cardinal,lowvig,Stanford Cardinal,9.5,-104
2026-09-16T03:19:24Z,3c742aa7dc1c1da030846964a72de370,2026-09-19T20:00:00Z,Duke Blue Devils,Stanford Cardinal,betonlineag,Duke Blue Devils,-9.5,-112
2026-09-16T03:19:24Z,3c742aa7dc1c1da030846964a72de370,2026-09-19T20:00:00Z,Duke Blue Devils,Stanford Cardinal,betonlineag,Stanford Cardinal,9.5,-108
2026-09-16T03:19:24Z,f459decff5e212a417df01fead33b180,2026-09-19T20:00:00Z,Indiana Hoosiers,Western Kentucky Hilltoppers,lowvig,Indiana Hoosiers,-44.0,-109
2026-09-16T03:19:24Z,f459decff5e212a417df01fead33b180,2026-09-19T20:00:00Z,Indiana Hoosiers,Western Kentucky Hilltoppers,lowvig,Western Kentucky Hilltoppers,44.0,-103
2026-09-16T03:19:24Z,f459decff5e212a417df01fead33b180,2026-09-19T20:00:00Z,Indiana Hoosiers,Western Kentucky Hilltoppers,betonlineag,Indiana Hoosiers,-44.0,-113
2026-09-16T03:19:24Z,f459decff5e212a417df01fead33b180,2026-09-19T20:00:00Z,Indiana Hoosiers,Western Kentucky Hilltoppers,betonlineag,Western Kentucky Hilltoppers,44.0,-107
2026-09-16T03:19:24Z,a4e7771497976db67e6a81bc3700b32f,2026-09-19T20:15:00Z,South Carolina Gamecocks,Mississippi State Bulldogs,betrivers,Mississippi State Bulldogs,4.0,-114
2026-09-16T03:19:24Z,a4e7771497976db67e6a81bc3700b32f,2026-09-19T20:15:00Z,South Carolina Gamecocks,Mississippi State Bulldogs,betrivers,South Carolina Gamecocks,-4.0,-109
2026-09-16T03:19:24Z,a4e7771497976db67e6a81bc3700b32f,2026-09-19T20:15:00Z,South Carolina Gamecocks,Mississippi State Bulldogs,lowvig,Mississippi State Bulldogs,3.5,-106
2026-09-16T03:19:24Z,a4e7771497976db67e6a81bc3700b32f,2026-09-19T20:15:00Z,South Carolina Gamecocks,Mississippi State Bulldogs,lowvig,South Carolina Gamecocks,-3.5,-106
2026-09-16T03:19:24Z,a4e7771497976db67e6a81bc3700b32f,2026-09-19T20:15:00Z,South Carolina Gamecocks,Mississippi State Bulldogs,betonlineag,Mississippi State Bulldogs,3.5,-110
2026-09-16T03:19:24Z,a4e7771497976db67e6a81bc3700b32f,2026-09-19T20:15:00Z,South Carolina Gamecocks,Mississippi State Bulldogs,betonlineag,South Carolina Gamecocks,-3.5,-110
2026-09-16T03:19:24Z,a4e7771497976db67e6a81bc3700b32f,2026-09-19T20:15:00Z,South Carolina Gamecocks,Mississippi State Bulldogs,betmgm,South Carolina Gamecocks,-3.5,-110
2026-09-16T03:19:24Z,a4e7771497976db67e6a81bc3700b32f,2026-09-19T20:15:00Z,South Carolina Gamecocks,Mississippi State Bulldogs,betus,Mississippi State Bulldogs,3.5,-110
2026-09-16T03:19:24Z,a4e7771497976db67e6a81bc3700b32f,2026-09-19T20:15:00Z,South Carolina Gamecocks,Mississippi State Bulldogs,betus,South Carolina Gamecocks,-3.5,-110
2026-09-16T03:19:24Z,436d9422da324c807b9d2fb50a2ef62a,2026-09-19T22:00:00Z,Old Dominion Monarchs,East Carolina Pirates,draftkings,East Carolina Pirates,3.0,-120
2026-09-16T03:19:24Z,436d9422da324c807b9d2fb50a2ef62a,2026-09-19T22:00:00Z,Old Dominion Monarchs,East Carolina Pirates,draftkings,Old Dominion Monarchs,-3.0,100
2026-09-16T03:19:24Z,436d9422da324c807b9d2fb50a2ef62a,2026-09-19T22:00:00Z,Old Dominion Monarchs,East Carolina Pirates,betmgm,East Carolina Pirates,3.0,-118
2026-09-16T03:19:24Z,436d9422da324c807b9d2fb50a2ef62a,2026-09-19T22:00:00Z,Old Dominion Monarchs,East Carolina Pirates,betmgm,Old Dominion Monarchs,-3.0,-102
2026-09-16T03:19:24Z,da4cee8b35281f4528d3dd939d42814d,2026-09-19T22:00:00Z,Florida Atlantic Owls,Florida International Panthers,betrivers,Florida Atlantic Owls,-7.5,110
2026-09-16T03:19:24Z,da4cee8b35281f4528d3dd939d42814d,2026-09-19T22:00:00Z,Florida Atlantic Owls,Florida International Panthers,betrivers,Florida International Panthers,7.5,-136
2026-09-16T03:19:24Z,da4cee8b35281f4528d3dd939d42814d,2026-09-19T22:00:00Z,Florida Atlantic Owls,Florida International Panthers,bovada,Florida Atlantic Owls,-7.0,100
2026-09-16T03:19:24Z,da4cee8b35281f4528d3dd939d42814d,2026-09-19T22:00:00Z,Florida Atlantic Owls,Florida International Panthers,bovada,Florida International Panthers,7.0,-120
2026-09-16T03:19:24Z,fa9113ed354c9a40e487f5b923b4238f,2026-09-19T22:30:00Z,Missouri State Bears,Marshall Thundering Herd,draftkings,Marshall Thundering Herd,-4.0,-110
2026-09-16T03:19:24Z,fa9113ed354c9a40e487f5b923b4238f,2026-09-19T22:30:00Z,Missouri State Bears,Marshall Thundering Herd,draftkings,Missouri State Bears,4.0,-110
2026-09-16T03:19:24Z,fa9113ed354c9a40e487f5b923b4238f,2026-09-19T22:30:00Z,Missouri State Bears,Marshall Thundering Herd,fanduel,Marshall Thundering Herd,-3.5,-110
2026-09-16T03:19:24Z,fa9113ed354c9a40e487f5b923b4238f,2026-09-19T22:30:00Z,Missouri State Bears,Marshall Thundering Herd,fanduel,Missouri State Bears,3.5,-110
2026-09-16T03:19:24Z,fa9113ed354c9a40e487f5b923b4238f,2026-09-19T22:30:00Z,Missouri State Bears,Marshall Thundering Herd,mybookieag,Marshall Thundering Herd,-4.0,-110
2026-09-16T03:19:24Z,fa9113ed354c9a40e487f5b923b4238f,2026-09-19T22:30:00Z,Missouri State Bears,Marshall Thundering Herd,mybookieag,Missouri State Bears,4.0,-110
2026-09-16T03:19:24Z,fa9113ed354c9a40e487f5b923b4238f,2026-09-19T22:30:00Z,Missouri State Bears,Marshall Thundering Herd,bovada,Marshall Thundering Herd,-4.0,-115
2026-09-16T03:19:24Z,fa9113ed354c9a40e487f5b923b4238f,2026-09-19T22:30:00Z,Missouri State Bears,Marshall Thundering Herd,bovada,Missouri State Bears,4.0,-105
2026-09-16T03:19:24Z,fa9113ed354c9a40e487f5b923b4238f,2026-09-19T22:30:00Z,Missouri State Bears,Marshall Thundering Herd,betmgm,Marshall Thundering Herd,-3.5,-110
2026-09-16T03:19:24Z,fa9113ed354c9a40e487f5b923b4238f,2026-09-19T22:30:00Z,Missouri State Bears,Marshall Thundering Herd,betmgm,Missouri State Bears,3.5,-108
2026-09-16T03:19:24Z,36bb6ea150432c9958bd533c49b06f23,2026-09-19T23:00:00Z,Memphis Tigers,UT Martin Skyhawks,fanduel,Memphis Tigers,-37.5,-110
2026-09-16T03:19:24Z,36bb6ea150432c9958bd533c49b06f23,2026-09-19T23:00:00Z,Memphis Tigers,UT Martin Skyhawks,fanduel,UT Martin Skyhawks,37.5,-110
2026-09-16T03:19:24Z,69164d1b806f25a76cdb6268e19d4365,2026-09-19T23:00:00Z,Missouri Tigers,Troy Trojans,draftkings,Missouri Tigers,-27.5,-102
2026-09-16T03:19:24Z,69164d1b806f25a76cdb6268e19d4365,2026-09-19T23:00:00Z,Missouri Tigers,Troy Trojans,draftkings,Troy Trojans,27.5,-118
2026-09-16T03:19:24Z,69164d1b806f25a76cdb6268e19d4365,2026-09-19T23:00:00Z,Missouri Tigers,Troy Trojans,betmgm,Missouri Tigers,-27.0,-108
2026-09-16T03:19:24Z,69164d1b806f25a76cdb6268e19d4365,2026-09-19T23:00:00Z,Missouri Tigers,Troy Trojans,betmgm,Troy Trojans,27.0,-110
2026-09-16T03:19:24Z,0ce2e66203e1c66f3f2687fdccd37408,2026-09-19T23:00:00Z,Sam Houston State Bearkats,Nicholls State Colonels,betrivers,Nicholls State Colonels,18.5,-120
2026-09-16T03:19:24Z,0ce2e66203e1c66f3f2687fdccd37408,2026-09-19T23:00:00Z,Sam Houston State Bearkats,Nicholls State Colonels,betrivers,Sam Houston State Bearkats,-18.5,-104
2026-09-16T03:19:24Z,bcc250cd218a520bcd287c120644ba05,2026-09-19T23:00:00Z,South Alabama Jaguars,Ohio Bobcats,draftkings,Ohio Bobcats,7.0,-112
2026-09-16T03:19:24Z,bcc250cd218a520bcd287c120644ba05,2026-09-19T23:00:00Z,South Alabama Jaguars,Ohio Bobcats,draftkings,South Alabama Jaguars,-7.0,-108
2026-09-16T03:19:24Z,bcc250cd218a520bcd287c120644ba05,2026-09-19T23:00:00Z,South Alabama Jaguars,Ohio Bobcats,lowvig,Ohio Bobcats,7.0,-106
2026-09-16T03:19:24Z,bcc250cd218a520bcd287c120644ba05,2026-09-19T23:00:00Z,South Alabama Jaguars,Ohio Bobcats,lowvig,South Alabama Jaguars,-7.0,-106
2026-09-16T03:19:24Z,bcc250cd218a520bcd287c120644ba05,2026-09-19T23:00:00Z,South Alabama Jaguars,Ohio Bobcats,betonlineag,Ohio Bobcats,7.0,-110
2026-09-16T03:19:24Z,bcc250cd218a520bcd287c120644ba05,2026-09-19T23:00:00Z,South Alabama Jaguars,Ohio Bobcats,betonlineag,South Alabama Jaguars,-7.0,-110
2026-09-16T03:19:24Z,bcc250cd218a520bcd287c120644ba05,2026-09-19T23:00:00Z,South Alabama Jaguars,Ohio Bobcats,betmgm,Ohio Bobcats,7.0,-110
2026-09-16T03:19:24Z,bcc250cd218a520bcd287c120644ba05,2026-09-19T23:00:00Z,South Alabama Jaguars,Ohio Bobcats,betmgm,South Alabama Jaguars,-7.0,-108
2026-09-16T03:19:24Z,bcc250cd218a520bcd287c120644ba05,2026-09-19T23:00:00Z,South Alabama Jaguars,Ohio Bobcats,mybookieag,Ohio Bobcats,7.0,-110
2026-09-16T03:19:24Z,bcc250cd218a520bcd287c120644ba05,2026-09-19T23:00:00Z,South Alabama Jaguars,Ohio Bobcats,mybookieag,South Alabama Jaguars,-7.0,-110
2026-09-16T03:19:24Z,bcc250cd218a520bcd287c120644ba05,2026-09-19T23:00:00Z,South Alabama Jaguars,Ohio Bobcats,fanduel,Ohio Bobcats,6.5,100
2026-09-16T03:19:24Z,bcc250cd218a520bcd287c120644ba05,2026-09-19T23:00:00Z,South Alabama Jaguars,Ohio Bobcats,fanduel,South Alabama Jaguars,-6.5,-122
2026-09-16T03:19:24Z,bcc250cd218a520bcd287c120644ba05,2026-09-19T23:00:00Z,South Alabama Jaguars,Ohio Bobcats,betrivers,Ohio Bobcats,7.5,-134
2026-09-16T03:19:24Z,bcc250cd218a520bcd287c120644ba05,2026-09-19T23:00:00Z,South Alabama Jaguars,Ohio Bobcats,betrivers,South Alabama Jaguars,-7.5,108
2026-09-16T03:19:24Z,bcc250cd218a520bcd287c120644ba05,2026-09-19T23:00:00Z,South Alabama Jaguars,Ohio Bobcats,betus,Ohio Bobcats,7.0,-110
2026-09-16T03:19:24Z,bcc250cd218a520bcd287c120644ba05,2026-09-19T23:00:00Z,South Alabama Jaguars,Ohio Bobcats,betus,South Alabama Jaguars,-7.0,-110
2026-09-16T03:19:24Z,bcc250cd218a520bcd287c120644ba05,2026-09-19T23:00:00Z,South Alabama Jaguars,Ohio Bobcats,bovada,Ohio Bobcats,7.0,-110
2026-09-16T03:19:24Z,bcc250cd218a520bcd287c120644ba05,2026-09-19T23:00:00Z,South Alabama Jaguars,Ohio Bobcats,bovada,South Alabama Jaguars,-7.0,-110
2026-09-16T03:19:24Z,03297aa8a399c223aa1cc6aa923d9bc6,2026-09-19T23:30:00Z,Northwestern Wildcats,Colorado Buffaloes,betmgm,Colorado Buffaloes,3.5,-110
2026-09-16T03:19:24Z,03297aa8a399c223aa1cc6aa923d9bc6,2026-09-19T23:30:00Z,Northwestern Wildcats,Colorado Buffaloes,betmgm,Northwestern Wildcats,-3.5,-110
2026-09-16T03:19:24Z,65571f1cab1a260aae4a220e38dbbc1d,2026-09-19T23:30:00Z,Ole Miss Rebels,LSU Tigers,fanduel,LSU Tigers,-3.5,100
2026-09-16T03:19:24Z,65571f1cab1a260aae4a220e38dbbc1d,2026-09-19T23:30:00Z,Ole Miss Rebels,LSU Tigers,fanduel,Ole Miss Rebels,3.5,-122
2026-09-16T03:19:24Z,65571f1cab1a260aae4a220e38dbbc1d,2026-09-19T23:30:00Z,Ole Miss Rebels,LSU Tigers,draftkings,LSU Tigers,-3.0,-110
2026-09-16T03:19:24Z,65571f1cab1a260aae4a220e38dbbc1d,2026-09-19T23:30:00Z,Ole Miss Rebels,LSU Tigers,draftkings,Ole Miss Rebels,3.0,-110
2026-09-16T03:19:24Z,65571f1cab1a260aae4a220e38dbbc1d,2026-09-19T23:30:00Z,Ole Miss Rebels,LSU Tigers,betrivers,LSU Tigers,-3.0,-109
2026-09-16T03:19:24Z,65571f1cab1a260aae4a220e38dbbc1d,2026-09-19T23:30:00Z,Ole Miss Rebels,LSU Tigers,betrivers,Ole Miss Rebels,3.0,-114
2026-09-16T03:19:24Z,65571f1cab1a260aae4a220e38dbbc1d,2026-09-19T23:30:00Z,Ole Miss Rebels,LSU Tigers,betus,LSU Tigers,-3.0,-115
2026-09-16T03:19:24Z,65571f1cab1a260aae4a220e38dbbc1d,2026-09-19T23:30:00Z,Ole Miss Rebels,LSU Tigers,betus,Ole Miss Rebels,3.0,-105
2026-09-16T03:19:24Z,b7cdc05f280bede1f19b996cc9b95753,2026-09-19T23:30:00Z,Maryland Terrapins,Virginia Tech Hokies,draftkings,Maryland Terrapins,3.0,-112
2026-09-16T03:19:24Z,b7cdc05f280bede1f19b996cc9b95753,2026-09-19T23:30:00Z,Maryland Terrapins,Virginia Tech Hokies,draftkings,Virginia Tech Hokies,-3.0,-108
2026-09-16T03:19:24Z,b7cdc05f280bede1f19b996cc9b95753,2026-09-19T23:30:00Z,Maryland Terrapins,Virginia Tech Hokies,betmgm,Maryland Terrapins,3.0,-110
2026-09-16T03:19:24Z,b7cdc05f280bede1f19b996cc9b95753,2026-09-19T23:30:00Z,Maryland Terrapins,Virginia Tech Hokies,betmgm,Virginia Tech Hokies,-3.0,-108
2026-09-16T03:19:24Z,eda972dc55ded05916deafa37efab9c3,2026-09-19T23:30:00Z,West Virginia Mountaineers,Virginia Cavaliers,draftkings,Virginia Cavaliers,-10.5,-110
2026-09-16T03:19:24Z,eda972dc55ded05916deafa37efab9c3,2026-09-19T23:30:00Z,West Virginia Mountaineers,Virginia Cavaliers,draftkings,West Virginia Mountaineers,10.5,-110
2026-09-16T03:19:24Z,eda972dc55ded05916deafa37efab9c3,2026-09-19T23:30:00Z,West Virginia Mountaineers,Virginia Cavaliers,lowvig,Virginia Cavaliers,-10.5,-104
2026-09-16T03:19:24Z,eda972dc55ded05916deafa37efab9c3,2026-09-19T23:30:00Z,West Virginia Mountaineers,Virginia Cavaliers,lowvig,West Virginia Mountaineers,10.5,-108
2026-09-16T03:19:24Z,eda972dc55ded05916deafa37efab9c3,2026-09-19T23:30:00Z,West Virginia Mountaineers,Virginia Cavaliers,betonlineag,Virginia Cavaliers,-10.5,-108
2026-09-16T03:19:24Z,eda972dc55ded05916deafa37efab9c3,2026-09-19T23:30:00Z,West Virginia Mountaineers,Virginia Cavaliers,betonlineag,West Virginia Mountaineers,10.5,-112
2026-09-16T03:19:24Z,a64b980a572375c0cc1adba3c3fc2811,2026-09-20T00:00:00Z,TCU Horned Frogs,Arkansas State Red Wolves,lowvig,Arkansas State Red Wolves,20.0,-109
2026-09-16T03:19:24Z,a64b980a572375c0cc1adba3c3fc2811,2026-09-20T00:00:00Z,TCU Horned Frogs,Arkansas State Red Wolves,lowvig,TCU Horned Frogs,-20.0,-103
2026-09-16T03:19:24Z,a64b980a572375c0cc1adba3c3fc2811,2026-09-20T00:00:00Z,TCU Horned Frogs,Arkansas State Red Wolves,betonlineag,Arkansas State Red Wolves,20.0,-113
2026-09-16T03:19:24Z,a64b980a572375c0cc1adba3c3fc2811,2026-09-20T00:00:00Z,TCU Horned Frogs,Arkansas State Red Wolves,betonlineag,TCU Horned Frogs,-20.0,-107
2026-09-16T03:19:24Z,a64b980a572375c0cc1adba3c3fc2811,2026-09-20T00:00:00Z,TCU Horned Frogs,Arkansas State Red Wolves,betmgm,Arkansas State Red Wolves,19.5,-110
2026-09-16T03:19:24Z,a64b980a572375c0cc1adba3c3fc2811,2026-09-20T00:00:00Z,TCU Horned Frogs,Arkansas State Red Wolves,betmgm,TCU Horned Frogs,-19.5,-108
2026-09-16T03:19:24Z,a64b980a572375c0cc1adba3c3fc2811,2026-09-20T00:00:00Z,TCU Horned Frogs,Arkansas State Red Wolves,mybookieag,Arkansas State Red Wolves,20.0,-110
2026-09-16T03:19:24Z,a64b980a572375c0cc1adba3c3fc2811,2026-09-20T00:00:00Z,TCU Horned Frogs,Arkansas State Red Wolves,mybookieag,TCU Horned Frogs,-20.0,-110
2026-09-16T03:19:24Z,a64b980a572375c0cc1adba3c3fc2811,2026-09-20T00:00:00Z,TCU Horned Frogs,Arkansas State Red Wolves,betus,Arkansas State Red Wolves,20.0,-115
2026-09-16T03:19:24Z,a64b980a572375c0cc1adba3c3fc2811,2026-09-20T00:00:00Z,TCU Horned Frogs,Arkansas State Red Wolves,betus,TCU Horned Frogs,-20.0,-105
2026-09-16T03:19:24Z,0fff6569a000494c8821a53d886df670,2026-09-20T00:00:00Z,Tulsa Golden Hurricane,East Texas A&M Lions,fanduel,East Texas A&M Lions,42.5,-110
2026-09-16T03:19:24Z,0fff6569a000494c8821a53d886df670,2026-09-20T00:00:00Z,Tulsa Golden Hurricane,East Texas A&M Lions,fanduel,Tulsa Golden Hurricane,-42.5,-110
2026-09-16T03:19:24Z,0fff6569a000494c8821a53d886df670,2026-09-20T00:00:00Z,Tulsa Golden Hurricane,East Texas A&M Lions,draftkings,East Texas A&M Lions,42.5,-110
2026-09-16T03:19:24Z,0fff6569a000494c8821a53d886df670,2026-09-20T00:00:00Z,Tulsa Golden Hurricane,East Texas A&M Lions,draftkings,Tulsa Golden Hurricane,-42.5,-110
2026-09-16T03:19:24Z,93de8127b5d37170dff2b88deca0b95e,2026-09-20T02:30:00Z,Arizona Wildcats,Northern Illinois Huskies,lowvig,Arizona Wildcats,-34.0,-106
2026-09-16T03:19:24Z,93de8127b5d37170dff2b88deca0b95e,2026-09-20T02:30:00Z,Arizona Wildcats,Northern Illinois Huskies,lowvig,Northern Illinois Huskies,34.0,-106
2026-09-16T03:19:24Z,93de8127b5d37170dff2b88deca0b95e,2026-09-20T02:30:00Z,Arizona Wildcats,Northern Illinois Huskies,betonlineag,Arizona Wildcats,-34.0,-110
2026-09-16T03:19:24Z,93de8127b5d37170dff2b88deca0b95e,2026-09-20T02:30:00Z,Arizona Wildcats,Northern Illinois Huskies,betonlineag,Northern Illinois Huskies,34.0,-110
2026-09-16T03:19:24Z,93de8127b5d37170dff2b88deca0b95e,2026-09-20T02:30:00Z,Arizona Wildcats,Northern Illinois Huskies,betus,Arizona Wildcats,-34.5,-110
2026-09-16T03:19:24Z,93de8127b5d37170dff2b88deca0b95e,2026-09-20T02:30:00Z,Arizona Wildcats,Northern Illinois Huskies,betus,Northern Illinois Huskies,34.5,-110
2026-09-16T03:19:24Z,f6db4e789ff9341a9c94befc751c5f53,2026-09-20T03:00:00Z,San Jose State Spartans,Fresno State Bulldogs,betrivers,Fresno State Bulldogs,-6.5,-124
2026-09-16T03:19:24Z,f6db4e789ff9341a9c94befc751c5f53,2026-09-20T03:00:00Z,San Jose State Spartans,Fresno State Bulldogs,betrivers,San Jose State Spartans,6.5,100
2026-09-16T03:19:24Z,7a6a2035bf5d7abd30d6cc8b76d59e3e,2026-09-20T03:00:00Z,UCLA Bruins,Purdue Boilermakers,draftkings,Purdue Boilermakers,14.0,-105
2026-09-16T03:19:24Z,7a6a2035bf5d7abd30d6cc8b76d59e3e,2026-09-20T03:00:00Z,UCLA Bruins,Purdue Boilermakers,draftkings,UCLA Bruins,-14.0,-115
2026-09-16T03:19:24Z,83516ad7ba3e8ef9f90498cfcaf10eb5,2026-09-26T23:00:00Z,USC Trojans,Oregon Ducks,fanduel,Oregon Ducks,1.5,-118
2026-09-16T03:19:24Z,83516ad7ba3e8ef9f90498cfcaf10eb5,2026-09-26T23:00:00Z,USC Trojans,Oregon Ducks,fanduel,USC Trojans,-1.5,-104
2026-09-16T10:50:11Z,529a333381665c34d05b290d2c9eb5b9,2026-09-19T15:30:00Z,Delaware Blue Hens,Coastal Carolina Chanticleers,betrivers,Coastal Carolina Chanticleers,4.5,-107
2026-09-16T10:50:11Z,529a333381665c34d05b290d2c9eb5b9,2026-09-19T15:30:00Z,Delaware Blue Hens,Coastal Carolina Chanticleers,betrivers,Delaware Blue Hens,-4.5,-117
2026-09-16T10:50:11Z,5bc9efd5f27827a26c1cf8744bb8c2b1,2026-09-19T16:00:00Z,Minnesota Golden Gophers,Akron Zips,betrivers,Akron Zips,24.5,-125
2026-09-16T10:50:11Z,5bc9efd5f27827a26c1cf8744bb8c2b1,2026-09-19T16:00:00Z,Minnesota Golden Gophers,Akron Zips,betrivers,Minnesota Golden Gophers,-24.5,102
2026-09-16T10:50:11Z,01e9c4d460a55375a75d025e2b1ddbf5,2026-09-19T16:00:00Z,Arkansas Razorbacks,Georgia Bulldogs,betrivers,Arkansas Razorbacks,25.0,-113
2026-09-16T10:50:11Z,01e9c4d460a55375a75d025e2b1ddbf5,2026-09-19T16:00:00Z,Arkansas Razorbacks,Georgia Bulldogs,betrivers,Georgia Bulldogs,-25.0,-110
2026-09-16T10:50:11Z,01e9c4d460a55375a75d025e2b1ddbf5,2026-09-19T16:00:00Z,Arkansas Razorbacks,Georgia Bulldogs,betmgm,Arkansas Razorbacks,25.0,-108
2026-09-16T10:50:11Z,3fe3d77e009a7f205cce737523609a86,2026-09-19T16:00:00Z,Clemson Tigers,North Carolina Tar Heels,betus,Clemson Tigers,-3.5,100
2026-09-16T10:50:11Z,3fe3d77e009a7f205cce737523609a86,2026-09-19T16:00:00Z,Clemson Tigers,North Carolina Tar Heels,betus,North Carolina Tar Heels,3.5,-120
2026-09-16T10:50:11Z,3fe3d77e009a7f205cce737523609a86,2026-09-19T16:00:00Z,Clemson Tigers,North Carolina Tar Heels,bovada,Clemson Tigers,-3.5,100
2026-09-16T10:50:11Z,3fe3d77e009a7f205cce737523609a86,2026-09-19T16:00:00Z,Clemson Tigers,North Carolina Tar Heels,bovada,North Carolina Tar Heels,3.5,-120
2026-09-16T10:50:11Z,72215c37435df22c87999aa675c675ca,2026-09-19T16:00:00Z,Kansas State Wildcats,Tulane Green Wave,betmgm,Tulane Green Wave,20.5,-108
2026-09-16T10:50:11Z,bd7ae9e585a6595f7d308d45e1bf35e3,2026-09-19T16:30:00Z,Wisconsin Badgers,Eastern Michigan Eagles,betrivers,Eastern Michigan Eagles,24.5,-118
2026-09-16T10:50:11Z,bd7ae9e585a6595f7d308d45e1bf35e3,2026-09-19T16:30:00Z,Wisconsin Badgers,Eastern Michigan Eagles,betrivers,Wisconsin Badgers,-24.5,-106
2026-09-16T10:50:11Z,ea8b0414ff464255eef426fd61427030,2026-09-19T19:00:00Z,Toledo Rockets,Temple Owls,betrivers,Temple Owls,5.5,-104
2026-09-16T10:50:11Z,ea8b0414ff464255eef426fd61427030,2026-09-19T19:00:00Z,Toledo Rockets,Temple Owls,betrivers,Toledo Rockets,-5.5,-120
2026-09-16T10:50:11Z,a85cea77fbd44d9135461815777f6a9c,2026-09-19T19:30:00Z,Alabama Crimson Tide,Florida State Seminoles,lowvig,Alabama Crimson Tide,-19.0,-111
2026-09-16T10:50:11Z,a85cea77fbd44d9135461815777f6a9c,2026-09-19T19:30:00Z,Alabama Crimson Tide,Florida State Seminoles,lowvig,Florida State Seminoles,19.0,-101
2026-09-16T10:50:11Z,a85cea77fbd44d9135461815777f6a9c,2026-09-19T19:30:00Z,Alabama Crimson Tide,Florida State Seminoles,betonlineag,Alabama Crimson Tide,-19.0,-115
2026-09-16T10:50:11Z,a85cea77fbd44d9135461815777f6a9c,2026-09-19T19:30:00Z,Alabama Crimson Tide,Florida State Seminoles,betonlineag,Florida State Seminoles,19.0,-105
2026-09-16T10:50:11Z,d2da9e958e6f4800929ff9411b697a4b,2026-09-19T19:30:00Z,Texas A&M Aggies,Kentucky Wildcats,betmgm,Kentucky Wildcats,17.0,-120
2026-09-16T10:50:11Z,d2da9e958e6f4800929ff9411b697a4b,2026-09-19T19:30:00Z,Texas A&M Aggies,Kentucky Wildcats,betmgm,Texas A&M Aggies,-17.0,-110
2026-09-16T10:50:11Z,f9b0ff34657875b54ee16b8254168159,2026-09-19T19:30:00Z,Michigan Wolverines,UTEP Miners,bovada,Michigan Wolverines,-35.0,-110
2026-09-16T10:50:11Z,f9b0ff34657875b54ee16b8254168159,2026-09-19T19:30:00Z,Michigan Wolverines,UTEP Miners,bovada,UTEP Miners,35.0,-110
2026-09-16T10:50:11Z,8b31d45a11a98ec8e6a9a9a5368a1bf4,2026-09-19T19:30:00Z,Rutgers Scarlet Knights,USC Trojans,draftkings,Rutgers Scarlet Knights,23.5,-105
2026-09-16T10:50:11Z,8b31d45a11a98ec8e6a9a9a5368a1bf4,2026-09-19T19:30:00Z,Rutgers Scarlet Knights,USC Trojans,draftkings,USC Trojans,-23.5,-115
2026-09-16T10:50:11Z,9a94b95365b9c78fbfb612ce4c859eda,2026-09-19T19:30:00Z,Utah Utes,Utah State Aggies,draftkings,Utah State Aggies,27.5,-102
2026-09-16T10:50:11Z,9a94b95365b9c78fbfb612ce4c859eda,2026-09-19T19:30:00Z,Utah Utes,Utah State Aggies,draftkings,Utah Utes,-27.5,-118
2026-09-16T10:50:11Z,9a94b95365b9c78fbfb612ce4c859eda,2026-09-19T19:30:00Z,Utah Utes,Utah State Aggies,betmgm,Utah State Aggies,27.5,-105
2026-09-16T10:50:11Z,9a94b95365b9c78fbfb612ce4c859eda,2026-09-19T19:30:00Z,Utah Utes,Utah State Aggies,betmgm,Utah Utes,-27.5,-112
2026-09-16T10:50:11Z,a4e7771497976db67e6a81bc3700b32f,2026-09-19T20:15:00Z,South Carolina Gamecocks,Mississippi State Bulldogs,draftkings,Mississippi State Bulldogs,4.0,-115
2026-09-16T10:50:11Z,a4e7771497976db67e6a81bc3700b32f,2026-09-19T20:15:00Z,South Carolina Gamecocks,Mississippi State Bulldogs,draftkings,South Carolina Gamecocks,-4.0,-105
2026-09-16T10:50:11Z,a4e7771497976db67e6a81bc3700b32f,2026-09-19T20:15:00Z,South Carolina Gamecocks,Mississippi State Bulldogs,betmgm,Mississippi State Bulldogs,3.5,-105
2026-09-16T10:50:11Z,a4e7771497976db67e6a81bc3700b32f,2026-09-19T20:15:00Z,South Carolina Gamecocks,Mississippi State Bulldogs,betmgm,South Carolina Gamecocks,-3.5,-112
2026-09-16T10:50:11Z,a4e7771497976db67e6a81bc3700b32f,2026-09-19T20:15:00Z,South Carolina Gamecocks,Mississippi State Bulldogs,bovada,Mississippi State Bulldogs,3.5,-105
2026-09-16T10:50:11Z,a4e7771497976db67e6a81bc3700b32f,2026-09-19T20:15:00Z,South Carolina Gamecocks,Mississippi State Bulldogs,bovada,South Carolina Gamecocks,-3.5,-115
2026-09-16T10:50:11Z,fa9113ed354c9a40e487f5b923b4238f,2026-09-19T22:30:00Z,Missouri State Bears,Marshall Thundering Herd,mybookieag,Marshall Thundering Herd,-4.5,-110
2026-09-16T10:50:11Z,fa9113ed354c9a40e487f5b923b4238f,2026-09-19T22:30:00Z,Missouri State Bears,Marshall Thundering Herd,mybookieag,Missouri State Bears,4.5,-110
2026-09-16T10:50:11Z,fa9113ed354c9a40e487f5b923b4238f,2026-09-19T22:30:00Z,Missouri State Bears,Marshall Thundering Herd,betrivers,Marshall Thundering Herd,-5.5,104
2026-09-16T10:50:11Z,fa9113ed354c9a40e487f5b923b4238f,2026-09-19T22:30:00Z,Missouri State Bears,Marshall Thundering Herd,betrivers,Missouri State Bears,5.5,-129
2026-09-16T10:50:11Z,fa9113ed354c9a40e487f5b923b4238f,2026-09-19T22:30:00Z,Missouri State Bears,Marshall Thundering Herd,betmgm,Marshall Thundering Herd,-4.0,-108
2026-09-16T10:50:11Z,fa9113ed354c9a40e487f5b923b4238f,2026-09-19T22:30:00Z,Missouri State Bears,Marshall Thundering Herd,betmgm,Missouri State Bears,4.0,-110
2026-09-16T10:50:11Z,7ef3b27d15de635a3e05324f2b0c56cb,2026-09-19T23:00:00Z,Auburn Tigers,Florida Gators,betmgm,Auburn Tigers,2.5,-110
2026-09-16T10:50:11Z,7ef3b27d15de635a3e05324f2b0c56cb,2026-09-19T23:00:00Z,Auburn Tigers,Florida Gators,betmgm,Florida Gators,-2.5,-108
2026-09-16T10:50:11Z,36bb6ea150432c9958bd533c49b06f23,2026-09-19T23:00:00Z,Memphis Tigers,UT Martin Skyhawks,fanduel,Memphis Tigers,-35.5,-112
2026-09-16T10:50:11Z,36bb6ea150432c9958bd533c49b06f23,2026-09-19T23:00:00Z,Memphis Tigers,UT Martin Skyhawks,fanduel,UT Martin Skyhawks,35.5,-108
2026-09-16T10:50:11Z,b8810f15896c1fbe1ca25054585612f0,2026-09-19T23:00:00Z,Middle Tennessee Blue Raiders,Nevada Wolf Pack,betmgm,Middle Tennessee Blue Raiders,3.5,-108
2026-09-16T10:50:11Z,b8810f15896c1fbe1ca25054585612f0,2026-09-19T23:00:00Z,Middle Tennessee Blue Raiders,Nevada Wolf Pack,betmgm,Nevada Wolf Pack,-3.5,-110
2026-09-16T10:50:11Z,be8b2e012b50c86775a87bb633e330e6,2026-09-19T23:00:00Z,Rice Owls,Western Michigan Broncos,betmgm,Rice Owls,9.5,-105
2026-09-16T10:50:11Z,be8b2e012b50c86775a87bb633e330e6,2026-09-19T23:00:00Z,Rice Owls,Western Michigan Broncos,betmgm,Western Michigan Broncos,-9.5,-112
2026-09-16T10:50:11Z,be8b2e012b50c86775a87bb633e330e6,2026-09-19T23:00:00Z,Rice Owls,Western Michigan Broncos,bovada,Rice Owls,9.5,-105
2026-09-16T10:50:11Z,be8b2e012b50c86775a87bb633e330e6,2026-09-19T23:00:00Z,Rice Owls,Western Michigan Broncos,bovada,Western Michigan Broncos,-9.5,-115
2026-09-16T10:50:11Z,d3b7a8be0f6c9e50f7afd4005990228b,2026-09-19T23:30:00Z,Colorado State Rams,BYU Cougars,fanduel,BYU Cougars,-17.5,-114
2026-09-16T10:50:11Z,d3b7a8be0f6c9e50f7afd4005990228b,2026-09-19T23:30:00Z,Colorado State Rams,BYU Cougars,fanduel,Colorado State Rams,17.5,-106
2026-09-16T10:50:11Z,d3b7a8be0f6c9e50f7afd4005990228b,2026-09-19T23:30:00Z,Colorado State Rams,BYU Cougars,betmgm,BYU Cougars,-17.5,-112
2026-09-16T10:50:11Z,d3b7a8be0f6c9e50f7afd4005990228b,2026-09-19T23:30:00Z,Colorado State Rams,BYU Cougars,betmgm,Colorado State Rams,17.5,-108
2026-09-16T10:50:11Z,03297aa8a399c223aa1cc6aa923d9bc6,2026-09-19T23:30:00Z,Northwestern Wildcats,Colorado Buffaloes,betmgm,Colorado Buffaloes,3.5,-108
2026-09-16T10:50:11Z,03297aa8a399c223aa1cc6aa923d9bc6,2026-09-19T23:30:00Z,Northwestern Wildcats,Colorado Buffaloes,betmgm,Northwestern Wildcats,-3.5,-112
2026-09-16T10:50:11Z,65571f1cab1a260aae4a220e38dbbc1d,2026-09-19T23:30:00Z,Ole Miss Rebels,LSU Tigers,betmgm,LSU Tigers,-3.0,-110
2026-09-16T10:50:11Z,65571f1cab1a260aae4a220e38dbbc1d,2026-09-19T23:30:00Z,Ole Miss Rebels,LSU Tigers,betmgm,Ole Miss Rebels,3.0,-108
2026-09-16T10:50:11Z,f6db4e789ff9341a9c94befc751c5f53,2026-09-20T03:00:00Z,San Jose State Spartans,Fresno State Bulldogs,fanduel,Fresno State Bulldogs,-6.5,-115
2026-09-16T10:50:11Z,f6db4e789ff9341a9c94befc751c5f53,2026-09-20T03:00:00Z,San Jose State Spartans,Fresno State Bulldogs,fanduel,San Jose State Spartans,6.5,-105
2026-09-16T10:50:11Z,f6db4e789ff9341a9c94befc751c5f53,2026-09-20T03:00:00Z,San Jose State Spartans,Fresno State Bulldogs,bovada,Fresno State Bulldogs,-6.5,-120
2026-09-16T10:50:11Z,f6db4e789ff9341a9c94befc751c5f53,2026-09-20T03:00:00Z,San Jose State Spartans,Fresno State Bulldogs,bovada,San Jose State Spartans,6.5,100
2026-09-16T16:07:08Z,f06e90b4212fb514f3564ded9f190107,2026-09-17T23:30:00Z,Pittsburgh Panthers,Syracuse Orange,lowvig,Pittsburgh Panthers,-10.5,-101
2026-09-16T16:07:08Z,f06e90b4212fb514f3564ded9f190107,2026-09-17T23:30:00Z,Pittsburgh Panthers,Syracuse Orange,lowvig,Syracuse Orange,10.5,-111
2026-09-16T16:07:08Z,f06e90b4212fb514f3564ded9f190107,2026-09-17T23:30:00Z,Pittsburgh Panthers,Syracuse Orange,betonlineag,Pittsburgh Panthers,-10.5,-105
2026-09-16T16:07:08Z,f06e90b4212fb514f3564ded9f190107,2026-09-17T23:30:00Z,Pittsburgh Panthers,Syracuse Orange,betonlineag,Syracuse Orange,10.5,-115
2026-09-16T16:07:08Z,f06e90b4212fb514f3564ded9f190107,2026-09-17T23:30:00Z,Pittsburgh Panthers,Syracuse Orange,betmgm,Pittsburgh Panthers,-10.0,-120
2026-09-16T16:07:08Z,f06e90b4212fb514f3564ded9f190107,2026-09-17T23:30:00Z,Pittsburgh Panthers,Syracuse Orange,betmgm,Syracuse Orange,10.0,-110
2026-09-16T16:07:08Z,720451b07d54e435c9be484ef73ea211,2026-09-18T23:30:00Z,Wake Forest Demon Deacons,Miami Hurricanes,draftkings,Miami Hurricanes,-20.5,-110
2026-09-16T16:07:08Z,720451b07d54e435c9be484ef73ea211,2026-09-18T23:30:00Z,Wake Forest Demon Deacons,Miami Hurricanes,draftkings,Wake Forest Demon Deacons,20.5,-110
2026-09-16T16:07:08Z,720451b07d54e435c9be484ef73ea211,2026-09-18T23:30:00Z,Wake Forest Demon Deacons,Miami Hurricanes,fanduel,Miami Hurricanes,-20.5,-112
2026-09-16T16:07:08Z,720451b07d54e435c9be484ef73ea211,2026-09-18T23:30:00Z,Wake Forest Demon Deacons,Miami Hurricanes,fanduel,Wake Forest Demon Deacons,20.5,-108
2026-09-16T16:07:08Z,720451b07d54e435c9be484ef73ea211,2026-09-18T23:30:00Z,Wake Forest Demon Deacons,Miami Hurricanes,betmgm,Miami Hurricanes,-20.5,-110
2026-09-16T16:07:08Z,720451b07d54e435c9be484ef73ea211,2026-09-18T23:30:00Z,Wake Forest Demon Deacons,Miami Hurricanes,betmgm,Wake Forest Demon Deacons,20.5,-108
2026-09-16T16:07:08Z,720451b07d54e435c9be484ef73ea211,2026-09-18T23:30:00Z,Wake Forest Demon Deacons,Miami Hurricanes,betrivers,Miami Hurricanes,-21.0,-112
2026-09-16T16:07:08Z,720451b07d54e435c9be484ef73ea211,2026-09-18T23:30:00Z,Wake Forest Demon Deacons,Miami Hurricanes,betrivers,Wake Forest Demon Deacons,21.0,-112
2026-09-16T16:07:08Z,720451b07d54e435c9be484ef73ea211,2026-09-18T23:30:00Z,Wake Forest Demon Deacons,Miami Hurricanes,lowvig,Miami Hurricanes,-21.0,-101
2026-09-16T16:07:08Z,720451b07d54e435c9be484ef73ea211,2026-09-18T23:30:00Z,Wake Forest Demon Deacons,Miami Hurricanes,lowvig,Wake Forest Demon Deacons,21.0,-111
2026-09-16T16:07:08Z,720451b07d54e435c9be484ef73ea211,2026-09-18T23:30:00Z,Wake Forest Demon Deacons,Miami Hurricanes,betonlineag,Miami Hurricanes,-21.0,-105
2026-09-16T16:07:08Z,720451b07d54e435c9be484ef73ea211,2026-09-18T23:30:00Z,Wake Forest Demon Deacons,Miami Hurricanes,betonlineag,Wake Forest Demon Deacons,21.0,-115
2026-09-16T16:07:08Z,720451b07d54e435c9be484ef73ea211,2026-09-18T23:30:00Z,Wake Forest Demon Deacons,Miami Hurricanes,betus,Miami Hurricanes,-21.0,-105
2026-09-16T16:07:08Z,720451b07d54e435c9be484ef73ea211,2026-09-18T23:30:00Z,Wake Forest Demon Deacons,Miami Hurricanes,betus,Wake Forest Demon Deacons,21.0,-115
2026-09-16T16:07:08Z,720451b07d54e435c9be484ef73ea211,2026-09-18T23:30:00Z,Wake Forest Demon Deacons,Miami Hurricanes,bovada,Miami Hurricanes,-20.5,-115
2026-09-16T16:07:08Z,720451b07d54e435c9be484ef73ea211,2026-09-18T23:30:00Z,Wake Forest Demon Deacons,Miami Hurricanes,bovada,Wake Forest Demon Deacons,20.5,-105
2026-09-16T16:07:08Z,529a333381665c34d05b290d2c9eb5b9,2026-09-19T15:30:00Z,Delaware Blue Hens,Coastal Carolina Chanticleers,fanduel,Coastal Carolina Chanticleers,4.5,-114
2026-09-16T16:07:08Z,529a333381665c34d05b290d2c9eb5b9,2026-09-19T15:30:00Z,Delaware Blue Hens,Coastal Carolina Chanticleers,fanduel,Delaware Blue Hens,-4.5,-106
2026-09-16T16:07:08Z,529a333381665c34d05b290d2c9eb5b9,2026-09-19T15:30:00Z,Delaware Blue Hens,Coastal Carolina Chanticleers,betrivers,Coastal Carolina Chanticleers,5.5,-109
2026-09-16T16:07:08Z,529a333381665c34d05b290d2c9eb5b9,2026-09-19T15:30:00Z,Delaware Blue Hens,Coastal Carolina Chanticleers,betrivers,Delaware Blue Hens,-5.5,-114
2026-09-16T16:07:08Z,529a333381665c34d05b290d2c9eb5b9,2026-09-19T15:30:00Z,Delaware Blue Hens,Coastal Carolina Chanticleers,betmgm,Coastal Carolina Chanticleers,4.5,-110
2026-09-16T16:07:08Z,529a333381665c34d05b290d2c9eb5b9,2026-09-19T15:30:00Z,Delaware Blue Hens,Coastal Carolina Chanticleers,betmgm,Delaware Blue Hens,-4.5,-108
2026-09-16T16:07:08Z,5bc9efd5f27827a26c1cf8744bb8c2b1,2026-09-19T16:00:00Z,Minnesota Golden Gophers,Akron Zips,betrivers,Akron Zips,24.0,-108
2026-09-16T16:07:08Z,5bc9efd5f27827a26c1cf8744bb8c2b1,2026-09-19T16:00:00Z,Minnesota Golden Gophers,Akron Zips,betrivers,Minnesota Golden Gophers,-24.0,-114
2026-09-16T16:07:08Z,a317e3ffe5919c8bff3b9b303054f1b3,2026-09-19T16:00:00Z,Arizona State Sun Devils,Kansas Jayhawks,draftkings,Arizona State Sun Devils,-5.5,-105
2026-09-16T16:07:08Z,a317e3ffe5919c8bff3b9b303054f1b3,2026-09-19T16:00:00Z,Arizona State Sun Devils,Kansas Jayhawks,draftkings,Kansas Jayhawks,5.5,-115
2026-09-16T16:07:08Z,a317e3ffe5919c8bff3b9b303054f1b3,2026-09-19T16:00:00Z,Arizona State Sun Devils,Kansas Jayhawks,betmgm,Arizona State Sun Devils,-5.5,-110
2026-09-16T16:07:08Z,a317e3ffe5919c8bff3b9b303054f1b3,2026-09-19T16:00:00Z,Arizona State Sun Devils,Kansas Jayhawks,betmgm,Kansas Jayhawks,5.5,-118
2026-09-16T16:07:08Z,01e9c4d460a55375a75d025e2b1ddbf5,2026-09-19T16:00:00Z,Arkansas Razorbacks,Georgia Bulldogs,draftkings,Arkansas Razorbacks,24.5,-108
2026-09-16T16:07:08Z,01e9c4d460a55375a75d025e2b1ddbf5,2026-09-19T16:00:00Z,Arkansas Razorbacks,Georgia Bulldogs,draftkings,Georgia Bulldogs,-24.5,-112
2026-09-16T16:07:08Z,01e9c4d460a55375a75d025e2b1ddbf5,2026-09-19T16:00:00Z,Arkansas Razorbacks,Georgia Bulldogs,betrivers,Arkansas Razorbacks,25.5,-113
2026-09-16T16:07:08Z,01e9c4d460a55375a75d025e2b1ddbf5,2026-09-19T16:00:00Z,Arkansas Razorbacks,Georgia Bulldogs,betrivers,Georgia Bulldogs,-25.5,-110
2026-09-16T16:07:08Z,9a69dbd474c6181a4c51f397b9b25d38,2026-09-19T16:00:00Z,Iowa State Cyclones,Bowling Green Falcons,fanduel,Bowling Green Falcons,23.5,-110
2026-09-16T16:07:08Z,9a69dbd474c6181a4c51f397b9b25d38,2026-09-19T16:00:00Z,Iowa State Cyclones,Bowling Green Falcons,fanduel,Iowa State Cyclones,-23.5,-110
2026-09-16T16:07:08Z,9a69dbd474c6181a4c51f397b9b25d38,2026-09-19T16:00:00Z,Iowa State Cyclones,Bowling Green Falcons,betrivers,Bowling Green Falcons,23.5,-114
2026-09-16T16:07:08Z,9a69dbd474c6181a4c51f397b9b25d38,2026-09-19T16:00:00Z,Iowa State Cyclones,Bowling Green Falcons,betrivers,Iowa State Cyclones,-23.5,-109
2026-09-16T16:07:08Z,9a69dbd474c6181a4c51f397b9b25d38,2026-09-19T16:00:00Z,Iowa State Cyclones,Bowling Green Falcons,draftkings,Bowling Green Falcons,23.5,-105
2026-09-16T16:07:08Z,9a69dbd474c6181a4c51f397b9b25d38,2026-09-19T16:00:00Z,Iowa State Cyclones,Bowling Green Falcons,draftkings,Iowa State Cyclones,-23.5,-115
2026-09-16T16:07:08Z,36baf28c66c363255bb0cd88b6aaf914,2026-09-19T16:00:00Z,Penn State Nittany Lions,Buffalo Bulls,fanduel,Buffalo Bulls,40.5,-105
2026-09-16T16:07:08Z,36baf28c66c363255bb0cd88b6aaf914,2026-09-19T16:00:00Z,Penn State Nittany Lions,Buffalo Bulls,fanduel,Penn State Nittany Lions,-40.5,-115
2026-09-16T16:07:08Z,36baf28c66c363255bb0cd88b6aaf914,2026-09-19T16:00:00Z,Penn State Nittany Lions,Buffalo Bulls,draftkings,Buffalo Bulls,41.5,-118
2026-09-16T16:07:08Z,36baf28c66c363255bb0cd88b6aaf914,2026-09-19T16:00:00Z,Penn State Nittany Lions,Buffalo Bulls,draftkings,Penn State Nittany Lions,-41.5,-102
2026-09-16T16:07:08Z,3fe3d77e009a7f205cce737523609a86,2026-09-19T16:00:00Z,Clemson Tigers,North Carolina Tar Heels,fanduel,Clemson Tigers,-3.5,-106
2026-09-16T16:07:08Z,3fe3d77e009a7f205cce737523609a86,2026-09-19T16:00:00Z,Clemson Tigers,North Carolina Tar Heels,fanduel,North Carolina Tar Heels,3.5,-114
2026-09-16T16:07:08Z,3fe3d77e009a7f205cce737523609a86,2026-09-19T16:00:00Z,Clemson Tigers,North Carolina Tar Heels,lowvig,Clemson Tigers,-3.5,-101
2026-09-16T16:07:08Z,3fe3d77e009a7f205cce737523609a86,2026-09-19T16:00:00Z,Clemson Tigers,North Carolina Tar Heels,lowvig,North Carolina Tar Heels,3.5,-111
2026-09-16T16:07:08Z,3fe3d77e009a7f205cce737523609a86,2026-09-19T16:00:00Z,Clemson Tigers,North Carolina Tar Heels,betonlineag,Clemson Tigers,-3.5,-105
2026-09-16T16:07:08Z,3fe3d77e009a7f205cce737523609a86,2026-09-19T16:00:00Z,Clemson Tigers,North Carolina Tar Heels,betonlineag,North Carolina Tar Heels,3.5,-115
2026-09-16T16:07:08Z,3fe3d77e009a7f205cce737523609a86,2026-09-19T16:00:00Z,Clemson Tigers,North Carolina Tar Heels,betmgm,Clemson Tigers,-3.5,-105
2026-09-16T16:07:08Z,3fe3d77e009a7f205cce737523609a86,2026-09-19T16:00:00Z,Clemson Tigers,North Carolina Tar Heels,betus,Clemson Tigers,-3.5,-110
2026-09-16T16:07:08Z,3fe3d77e009a7f205cce737523609a86,2026-09-19T16:00:00Z,Clemson Tigers,North Carolina Tar Heels,betus,North Carolina Tar Heels,3.5,-110
2026-09-16T16:07:08Z,3fe3d77e009a7f205cce737523609a86,2026-09-19T16:00:00Z,Clemson Tigers,North Carolina Tar Heels,bovada,Clemson Tigers,-3.5,-105
2026-09-16T16:07:08Z,3fe3d77e009a7f205cce737523609a86,2026-09-19T16:00:00Z,Clemson Tigers,North Carolina Tar Heels,bovada,North Carolina Tar Heels,3.5,-115
2026-09-16T16:07:08Z,3514404f321e9cf55f11222c8e36233b,2026-09-19T16:00:00Z,Georgia Tech Yellow Jackets,Mercer Bears,betrivers,Georgia Tech Yellow Jackets,-39.5,-110
2026-09-16T16:07:08Z,3514404f321e9cf55f11222c8e36233b,2026-09-19T16:00:00Z,Georgia Tech Yellow Jackets,Mercer Bears,betrivers,Mercer Bears,39.5,-113
2026-09-16T16:07:08Z,72215c37435df22c87999aa675c675ca,2026-09-19T16:00:00Z,Kansas State Wildcats,Tulane Green Wave,bovada,Kansas State Wildcats,-20.5,-115
2026-09-16T16:07:08Z,72215c37435df22c87999aa675c675ca,2026-09-19T16:00:00Z,Kansas State Wildcats,Tulane Green Wave,bovada,Tulane Green Wave,20.5,-105
2026-09-16T16:07:08Z,6eee31d7778965a3e617f10146619c1d,2026-09-19T16:00:00Z,Ohio State Buckeyes,Kent State Golden Flashes,lowvig,Kent State Golden Flashes,52.5,-111
2026-09-16T16:07:08Z,6eee31d7778965a3e617f10146619c1d,2026-09-19T16:00:00Z,Ohio State Buckeyes,Kent State Golden Flashes,lowvig,Ohio State Buckeyes,-52.5,-101
2026-09-16T16:07:08Z,6eee31d7778965a3e617f10146619c1d,2026-09-19T16:00:00Z,Ohio State Buckeyes,Kent State Golden Flashes,betonlineag,Kent State Golden Flashes,52.5,-115
2026-09-16T16:07:08Z,6eee31d7778965a3e617f10146619c1d,2026-09-19T16:00:00Z,Ohio State Buckeyes,Kent State Golden Flashes,betonlineag,Ohio State Buckeyes,-52.5,-105
2026-09-16T16:07:08Z,6eee31d7778965a3e617f10146619c1d,2026-09-19T16:00:00Z,Ohio State Buckeyes,Kent State Golden Flashes,betrivers,Kent State Golden Flashes,52.5,-113
2026-09-16T16:07:08Z,6eee31d7778965a3e617f10146619c1d,2026-09-19T16:00:00Z,Ohio State Buckeyes,Kent State Golden Flashes,betrivers,Ohio State Buckeyes,-52.5,-110
2026-09-16T16:07:08Z,6eee31d7778965a3e617f10146619c1d,2026-09-19T16:00:00Z,Ohio State Buckeyes,Kent State Golden Flashes,betmgm,Kent State Golden Flashes,52.5,-108
2026-09-16T16:07:08Z,6eee31d7778965a3e617f10146619c1d,2026-09-19T16:00:00Z,Ohio State Buckeyes,Kent State Golden Flashes,betmgm,Ohio State Buckeyes,-52.5,-110
2026-09-16T16:07:08Z,6eee31d7778965a3e617f10146619c1d,2026-09-19T16:00:00Z,Ohio State Buckeyes,Kent State Golden Flashes,betus,Kent State Golden Flashes,52.5,-110
2026-09-16T16:07:08Z,6eee31d7778965a3e617f10146619c1d,2026-09-19T16:00:00Z,Ohio State Buckeyes,Kent State Golden Flashes,betus,Ohio State Buckeyes,-52.5,-110
2026-09-16T16:07:08Z,6eee31d7778965a3e617f10146619c1d,2026-09-19T16:00:00Z,Ohio State Buckeyes,Kent State Golden Flashes,bovada,Kent State Golden Flashes,53.0,-115
2026-09-16T16:07:08Z,6eee31d7778965a3e617f10146619c1d,2026-09-19T16:00:00Z,Ohio State Buckeyes,Kent State Golden Flashes,bovada,Ohio State Buckeyes,-53.0,-105
2026-09-16T16:07:08Z,b0cd2e8beaf0dc333daa592a0d3d5c3a,2026-09-19T16:00:00Z,Texas State Bobcats,North Texas Mean Green,betrivers,North Texas Mean Green,3.0,-113
2026-09-16T16:07:08Z,b0cd2e8beaf0dc333daa592a0d3d5c3a,2026-09-19T16:00:00Z,Texas State Bobcats,North Texas Mean Green,betrivers,Texas State Bobcats,-3.0,-109
2026-09-16T16:07:08Z,b0cd2e8beaf0dc333daa592a0d3d5c3a,2026-09-19T16:00:00Z,Texas State Bobcats,North Texas Mean Green,draftkings,North Texas Mean Green,3.0,-115
2026-09-16T16:07:08Z,b0cd2e8beaf0dc333daa592a0d3d5c3a,2026-09-19T16:00:00Z,Texas State Bobcats,North Texas Mean Green,draftkings,Texas State Bobcats,-3.0,-105
2026-09-16T16:07:08Z,b0cd2e8beaf0dc333daa592a0d3d5c3a,2026-09-19T16:00:00Z,Texas State Bobcats,North Texas Mean Green,betmgm,North Texas Mean Green,3.0,-112
2026-09-16T16:07:08Z,bd7ae9e585a6595f7d308d45e1bf35e3,2026-09-19T16:30:00Z,Wisconsin Badgers,Eastern Michigan Eagles,betrivers,Eastern Michigan Eagles,24.5,-113
2026-09-16T16:07:08Z,bd7ae9e585a6595f7d308d45e1bf35e3,2026-09-19T16:30:00Z,Wisconsin Badgers,Eastern Michigan Eagles,betrivers,Wisconsin Badgers,-24.5,-110
2026-09-16T16:07:08Z,2e9835b129f8b8055d4a24f736547363,2026-09-19T16:45:00Z,Vanderbilt Commodores,NC State Wolfpack,fanduel,NC State Wolfpack,3.5,-112
2026-09-16T16:07:08Z,2e9835b129f8b8055d4a24f736547363,2026-09-19T16:45:00Z,Vanderbilt Commodores,NC State Wolfpack,fanduel,Vanderbilt Commodores,-3.5,-108
2026-09-16T16:07:08Z,26a76b78050ad3953d2d41dbeecd5a07,2026-09-19T17:00:00Z,Central Michigan Chippewas,Wyoming Cowboys,betrivers,Central Michigan Chippewas,-1.5,-110
2026-09-16T16:07:08Z,26a76b78050ad3953d2d41dbeecd5a07,2026-09-19T17:00:00Z,Central Michigan Chippewas,Wyoming Cowboys,betrivers,Wyoming Cowboys,1.5,-113
2026-09-16T16:07:08Z,08a2eb7afbd58ee7a8fb47bb4142eded,2026-09-19T18:00:00Z,Boston College Eagles,Maine Black Bears,betrivers,Boston College Eagles,-38.5,-113
2026-09-16T16:07:08Z,08a2eb7afbd58ee7a8fb47bb4142eded,2026-09-19T18:00:00Z,Boston College Eagles,Maine Black Bears,betrivers,Maine Black Bears,38.5,-110
2026-09-16T16:07:08Z,578e82a8bc67101e9eba884729ffcc69,2026-09-19T18:00:00Z,Illinois Fighting Illini,Southern Illinois Salukis,betrivers,Illinois Fighting Illini,-39.0,-110
2026-09-16T16:07:08Z,578e82a8bc67101e9eba884729ffcc69,2026-09-19T18:00:00Z,Illinois Fighting Illini,Southern Illinois Salukis,betrivers,Southern Illinois Salukis,39.0,-113
2026-09-16T16:07:08Z,ea8b0414ff464255eef426fd61427030,2026-09-19T19:00:00Z,Toledo Rockets,Temple Owls,draftkings,Temple Owls,6.0,-110
2026-09-16T16:07:08Z,ea8b0414ff464255eef426fd61427030,2026-09-19T19:00:00Z,Toledo Rockets,Temple Owls,draftkings,Toledo Rockets,-6.0,-110
2026-09-16T16:07:08Z,ea8b0414ff464255eef426fd61427030,2026-09-19T19:00:00Z,Toledo Rockets,Temple Owls,betrivers,Temple Owls,6.0,-112
2026-09-16T16:07:08Z,ea8b0414ff464255eef426fd61427030,2026-09-19T19:00:00Z,Toledo Rockets,Temple Owls,betrivers,Toledo Rockets,-6.0,-112
2026-09-16T16:07:08Z,a85cea77fbd44d9135461815777f6a9c,2026-09-19T19:30:00Z,Alabama Crimson Tide,Florida State Seminoles,betmgm,Alabama Crimson Tide,-19.5,-110
2026-09-16T16:07:08Z,a85cea77fbd44d9135461815777f6a9c,2026-09-19T19:30:00Z,Alabama Crimson Tide,Florida State Seminoles,betmgm,Florida State Seminoles,19.5,-108
2026-09-16T16:07:08Z,a85cea77fbd44d9135461815777f6a9c,2026-09-19T19:30:00Z,Alabama Crimson Tide,Florida State Seminoles,betrivers,Alabama Crimson Tide,-19.5,-112
2026-09-16T16:07:08Z,a85cea77fbd44d9135461815777f6a9c,2026-09-19T19:30:00Z,Alabama Crimson Tide,Florida State Seminoles,betrivers,Florida State Seminoles,19.5,-112
2026-09-16T16:07:08Z,a85cea77fbd44d9135461815777f6a9c,2026-09-19T19:30:00Z,Alabama Crimson Tide,Florida State Seminoles,lowvig,Alabama Crimson Tide,-19.5,-108
2026-09-16T16:07:08Z,a85cea77fbd44d9135461815777f6a9c,2026-09-19T19:30:00Z,Alabama Crimson Tide,Florida State Seminoles,lowvig,Florida State Seminoles,19.5,-104
2026-09-16T16:07:08Z,a85cea77fbd44d9135461815777f6a9c,2026-09-19T19:30:00Z,Alabama Crimson Tide,Florida State Seminoles,betonlineag,Alabama Crimson Tide,-19.5,-112
2026-09-16T16:07:08Z,a85cea77fbd44d9135461815777f6a9c,2026-09-19T19:30:00Z,Alabama Crimson Tide,Florida State Seminoles,betonlineag,Florida State Seminoles,19.5,-108
2026-09-16T16:07:08Z,15ebe2df1d91e584d091d509e70a1a71,2026-09-19T19:30:00Z,Cincinnati Bearcats,Miami (OH) RedHawks,betrivers,Cincinnati Bearcats,-15.5,-114
2026-09-16T16:07:08Z,15ebe2df1d91e584d091d509e70a1a71,2026-09-19T19:30:00Z,Cincinnati Bearcats,Miami (OH) RedHawks,betrivers,Miami (OH) RedHawks,15.5,-109
2026-09-16T16:07:08Z,8bdb9d65119df877f2e2ec632d28fef1,2026-09-19T19:30:00Z,Washington State Cougars,Duquesne Dukes,fanduel,Duquesne Dukes,38.5,-110
2026-09-16T16:07:08Z,8bdb9d65119df877f2e2ec632d28fef1,2026-09-19T19:30:00Z,Washington State Cougars,Duquesne Dukes,fanduel,Washington State Cougars,-38.5,-110
2026-09-16T16:07:08Z,8bdb9d65119df877f2e2ec632d28fef1,2026-09-19T19:30:00Z,Washington State Cougars,Duquesne Dukes,betrivers,Duquesne Dukes,38.5,-109
2026-09-16T16:07:08Z,8bdb9d65119df877f2e2ec632d28fef1,2026-09-19T19:30:00Z,Washington State Cougars,Duquesne Dukes,betrivers,Washington State Cougars,-38.5,-114
2026-09-16T16:07:08Z,d2da9e958e6f4800929ff9411b697a4b,2026-09-19T19:30:00Z,Texas A&M Aggies,Kentucky Wildcats,draftkings,Kentucky Wildcats,16.5,-108
2026-09-16T16:07:08Z,d2da9e958e6f4800929ff9411b697a4b,2026-09-19T19:30:00Z,Texas A&M Aggies,Kentucky Wildcats,draftkings,Texas A&M Aggies,-16.5,-112
2026-09-16T16:07:08Z,d2da9e958e6f4800929ff9411b697a4b,2026-09-19T19:30:00Z,Texas A&M Aggies,Kentucky Wildcats,betmgm,Kentucky Wildcats,16.5,-108
2026-09-16T16:07:08Z,d2da9e958e6f4800929ff9411b697a4b,2026-09-19T19:30:00Z,Texas A&M Aggies,Kentucky Wildcats,betmgm,Texas A&M Aggies,-16.5,-110
2026-09-16T16:07:08Z,d2da9e958e6f4800929ff9411b697a4b,2026-09-19T19:30:00Z,Texas A&M Aggies,Kentucky Wildcats,betrivers,Kentucky Wildcats,16.5,-109
2026-09-16T16:07:08Z,d2da9e958e6f4800929ff9411b697a4b,2026-09-19T19:30:00Z,Texas A&M Aggies,Kentucky Wildcats,betrivers,Texas A&M Aggies,-16.5,-114
2026-09-16T16:07:08Z,dbcfc3184e20d1ea45e910b89585071f,2026-09-19T19:30:00Z,Louisville Cardinals,SMU Mustangs,draftkings,Louisville Cardinals,-1.5,-112
2026-09-16T16:07:08Z,dbcfc3184e20d1ea45e910b89585071f,2026-09-19T19:30:00Z,Louisville Cardinals,SMU Mustangs,draftkings,SMU Mustangs,1.5,-108
2026-09-16T16:07:08Z,dbcfc3184e20d1ea45e910b89585071f,2026-09-19T19:30:00Z,Louisville Cardinals,SMU Mustangs,betmgm,Louisville Cardinals,-2.0,-108
2026-09-16T16:07:08Z,dbcfc3184e20d1ea45e910b89585071f,2026-09-19T19:30:00Z,Louisville Cardinals,SMU Mustangs,betmgm,SMU Mustangs,2.0,-110
2026-09-16T16:07:08Z,8b31d45a11a98ec8e6a9a9a5368a1bf4,2026-09-19T19:30:00Z,Rutgers Scarlet Knights,USC Trojans,betrivers,Rutgers Scarlet Knights,23.5,-109
2026-09-16T16:07:08Z,8b31d45a11a98ec8e6a9a9a5368a1bf4,2026-09-19T19:30:00Z,Rutgers Scarlet Knights,USC Trojans,betrivers,USC Trojans,-23.5,-114
2026-09-16T16:07:08Z,a25ab1dfd8fdb11a06a6a4b5c707d266,2026-09-19T19:30:00Z,UMass Minutemen,Stonehill Skyhawks,betrivers,Stonehill Skyhawks,33.5,-108
2026-09-16T16:07:08Z,a25ab1dfd8fdb11a06a6a4b5c707d266,2026-09-19T19:30:00Z,UMass Minutemen,Stonehill Skyhawks,betrivers,UMass Minutemen,-33.5,-115
2026-09-16T16:07:08Z,9a94b95365b9c78fbfb612ce4c859eda,2026-09-19T19:30:00Z,Utah Utes,Utah State Aggies,draftkings,Utah State Aggies,28.5,-118
2026-09-16T16:07:08Z,9a94b95365b9c78fbfb612ce4c859eda,2026-09-19T19:30:00Z,Utah Utes,Utah State Aggies,draftkings,Utah Utes,-28.5,-102
2026-09-16T16:07:08Z,9a94b95365b9c78fbfb612ce4c859eda,2026-09-19T19:30:00Z,Utah Utes,Utah State Aggies,betonlineag,Utah State Aggies,28.0,-118
2026-09-16T16:07:08Z,9a94b95365b9c78fbfb612ce4c859eda,2026-09-19T19:30:00Z,Utah Utes,Utah State Aggies,betonlineag,Utah Utes,-28.0,-102
2026-09-16T16:07:08Z,089e1a60578160dd6828794656461ba5,2026-09-19T20:00:00Z,Liberty Flames,Ball State Cardinals,betmgm,Ball State Cardinals,14.0,-110
2026-09-16T16:07:08Z,089e1a60578160dd6828794656461ba5,2026-09-19T20:00:00Z,Liberty Flames,Ball State Cardinals,betmgm,Liberty Flames,-14.0,-120
2026-09-16T16:07:08Z,790266884d07b6c2aeed8efc216ba610,2026-09-19T20:00:00Z,Baylor Bears,Louisiana Tech Bulldogs,fanduel,Baylor Bears,-19.5,-105
2026-09-16T16:07:08Z,790266884d07b6c2aeed8efc216ba610,2026-09-19T20:00:00Z,Baylor Bears,Louisiana Tech Bulldogs,fanduel,Louisiana Tech Bulldogs,19.5,-115
2026-09-16T16:07:08Z,790266884d07b6c2aeed8efc216ba610,2026-09-19T20:00:00Z,Baylor Bears,Louisiana Tech Bulldogs,betmgm,Baylor Bears,-19.0,-108
2026-09-16T16:07:08Z,790266884d07b6c2aeed8efc216ba610,2026-09-19T20:00:00Z,Baylor Bears,Louisiana Tech Bulldogs,betmgm,Louisiana Tech Bulldogs,19.0,-110
2026-09-16T16:07:08Z,790266884d07b6c2aeed8efc216ba610,2026-09-19T20:00:00Z,Baylor Bears,Louisiana Tech Bulldogs,mybookieag,Baylor Bears,-19.5,-110
2026-09-16T16:07:08Z,790266884d07b6c2aeed8efc216ba610,2026-09-19T20:00:00Z,Baylor Bears,Louisiana Tech Bulldogs,mybookieag,Louisiana Tech Bulldogs,19.5,-110
2026-09-16T16:07:08Z,790266884d07b6c2aeed8efc216ba610,2026-09-19T20:00:00Z,Baylor Bears,Louisiana Tech Bulldogs,betrivers,Baylor Bears,-19.0,-110
2026-09-16T16:07:08Z,790266884d07b6c2aeed8efc216ba610,2026-09-19T20:00:00Z,Baylor Bears,Louisiana Tech Bulldogs,betrivers,Louisiana Tech Bulldogs,19.0,-113
2026-09-16T16:07:08Z,3c742aa7dc1c1da030846964a72de370,2026-09-19T20:00:00Z,Duke Blue Devils,Stanford Cardinal,fanduel,Duke Blue Devils,-9.5,-110
2026-09-16T16:07:08Z,3c742aa7dc1c1da030846964a72de370,2026-09-19T20:00:00Z,Duke Blue Devils,Stanford Cardinal,fanduel,Stanford Cardinal,9.5,-110
2026-09-16T16:07:08Z,3c742aa7dc1c1da030846964a72de370,2026-09-19T20:00:00Z,Duke Blue Devils,Stanford Cardinal,betmgm,Stanford Cardinal,9.5,-108
2026-09-16T16:07:08Z,f459decff5e212a417df01fead33b180,2026-09-19T20:00:00Z,Indiana Hoosiers,Western Kentucky Hilltoppers,bovada,Indiana Hoosiers,-44.0,-120
2026-09-16T16:07:08Z,f459decff5e212a417df01fead33b180,2026-09-19T20:00:00Z,Indiana Hoosiers,Western Kentucky Hilltoppers,bovada,Western Kentucky Hilltoppers,44.0,100
2026-09-16T16:07:08Z,1d773c6e9934d12970ba222e96ec4c80,2026-09-19T20:00:00Z,Iowa Hawkeyes,Northern Iowa Panthers,betrivers,Iowa Hawkeyes,-39.5,-114
2026-09-16T16:07:08Z,1d773c6e9934d12970ba222e96ec4c80,2026-09-19T20:00:00Z,Iowa Hawkeyes,Northern Iowa Panthers,betrivers,Northern Iowa Panthers,39.5,-109
2026-09-16T16:07:08Z,a4e7771497976db67e6a81bc3700b32f,2026-09-19T20:15:00Z,South Carolina Gamecocks,Mississippi State Bulldogs,betmgm,Mississippi State Bulldogs,4.0,-110
2026-09-16T16:07:08Z,a4e7771497976db67e6a81bc3700b32f,2026-09-19T20:15:00Z,South Carolina Gamecocks,Mississippi State Bulldogs,betmgm,South Carolina Gamecocks,-4.0,-108
2026-09-16T16:07:08Z,3db3de2fb9101f01f676c1f319837667,2026-09-19T22:00:00Z,Appalachian State Mountaineers,Charlotte 49ers,betmgm,Appalachian State Mountaineers,-17.5,-105
2026-09-16T16:07:08Z,3db3de2fb9101f01f676c1f319837667,2026-09-19T22:00:00Z,Appalachian State Mountaineers,Charlotte 49ers,betmgm,Charlotte 49ers,17.5,-112
2026-09-16T16:07:08Z,3db3de2fb9101f01f676c1f319837667,2026-09-19T22:00:00Z,Appalachian State Mountaineers,Charlotte 49ers,betrivers,Appalachian State Mountaineers,-19.5,100
2026-09-16T16:07:08Z,3db3de2fb9101f01f676c1f319837667,2026-09-19T22:00:00Z,Appalachian State Mountaineers,Charlotte 49ers,betrivers,Charlotte 49ers,19.5,-122
2026-09-16T16:07:08Z,436d9422da324c807b9d2fb50a2ef62a,2026-09-19T22:00:00Z,Old Dominion Monarchs,East Carolina Pirates,draftkings,East Carolina Pirates,3.0,-122
2026-09-16T16:07:08Z,436d9422da324c807b9d2fb50a2ef62a,2026-09-19T22:00:00Z,Old Dominion Monarchs,East Carolina Pirates,draftkings,Old Dominion Monarchs,-3.0,102
2026-09-16T16:07:08Z,436d9422da324c807b9d2fb50a2ef62a,2026-09-19T22:00:00Z,Old Dominion Monarchs,East Carolina Pirates,betmgm,East Carolina Pirates,2.5,-108
2026-09-16T16:07:08Z,436d9422da324c807b9d2fb50a2ef62a,2026-09-19T22:00:00Z,Old Dominion Monarchs,East Carolina Pirates,betmgm,Old Dominion Monarchs,-2.5,-125
2026-09-16T16:07:08Z,da4cee8b35281f4528d3dd939d42814d,2026-09-19T22:00:00Z,Florida Atlantic Owls,Florida International Panthers,draftkings,Florida Atlantic Owls,-7.0,100
2026-09-16T16:07:08Z,da4cee8b35281f4528d3dd939d42814d,2026-09-19T22:00:00Z,Florida Atlantic Owls,Florida International Panthers,draftkings,Florida International Panthers,7.0,-120
2026-09-16T16:07:08Z,da4cee8b35281f4528d3dd939d42814d,2026-09-19T22:00:00Z,Florida Atlantic Owls,Florida International Panthers,betmgm,Florida Atlantic Owls,-7.0,-108
2026-09-16T16:07:08Z,da4cee8b35281f4528d3dd939d42814d,2026-09-19T22:00:00Z,Florida Atlantic Owls,Florida International Panthers,betmgm,Florida International Panthers,7.0,-125
2026-09-16T16:07:08Z,fa9113ed354c9a40e487f5b923b4238f,2026-09-19T22:30:00Z,Missouri State Bears,Marshall Thundering Herd,draftkings,Marshall Thundering Herd,-4.5,-108
2026-09-16T16:07:08Z,fa9113ed354c9a40e487f5b923b4238f,2026-09-19T22:30:00Z,Missouri State Bears,Marshall Thundering Herd,draftkings,Missouri State Bears,4.5,-112
2026-09-16T16:07:08Z,fa9113ed354c9a40e487f5b923b4238f,2026-09-19T22:30:00Z,Missouri State Bears,Marshall Thundering Herd,betonlineag,Marshall Thundering Herd,-4.5,-110
2026-09-16T16:07:08Z,fa9113ed354c9a40e487f5b923b4238f,2026-09-19T22:30:00Z,Missouri State Bears,Marshall Thundering Herd,betonlineag,Missouri State Bears,4.5,-110
2026-09-16T16:07:08Z,fa9113ed354c9a40e487f5b923b4238f,2026-09-19T22:30:00Z,Missouri State Bears,Marshall Thundering Herd,lowvig,Marshall Thundering Herd,-4.5,-106
2026-09-16T16:07:08Z,fa9113ed354c9a40e487f5b923b4238f,2026-09-19T22:30:00Z,Missouri State Bears,Marshall Thundering Herd,lowvig,Missouri State Bears,4.5,-106
2026-09-16T16:07:08Z,fa9113ed354c9a40e487f5b923b4238f,2026-09-19T22:30:00Z,Missouri State Bears,Marshall Thundering Herd,fanduel,Marshall Thundering Herd,-4.5,-110
2026-09-16T16:07:08Z,fa9113ed354c9a40e487f5b923b4238f,2026-09-19T22:30:00Z,Missouri State Bears,Marshall Thundering Herd,fanduel,Missouri State Bears,4.5,-110
2026-09-16T16:07:08Z,fa9113ed354c9a40e487f5b923b4238f,2026-09-19T22:30:00Z,Missouri State Bears,Marshall Thundering Herd,betus,Marshall Thundering Herd,-4.0,-115
2026-09-16T16:07:08Z,fa9113ed354c9a40e487f5b923b4238f,2026-09-19T22:30:00Z,Missouri State Bears,Marshall Thundering Herd,betus,Missouri State Bears,4.0,-105
2026-09-16T16:07:08Z,fa9113ed354c9a40e487f5b923b4238f,2026-09-19T22:30:00Z,Missouri State Bears,Marshall Thundering Herd,betmgm,Marshall Thundering Herd,-4.5,-108
2026-09-16T16:07:08Z,fa9113ed354c9a40e487f5b923b4238f,2026-09-19T22:30:00Z,Missouri State Bears,Marshall Thundering Herd,betmgm,Missouri State Bears,4.5,-110
2026-09-16T16:07:08Z,60c8d1fde1467bde9f2a20b5d4cb7c90,2026-09-19T23:00:00Z,Jacksonville State Gamecocks,Georgia Southern Eagles,draftkings,Georgia Southern Eagles,3.0,-105
2026-09-16T16:07:08Z,60c8d1fde1467bde9f2a20b5d4cb7c90,2026-09-19T23:00:00Z,Jacksonville State Gamecocks,Georgia Southern Eagles,draftkings,Jacksonville State Gamecocks,-3.0,-115
2026-09-16T16:07:08Z,4a9e833f32775e201ee648c51840df85,2026-09-19T23:00:00Z,UCF Knights,Georgia State Panthers,draftkings,Georgia State Panthers,18.5,-115
2026-09-16T16:07:08Z,4a9e833f32775e201ee648c51840df85,2026-09-19T23:00:00Z,UCF Knights,Georgia State Panthers,draftkings,UCF Knights,-18.5,-105
2026-09-16T16:07:08Z,4a9e833f32775e201ee648c51840df85,2026-09-19T23:00:00Z,UCF Knights,Georgia State Panthers,betmgm,Georgia State Panthers,18.5,-120
2026-09-16T16:07:08Z,4a9e833f32775e201ee648c51840df85,2026-09-19T23:00:00Z,UCF Knights,Georgia State Panthers,betmgm,UCF Knights,-18.5,-110
2026-09-16T16:07:08Z,36bb6ea150432c9958bd533c49b06f23,2026-09-19T23:00:00Z,Memphis Tigers,UT Martin Skyhawks,fanduel,Memphis Tigers,-35.5,-106
2026-09-16T16:07:08Z,36bb6ea150432c9958bd533c49b06f23,2026-09-19T23:00:00Z,Memphis Tigers,UT Martin Skyhawks,fanduel,UT Martin Skyhawks,35.5,-114
2026-09-16T16:07:08Z,69164d1b806f25a76cdb6268e19d4365,2026-09-19T23:00:00Z,Missouri Tigers,Troy Trojans,draftkings,Missouri Tigers,-26.5,-115
2026-09-16T16:07:08Z,69164d1b806f25a76cdb6268e19d4365,2026-09-19T23:00:00Z,Missouri Tigers,Troy Trojans,draftkings,Troy Trojans,26.5,-105
2026-09-16T16:07:08Z,69164d1b806f25a76cdb6268e19d4365,2026-09-19T23:00:00Z,Missouri Tigers,Troy Trojans,betmgm,Missouri Tigers,-26.5,-110
2026-09-16T16:07:08Z,69164d1b806f25a76cdb6268e19d4365,2026-09-19T23:00:00Z,Missouri Tigers,Troy Trojans,betmgm,Troy Trojans,26.5,-108
2026-09-16T16:07:08Z,0ce2e66203e1c66f3f2687fdccd37408,2026-09-19T23:00:00Z,Sam Houston State Bearkats,Nicholls State Colonels,betrivers,Nicholls State Colonels,18.5,-107
2026-09-16T16:07:08Z,0ce2e66203e1c66f3f2687fdccd37408,2026-09-19T23:00:00Z,Sam Houston State Bearkats,Nicholls State Colonels,betrivers,Sam Houston State Bearkats,-18.5,-117
2026-09-16T16:07:08Z,be8b2e012b50c86775a87bb633e330e6,2026-09-19T23:00:00Z,Rice Owls,Western Michigan Broncos,fanduel,Rice Owls,9.5,-110
2026-09-16T16:07:08Z,be8b2e012b50c86775a87bb633e330e6,2026-09-19T23:00:00Z,Rice Owls,Western Michigan Broncos,fanduel,Western Michigan Broncos,-9.5,-110
2026-09-16T16:07:08Z,be8b2e012b50c86775a87bb633e330e6,2026-09-19T23:00:00Z,Rice Owls,Western Michigan Broncos,draftkings,Rice Owls,9.5,-110
2026-09-16T16:07:08Z,be8b2e012b50c86775a87bb633e330e6,2026-09-19T23:00:00Z,Rice Owls,Western Michigan Broncos,draftkings,Western Michigan Broncos,-9.5,-110
2026-09-16T16:07:08Z,be8b2e012b50c86775a87bb633e330e6,2026-09-19T23:00:00Z,Rice Owls,Western Michigan Broncos,betmgm,Rice Owls,9.5,-108
2026-09-16T16:07:08Z,be8b2e012b50c86775a87bb633e330e6,2026-09-19T23:00:00Z,Rice Owls,Western Michigan Broncos,betmgm,Western Michigan Broncos,-9.5,-110
2026-09-16T16:07:08Z,be8b2e012b50c86775a87bb633e330e6,2026-09-19T23:00:00Z,Rice Owls,Western Michigan Broncos,bovada,Rice Owls,9.5,-110
2026-09-16T16:07:08Z,be8b2e012b50c86775a87bb633e330e6,2026-09-19T23:00:00Z,Rice Owls,Western Michigan Broncos,bovada,Western Michigan Broncos,-9.5,-110
2026-09-16T16:07:08Z,1088ecb8a4c34880f9fb0b9274a8d3e4,2026-09-19T23:00:00Z,Southern Mississippi Golden Eagles,UConn Huskies,betmgm,UConn Huskies,-3.0,-112
2026-09-16T16:07:08Z,55699549855efd1bed7b9d6ae1c7aded,2026-09-19T23:15:00Z,Nebraska Cornhuskers,North Dakota Fighting Hawks,betrivers,Nebraska Cornhuskers,-24.5,-110
2026-09-16T16:07:08Z,55699549855efd1bed7b9d6ae1c7aded,2026-09-19T23:15:00Z,Nebraska Cornhuskers,North Dakota Fighting Hawks,betrivers,North Dakota Fighting Hawks,24.5,-113
2026-09-16T16:07:08Z,d3b7a8be0f6c9e50f7afd4005990228b,2026-09-19T23:30:00Z,Colorado State Rams,BYU Cougars,draftkings,BYU Cougars,-17.5,-110
2026-09-16T16:07:08Z,d3b7a8be0f6c9e50f7afd4005990228b,2026-09-19T23:30:00Z,Colorado State Rams,BYU Cougars,draftkings,Colorado State Rams,17.5,-110
2026-09-16T16:07:08Z,d3b7a8be0f6c9e50f7afd4005990228b,2026-09-19T23:30:00Z,Colorado State Rams,BYU Cougars,betrivers,BYU Cougars,-18.0,-108
2026-09-16T16:07:08Z,d3b7a8be0f6c9e50f7afd4005990228b,2026-09-19T23:30:00Z,Colorado State Rams,BYU Cougars,betrivers,Colorado State Rams,18.0,-115
2026-09-16T16:07:08Z,03297aa8a399c223aa1cc6aa923d9bc6,2026-09-19T23:30:00Z,Northwestern Wildcats,Colorado Buffaloes,bovada,Colorado Buffaloes,3.5,-110
2026-09-16T16:07:08Z,03297aa8a399c223aa1cc6aa923d9bc6,2026-09-19T23:30:00Z,Northwestern Wildcats,Colorado Buffaloes,bovada,Northwestern Wildcats,-3.5,-110
2026-09-16T16:07:08Z,65571f1cab1a260aae4a220e38dbbc1d,2026-09-19T23:30:00Z,Ole Miss Rebels,LSU Tigers,betmgm,LSU Tigers,-3.0,-108
2026-09-16T16:07:08Z,65571f1cab1a260aae4a220e38dbbc1d,2026-09-19T23:30:00Z,Ole Miss Rebels,LSU Tigers,betmgm,Ole Miss Rebels,3.0,-110
2026-09-16T16:07:08Z,65571f1cab1a260aae4a220e38dbbc1d,2026-09-19T23:30:00Z,Ole Miss Rebels,LSU Tigers,draftkings,LSU Tigers,-3.0,-105
2026-09-16T16:07:08Z,65571f1cab1a260aae4a220e38dbbc1d,2026-09-19T23:30:00Z,Ole Miss Rebels,LSU Tigers,draftkings,Ole Miss Rebels,3.0,-115
2026-09-16T16:07:08Z,65571f1cab1a260aae4a220e38dbbc1d,2026-09-19T23:30:00Z,Ole Miss Rebels,LSU Tigers,betrivers,LSU Tigers,-3.0,-112
2026-09-16T16:07:08Z,65571f1cab1a260aae4a220e38dbbc1d,2026-09-19T23:30:00Z,Ole Miss Rebels,LSU Tigers,betrivers,Ole Miss Rebels,3.0,-112
2026-09-16T16:07:08Z,b7cdc05f280bede1f19b996cc9b95753,2026-09-19T23:30:00Z,Maryland Terrapins,Virginia Tech Hokies,betmgm,Maryland Terrapins,3.0,-112
2026-09-16T16:07:08Z,b7cdc05f280bede1f19b996cc9b95753,2026-09-19T23:30:00Z,Maryland Terrapins,Virginia Tech Hokies,betmgm,Virginia Tech Hokies,-3.0,-105
2026-09-16T16:07:08Z,b7cdc05f280bede1f19b996cc9b95753,2026-09-19T23:30:00Z,Maryland Terrapins,Virginia Tech Hokies,bovada,Maryland Terrapins,2.5,100
2026-09-16T16:07:08Z,b7cdc05f280bede1f19b996cc9b95753,2026-09-19T23:30:00Z,Maryland Terrapins,Virginia Tech Hokies,bovada,Virginia Tech Hokies,-2.5,-120
2026-09-16T16:07:08Z,7e3b8cd721f0817d0a6c3111221e8a91,2026-09-19T23:30:00Z,Notre Dame Fighting Irish,Michigan State Spartans,draftkings,Michigan State Spartans,29.5,-115
2026-09-16T16:07:08Z,7e3b8cd721f0817d0a6c3111221e8a91,2026-09-19T23:30:00Z,Notre Dame Fighting Irish,Michigan State Spartans,draftkings,Notre Dame Fighting Irish,-29.5,-105
2026-09-16T16:07:08Z,eda972dc55ded05916deafa37efab9c3,2026-09-19T23:30:00Z,West Virginia Mountaineers,Virginia Cavaliers,fanduel,Virginia Cavaliers,-10.5,-106
2026-09-16T16:07:08Z,eda972dc55ded05916deafa37efab9c3,2026-09-19T23:30:00Z,West Virginia Mountaineers,Virginia Cavaliers,fanduel,West Virginia Mountaineers,10.5,-114
2026-09-16T16:07:08Z,eda972dc55ded05916deafa37efab9c3,2026-09-19T23:30:00Z,West Virginia Mountaineers,Virginia Cavaliers,betrivers,Virginia Cavaliers,-10.5,-110
2026-09-16T16:07:08Z,eda972dc55ded05916deafa37efab9c3,2026-09-19T23:30:00Z,West Virginia Mountaineers,Virginia Cavaliers,betrivers,West Virginia Mountaineers,10.5,-113
2026-09-16T16:07:08Z,eda972dc55ded05916deafa37efab9c3,2026-09-19T23:30:00Z,West Virginia Mountaineers,Virginia Cavaliers,mybookieag,Virginia Cavaliers,-10.5,-110
2026-09-16T16:07:08Z,eda972dc55ded05916deafa37efab9c3,2026-09-19T23:30:00Z,West Virginia Mountaineers,Virginia Cavaliers,mybookieag,West Virginia Mountaineers,10.5,-110
2026-09-16T16:07:08Z,cc6953f45fe5acfc853fdf5e5e28a0e7,2026-09-19T23:45:00Z,Tennessee Volunteers,Kennesaw State Owls,betmgm,Kennesaw State Owls,35.5,-108
2026-09-16T16:07:08Z,cc6953f45fe5acfc853fdf5e5e28a0e7,2026-09-19T23:45:00Z,Tennessee Volunteers,Kennesaw State Owls,betmgm,Tennessee Volunteers,-35.5,-110
2026-09-16T16:07:08Z,a64b980a572375c0cc1adba3c3fc2811,2026-09-20T00:00:00Z,TCU Horned Frogs,Arkansas State Red Wolves,draftkings,Arkansas State Red Wolves,20.5,-112
2026-09-16T16:07:08Z,a64b980a572375c0cc1adba3c3fc2811,2026-09-20T00:00:00Z,TCU Horned Frogs,Arkansas State Red Wolves,draftkings,TCU Horned Frogs,-20.5,-108
2026-09-16T16:07:08Z,828ceb39d7fd7da80c98174ae5f02dcd,2026-09-20T00:00:00Z,Louisiana Ragin Cajuns,UAB Blazers,betmgm,UAB Blazers,7.5,-115
2026-09-16T16:07:08Z,6059b05ef23d08d9033bd7b5fe38e5d0,2026-09-20T00:00:00Z,Texas Longhorns,UTSA Roadrunners,betmgm,Texas Longhorns,-30.0,-108
2026-09-16T16:07:08Z,6059b05ef23d08d9033bd7b5fe38e5d0,2026-09-20T00:00:00Z,Texas Longhorns,UTSA Roadrunners,betmgm,UTSA Roadrunners,30.0,-110
2026-09-16T16:07:08Z,6d109b8538a3588ad21a393896d32efc,2026-09-20T02:00:00Z,Boise State Broncos,South Dakota Coyotes,fanduel,Boise State Broncos,-24.5,-104
2026-09-16T16:07:08Z,6d109b8538a3588ad21a393896d32efc,2026-09-20T02:00:00Z,Boise State Broncos,South Dakota Coyotes,fanduel,South Dakota Coyotes,24.5,-118
2026-09-16T16:07:08Z,6d109b8538a3588ad21a393896d32efc,2026-09-20T02:00:00Z,Boise State Broncos,South Dakota Coyotes,betrivers,Boise State Broncos,-24.5,-112
2026-09-16T16:07:08Z,6d109b8538a3588ad21a393896d32efc,2026-09-20T02:00:00Z,Boise State Broncos,South Dakota Coyotes,betrivers,South Dakota Coyotes,24.5,-112
2026-09-16T16:07:08Z,0cdf27f150204b8512bca1e2d7cce051,2026-09-20T02:00:00Z,San Diego State Aztecs,James Madison Dukes,draftkings,James Madison Dukes,2.5,-112
2026-09-16T16:07:08Z,0cdf27f150204b8512bca1e2d7cce051,2026-09-20T02:00:00Z,San Diego State Aztecs,James Madison Dukes,draftkings,San Diego State Aztecs,-2.5,-108
2026-09-16T16:07:08Z,0cdf27f150204b8512bca1e2d7cce051,2026-09-20T02:00:00Z,San Diego State Aztecs,James Madison Dukes,mybookieag,James Madison Dukes,2.0,-110
2026-09-16T16:07:08Z,0cdf27f150204b8512bca1e2d7cce051,2026-09-20T02:00:00Z,San Diego State Aztecs,James Madison Dukes,mybookieag,San Diego State Aztecs,-2.0,-110
2026-09-16T16:07:08Z,0cdf27f150204b8512bca1e2d7cce051,2026-09-20T02:00:00Z,San Diego State Aztecs,James Madison Dukes,bovada,James Madison Dukes,2.0,-110
2026-09-16T16:07:08Z,0cdf27f150204b8512bca1e2d7cce051,2026-09-20T02:00:00Z,San Diego State Aztecs,James Madison Dukes,bovada,San Diego State Aztecs,-2.0,-110
2026-09-16T16:07:08Z,93de8127b5d37170dff2b88deca0b95e,2026-09-20T02:30:00Z,Arizona Wildcats,Northern Illinois Huskies,draftkings,Arizona Wildcats,-34.5,-105
2026-09-16T16:07:08Z,93de8127b5d37170dff2b88deca0b95e,2026-09-20T02:30:00Z,Arizona Wildcats,Northern Illinois Huskies,draftkings,Northern Illinois Huskies,34.5,-115
2026-09-16T16:07:08Z,93de8127b5d37170dff2b88deca0b95e,2026-09-20T02:30:00Z,Arizona Wildcats,Northern Illinois Huskies,bovada,Arizona Wildcats,-34.5,-110
2026-09-16T16:07:08Z,93de8127b5d37170dff2b88deca0b95e,2026-09-20T02:30:00Z,Arizona Wildcats,Northern Illinois Huskies,bovada,Northern Illinois Huskies,34.5,-110
2026-09-16T16:07:08Z,0c7583234f964dbb7d9803a27d6b6dae,2026-09-20T02:30:00Z,Sacramento State Hornets,North Dakota State Bison,betmgm,North Dakota State Bison,-27.5,-108
2026-09-16T16:07:08Z,0c7583234f964dbb7d9803a27d6b6dae,2026-09-20T02:30:00Z,Sacramento State Hornets,North Dakota State Bison,betmgm,Sacramento State Hornets,27.5,-110
2026-09-16T16:07:08Z,0c7583234f964dbb7d9803a27d6b6dae,2026-09-20T02:30:00Z,Sacramento State Hornets,North Dakota State Bison,fanduel,North Dakota State Bison,-27.5,-110
2026-09-16T16:07:08Z,0c7583234f964dbb7d9803a27d6b6dae,2026-09-20T02:30:00Z,Sacramento State Hornets,North Dakota State Bison,fanduel,Sacramento State Hornets,27.5,-110
2026-09-16T16:07:08Z,0c7583234f964dbb7d9803a27d6b6dae,2026-09-20T02:30:00Z,Sacramento State Hornets,North Dakota State Bison,bovada,North Dakota State Bison,-27.5,-105
2026-09-16T16:07:08Z,0c7583234f964dbb7d9803a27d6b6dae,2026-09-20T02:30:00Z,Sacramento State Hornets,North Dakota State Bison,bovada,Sacramento State Hornets,27.5,-115
2026-09-16T16:07:08Z,7a6a2035bf5d7abd30d6cc8b76d59e3e,2026-09-20T03:00:00Z,UCLA Bruins,Purdue Boilermakers,fanduel,Purdue Boilermakers,14.5,-122
2026-09-16T16:07:08Z,7a6a2035bf5d7abd30d6cc8b76d59e3e,2026-09-20T03:00:00Z,UCLA Bruins,Purdue Boilermakers,fanduel,UCLA Bruins,-14.5,100
2026-09-16T16:07:08Z,7a6a2035bf5d7abd30d6cc8b76d59e3e,2026-09-20T03:00:00Z,UCLA Bruins,Purdue Boilermakers,draftkings,Purdue Boilermakers,14.0,-112
2026-09-16T16:07:08Z,7a6a2035bf5d7abd30d6cc8b76d59e3e,2026-09-20T03:00:00Z,UCLA Bruins,Purdue Boilermakers,draftkings,UCLA Bruins,-14.0,-108
2026-09-16T16:07:08Z,7a6a2035bf5d7abd30d6cc8b76d59e3e,2026-09-20T03:00:00Z,UCLA Bruins,Purdue Boilermakers,betmgm,Purdue Boilermakers,14.0,-110
2026-09-16T16:07:08Z,7a6a2035bf5d7abd30d6cc8b76d59e3e,2026-09-20T03:00:00Z,UCLA Bruins,Purdue Boilermakers,betmgm,UCLA Bruins,-14.0,-108
2026-09-16T20:52:09Z,f06e90b4212fb514f3564ded9f190107,2026-09-17T23:30:00Z,Pittsburgh Panthers,Syracuse Orange,betrivers,Pittsburgh Panthers,-10.5,-109
2026-09-16T20:52:09Z,f06e90b4212fb514f3564ded9f190107,2026-09-17T23:30:00Z,Pittsburgh Panthers,Syracuse Orange,betrivers,Syracuse Orange,10.5,-113
2026-09-16T20:52:09Z,f06e90b4212fb514f3564ded9f190107,2026-09-17T23:30:00Z,Pittsburgh Panthers,Syracuse Orange,betmgm,Pittsburgh Panthers,-10.0,-110
2026-09-16T20:52:09Z,f06e90b4212fb514f3564ded9f190107,2026-09-17T23:30:00Z,Pittsburgh Panthers,Syracuse Orange,betmgm,Syracuse Orange,10.0,-108
2026-09-16T20:52:09Z,720451b07d54e435c9be484ef73ea211,2026-09-18T23:30:00Z,Wake Forest Demon Deacons,Miami Hurricanes,draftkings,Miami Hurricanes,-21.0,-102
2026-09-16T20:52:09Z,720451b07d54e435c9be484ef73ea211,2026-09-18T23:30:00Z,Wake Forest Demon Deacons,Miami Hurricanes,draftkings,Wake Forest Demon Deacons,21.0,-118
2026-09-16T20:52:09Z,720451b07d54e435c9be484ef73ea211,2026-09-18T23:30:00Z,Wake Forest Demon Deacons,Miami Hurricanes,betmgm,Miami Hurricanes,-21.0,-105
2026-09-16T20:52:09Z,720451b07d54e435c9be484ef73ea211,2026-09-18T23:30:00Z,Wake Forest Demon Deacons,Miami Hurricanes,betmgm,Wake Forest Demon Deacons,21.0,-112
2026-09-16T20:52:09Z,720451b07d54e435c9be484ef73ea211,2026-09-18T23:30:00Z,Wake Forest Demon Deacons,Miami Hurricanes,betrivers,Miami Hurricanes,-20.5,-117
2026-09-16T20:52:09Z,720451b07d54e435c9be484ef73ea211,2026-09-18T23:30:00Z,Wake Forest Demon Deacons,Miami Hurricanes,betrivers,Wake Forest Demon Deacons,20.5,-107
2026-09-16T20:52:09Z,720451b07d54e435c9be484ef73ea211,2026-09-18T23:30:00Z,Wake Forest Demon Deacons,Miami Hurricanes,lowvig,Miami Hurricanes,-21.0,-106
2026-09-16T20:52:09Z,720451b07d54e435c9be484ef73ea211,2026-09-18T23:30:00Z,Wake Forest Demon Deacons,Miami Hurricanes,lowvig,Wake Forest Demon Deacons,21.0,-106
2026-09-16T20:52:09Z,720451b07d54e435c9be484ef73ea211,2026-09-18T23:30:00Z,Wake Forest Demon Deacons,Miami Hurricanes,betonlineag,Miami Hurricanes,-21.0,-110
2026-09-16T20:52:09Z,720451b07d54e435c9be484ef73ea211,2026-09-18T23:30:00Z,Wake Forest Demon Deacons,Miami Hurricanes,betonlineag,Wake Forest Demon Deacons,21.0,-110
2026-09-16T20:52:09Z,720451b07d54e435c9be484ef73ea211,2026-09-18T23:30:00Z,Wake Forest Demon Deacons,Miami Hurricanes,betus,Miami Hurricanes,-21.0,-110
2026-09-16T20:52:09Z,720451b07d54e435c9be484ef73ea211,2026-09-18T23:30:00Z,Wake Forest Demon Deacons,Miami Hurricanes,betus,Wake Forest Demon Deacons,21.0,-110
2026-09-16T20:52:09Z,7311bf775464ae97893928e22512bb47,2026-09-19T00:00:00Z,Texas Tech Red Raiders,Houston Cougars,draftkings,Houston Cougars,7.5,-112
2026-09-16T20:52:09Z,7311bf775464ae97893928e22512bb47,2026-09-19T00:00:00Z,Texas Tech Red Raiders,Houston Cougars,draftkings,Texas Tech Red Raiders,-7.5,-108
2026-09-16T20:52:09Z,7311bf775464ae97893928e22512bb47,2026-09-19T00:00:00Z,Texas Tech Red Raiders,Houston Cougars,betrivers,Houston Cougars,7.5,-110
2026-09-16T20:52:09Z,7311bf775464ae97893928e22512bb47,2026-09-19T00:00:00Z,Texas Tech Red Raiders,Houston Cougars,betrivers,Texas Tech Red Raiders,-7.5,-113
2026-09-16T20:52:09Z,5658a82b80479ea42281da7d3e3e1337,2026-09-19T02:30:00Z,Oregon Ducks,Portland State Vikings,betrivers,Oregon Ducks,-57.5,-112
2026-09-16T20:52:09Z,5658a82b80479ea42281da7d3e3e1337,2026-09-19T02:30:00Z,Oregon Ducks,Portland State Vikings,betrivers,Portland State Vikings,57.5,-112
2026-09-16T20:52:09Z,529a333381665c34d05b290d2c9eb5b9,2026-09-19T15:30:00Z,Delaware Blue Hens,Coastal Carolina Chanticleers,betmgm,Coastal Carolina Chanticleers,4.5,-108
2026-09-16T20:52:09Z,529a333381665c34d05b290d2c9eb5b9,2026-09-19T15:30:00Z,Delaware Blue Hens,Coastal Carolina Chanticleers,betmgm,Delaware Blue Hens,-4.5,-110
2026-09-16T20:52:09Z,5bc9efd5f27827a26c1cf8744bb8c2b1,2026-09-19T16:00:00Z,Minnesota Golden Gophers,Akron Zips,betrivers,Akron Zips,23.5,-108
2026-09-16T20:52:09Z,5bc9efd5f27827a26c1cf8744bb8c2b1,2026-09-19T16:00:00Z,Minnesota Golden Gophers,Akron Zips,betrivers,Minnesota Golden Gophers,-23.5,-115
2026-09-16T20:52:09Z,a317e3ffe5919c8bff3b9b303054f1b3,2026-09-19T16:00:00Z,Arizona State Sun Devils,Kansas Jayhawks,betrivers,Arizona State Sun Devils,-5.5,-114
2026-09-16T20:52:09Z,a317e3ffe5919c8bff3b9b303054f1b3,2026-09-19T16:00:00Z,Arizona State Sun Devils,Kansas Jayhawks,betrivers,Kansas Jayhawks,5.5,-109
2026-09-16T20:52:09Z,01e9c4d460a55375a75d025e2b1ddbf5,2026-09-19T16:00:00Z,Arkansas Razorbacks,Georgia Bulldogs,draftkings,Arkansas Razorbacks,24.5,-105
2026-09-16T20:52:09Z,01e9c4d460a55375a75d025e2b1ddbf5,2026-09-19T16:00:00Z,Arkansas Razorbacks,Georgia Bulldogs,draftkings,Georgia Bulldogs,-24.5,-115
2026-09-16T20:52:09Z,9a69dbd474c6181a4c51f397b9b25d38,2026-09-19T16:00:00Z,Iowa State Cyclones,Bowling Green Falcons,draftkings,Bowling Green Falcons,23.5,-110
2026-09-16T20:52:09Z,9a69dbd474c6181a4c51f397b9b25d38,2026-09-19T16:00:00Z,Iowa State Cyclones,Bowling Green Falcons,draftkings,Iowa State Cyclones,-23.5,-110
2026-09-16T20:52:09Z,9a69dbd474c6181a4c51f397b9b25d38,2026-09-19T16:00:00Z,Iowa State Cyclones,Bowling Green Falcons,betmgm,Bowling Green Falcons,23.5,-110
2026-09-16T20:52:09Z,9a69dbd474c6181a4c51f397b9b25d38,2026-09-19T16:00:00Z,Iowa State Cyclones,Bowling Green Falcons,betmgm,Iowa State Cyclones,-23.5,-108
2026-09-16T20:52:09Z,36baf28c66c363255bb0cd88b6aaf914,2026-09-19T16:00:00Z,Penn State Nittany Lions,Buffalo Bulls,betonlineag,Buffalo Bulls,41.0,-108
2026-09-16T20:52:09Z,36baf28c66c363255bb0cd88b6aaf914,2026-09-19T16:00:00Z,Penn State Nittany Lions,Buffalo Bulls,betonlineag,Penn State Nittany Lions,-41.0,-112
2026-09-16T20:52:09Z,36baf28c66c363255bb0cd88b6aaf914,2026-09-19T16:00:00Z,Penn State Nittany Lions,Buffalo Bulls,lowvig,Buffalo Bulls,41.0,-104
2026-09-16T20:52:09Z,36baf28c66c363255bb0cd88b6aaf914,2026-09-19T16:00:00Z,Penn State Nittany Lions,Buffalo Bulls,lowvig,Penn State Nittany Lions,-41.0,-108
2026-09-16T20:52:09Z,36baf28c66c363255bb0cd88b6aaf914,2026-09-19T16:00:00Z,Penn State Nittany Lions,Buffalo Bulls,betmgm,Buffalo Bulls,41.5,-110
2026-09-16T20:52:09Z,36baf28c66c363255bb0cd88b6aaf914,2026-09-19T16:00:00Z,Penn State Nittany Lions,Buffalo Bulls,betmgm,Penn State Nittany Lions,-41.5,-108
2026-09-16T20:52:09Z,36baf28c66c363255bb0cd88b6aaf914,2026-09-19T16:00:00Z,Penn State Nittany Lions,Buffalo Bulls,betus,Buffalo Bulls,41.0,-110
2026-09-16T20:52:09Z,36baf28c66c363255bb0cd88b6aaf914,2026-09-19T16:00:00Z,Penn State Nittany Lions,Buffalo Bulls,betus,Penn State Nittany Lions,-41.0,-110
2026-09-16T20:52:09Z,36baf28c66c363255bb0cd88b6aaf914,2026-09-19T16:00:00Z,Penn State Nittany Lions,Buffalo Bulls,bovada,Buffalo Bulls,41.0,-110
2026-09-16T20:52:09Z,36baf28c66c363255bb0cd88b6aaf914,2026-09-19T16:00:00Z,Penn State Nittany Lions,Buffalo Bulls,bovada,Penn State Nittany Lions,-41.0,-110
2026-09-16T20:52:09Z,3fe3d77e009a7f205cce737523609a86,2026-09-19T16:00:00Z,Clemson Tigers,North Carolina Tar Heels,fanduel,Clemson Tigers,-3.5,-105
2026-09-16T20:52:09Z,3fe3d77e009a7f205cce737523609a86,2026-09-19T16:00:00Z,Clemson Tigers,North Carolina Tar Heels,fanduel,North Carolina Tar Heels,3.5,-115
2026-09-16T20:52:09Z,3fe3d77e009a7f205cce737523609a86,2026-09-19T16:00:00Z,Clemson Tigers,North Carolina Tar Heels,betrivers,Clemson Tigers,-3.0,-120
2026-09-16T20:52:09Z,3fe3d77e009a7f205cce737523609a86,2026-09-19T16:00:00Z,Clemson Tigers,North Carolina Tar Heels,betrivers,North Carolina Tar Heels,3.0,-106
2026-09-16T20:52:09Z,3514404f321e9cf55f11222c8e36233b,2026-09-19T16:00:00Z,Georgia Tech Yellow Jackets,Mercer Bears,betrivers,Georgia Tech Yellow Jackets,-39.5,-112
2026-09-16T20:52:09Z,3514404f321e9cf55f11222c8e36233b,2026-09-19T16:00:00Z,Georgia Tech Yellow Jackets,Mercer Bears,betrivers,Mercer Bears,39.5,-112
2026-09-16T20:52:09Z,72215c37435df22c87999aa675c675ca,2026-09-19T16:00:00Z,Kansas State Wildcats,Tulane Green Wave,betonlineag,Kansas State Wildcats,-20.5,-110
2026-09-16T20:52:09Z,72215c37435df22c87999aa675c675ca,2026-09-19T16:00:00Z,Kansas State Wildcats,Tulane Green Wave,betonlineag,Tulane Green Wave,20.5,-110
2026-09-16T20:52:09Z,72215c37435df22c87999aa675c675ca,2026-09-19T16:00:00Z,Kansas State Wildcats,Tulane Green Wave,lowvig,Kansas State Wildcats,-20.5,-106
2026-09-16T20:52:09Z,72215c37435df22c87999aa675c675ca,2026-09-19T16:00:00Z,Kansas State Wildcats,Tulane Green Wave,lowvig,Tulane Green Wave,20.5,-106
2026-09-16T20:52:09Z,72215c37435df22c87999aa675c675ca,2026-09-19T16:00:00Z,Kansas State Wildcats,Tulane Green Wave,mybookieag,Kansas State Wildcats,-21.0,-110
2026-09-16T20:52:09Z,72215c37435df22c87999aa675c675ca,2026-09-19T16:00:00Z,Kansas State Wildcats,Tulane Green Wave,mybookieag,Tulane Green Wave,21.0,-110
2026-09-16T20:52:09Z,72215c37435df22c87999aa675c675ca,2026-09-19T16:00:00Z,Kansas State Wildcats,Tulane Green Wave,betmgm,Tulane Green Wave,20.5,-110
2026-09-16T20:52:09Z,6eee31d7778965a3e617f10146619c1d,2026-09-19T16:00:00Z,Ohio State Buckeyes,Kent State Golden Flashes,draftkings,Kent State Golden Flashes,52.5,-110
2026-09-16T20:52:09Z,6eee31d7778965a3e617f10146619c1d,2026-09-19T16:00:00Z,Ohio State Buckeyes,Kent State Golden Flashes,draftkings,Ohio State Buckeyes,-52.5,-110
2026-09-16T20:52:09Z,6eee31d7778965a3e617f10146619c1d,2026-09-19T16:00:00Z,Ohio State Buckeyes,Kent State Golden Flashes,betrivers,Kent State Golden Flashes,53.0,-109
2026-09-16T20:52:09Z,6eee31d7778965a3e617f10146619c1d,2026-09-19T16:00:00Z,Ohio State Buckeyes,Kent State Golden Flashes,betrivers,Ohio State Buckeyes,-53.0,-114
2026-09-16T20:52:09Z,6eee31d7778965a3e617f10146619c1d,2026-09-19T16:00:00Z,Ohio State Buckeyes,Kent State Golden Flashes,betmgm,Kent State Golden Flashes,52.5,-110
2026-09-16T20:52:09Z,6eee31d7778965a3e617f10146619c1d,2026-09-19T16:00:00Z,Ohio State Buckeyes,Kent State Golden Flashes,betmgm,Ohio State Buckeyes,-52.5,-108
2026-09-16T20:52:09Z,b0cd2e8beaf0dc333daa592a0d3d5c3a,2026-09-19T16:00:00Z,Texas State Bobcats,North Texas Mean Green,betrivers,North Texas Mean Green,3.0,-115
2026-09-16T20:52:09Z,b0cd2e8beaf0dc333daa592a0d3d5c3a,2026-09-19T16:00:00Z,Texas State Bobcats,North Texas Mean Green,betrivers,Texas State Bobcats,-3.0,-108
2026-09-16T20:52:09Z,b0cd2e8beaf0dc333daa592a0d3d5c3a,2026-09-19T16:00:00Z,Texas State Bobcats,North Texas Mean Green,betmgm,North Texas Mean Green,3.0,-115
2026-09-16T20:52:09Z,b0cd2e8beaf0dc333daa592a0d3d5c3a,2026-09-19T16:00:00Z,Texas State Bobcats,North Texas Mean Green,betmgm,Texas State Bobcats,-3.0,-102
2026-09-16T20:52:09Z,b0cd2e8beaf0dc333daa592a0d3d5c3a,2026-09-19T16:00:00Z,Texas State Bobcats,North Texas Mean Green,betus,North Texas Mean Green,3.0,-115
2026-09-16T20:52:09Z,b0cd2e8beaf0dc333daa592a0d3d5c3a,2026-09-19T16:00:00Z,Texas State Bobcats,North Texas Mean Green,betus,Texas State Bobcats,-3.0,-105
2026-09-16T20:52:09Z,bd7ae9e585a6595f7d308d45e1bf35e3,2026-09-19T16:30:00Z,Wisconsin Badgers,Eastern Michigan Eagles,draftkings,Eastern Michigan Eagles,23.5,-102
2026-09-16T20:52:09Z,bd7ae9e585a6595f7d308d45e1bf35e3,2026-09-19T16:30:00Z,Wisconsin Badgers,Eastern Michigan Eagles,draftkings,Wisconsin Badgers,-23.5,-118
2026-09-16T20:52:09Z,2e9835b129f8b8055d4a24f736547363,2026-09-19T16:45:00Z,Vanderbilt Commodores,NC State Wolfpack,draftkings,NC State Wolfpack,3.0,-110
2026-09-16T20:52:09Z,2e9835b129f8b8055d4a24f736547363,2026-09-19T16:45:00Z,Vanderbilt Commodores,NC State Wolfpack,draftkings,Vanderbilt Commodores,-3.0,-110
2026-09-16T20:52:09Z,2e9835b129f8b8055d4a24f736547363,2026-09-19T16:45:00Z,Vanderbilt Commodores,NC State Wolfpack,betonlineag,NC State Wolfpack,3.0,-105
2026-09-16T20:52:09Z,2e9835b129f8b8055d4a24f736547363,2026-09-19T16:45:00Z,Vanderbilt Commodores,NC State Wolfpack,betonlineag,Vanderbilt Commodores,-3.0,-115
2026-09-16T20:52:09Z,2e9835b129f8b8055d4a24f736547363,2026-09-19T16:45:00Z,Vanderbilt Commodores,NC State Wolfpack,lowvig,NC State Wolfpack,3.0,-101
2026-09-16T20:52:09Z,2e9835b129f8b8055d4a24f736547363,2026-09-19T16:45:00Z,Vanderbilt Commodores,NC State Wolfpack,lowvig,Vanderbilt Commodores,-3.0,-111
2026-09-16T20:52:09Z,2e9835b129f8b8055d4a24f736547363,2026-09-19T16:45:00Z,Vanderbilt Commodores,NC State Wolfpack,betmgm,NC State Wolfpack,3.5,-118
2026-09-16T20:52:09Z,2e9835b129f8b8055d4a24f736547363,2026-09-19T16:45:00Z,Vanderbilt Commodores,NC State Wolfpack,betmgm,Vanderbilt Commodores,-3.5,-102
2026-09-16T20:52:09Z,2e9835b129f8b8055d4a24f736547363,2026-09-19T16:45:00Z,Vanderbilt Commodores,NC State Wolfpack,betus,NC State Wolfpack,3.0,-105
2026-09-16T20:52:09Z,2e9835b129f8b8055d4a24f736547363,2026-09-19T16:45:00Z,Vanderbilt Commodores,NC State Wolfpack,betus,Vanderbilt Commodores,-3.0,-115
2026-09-16T20:52:09Z,2e9835b129f8b8055d4a24f736547363,2026-09-19T16:45:00Z,Vanderbilt Commodores,NC State Wolfpack,bovada,NC State Wolfpack,3.0,-105
2026-09-16T20:52:09Z,2e9835b129f8b8055d4a24f736547363,2026-09-19T16:45:00Z,Vanderbilt Commodores,NC State Wolfpack,bovada,Vanderbilt Commodores,-3.0,-115
2026-09-16T20:52:09Z,08a2eb7afbd58ee7a8fb47bb4142eded,2026-09-19T18:00:00Z,Boston College Eagles,Maine Black Bears,betrivers,Boston College Eagles,-38.5,-110
2026-09-16T20:52:09Z,08a2eb7afbd58ee7a8fb47bb4142eded,2026-09-19T18:00:00Z,Boston College Eagles,Maine Black Bears,betrivers,Maine Black Bears,38.5,-113
2026-09-16T20:52:09Z,578e82a8bc67101e9eba884729ffcc69,2026-09-19T18:00:00Z,Illinois Fighting Illini,Southern Illinois Salukis,betrivers,Illinois Fighting Illini,-40.0,-112
2026-09-16T20:52:09Z,578e82a8bc67101e9eba884729ffcc69,2026-09-19T18:00:00Z,Illinois Fighting Illini,Southern Illinois Salukis,betrivers,Southern Illinois Salukis,40.0,-112
2026-09-16T20:52:09Z,578e82a8bc67101e9eba884729ffcc69,2026-09-19T18:00:00Z,Illinois Fighting Illini,Southern Illinois Salukis,draftkings,Illinois Fighting Illini,-38.5,-110
2026-09-16T20:52:09Z,578e82a8bc67101e9eba884729ffcc69,2026-09-19T18:00:00Z,Illinois Fighting Illini,Southern Illinois Salukis,draftkings,Southern Illinois Salukis,38.5,-110
2026-09-16T20:52:09Z,ea8b0414ff464255eef426fd61427030,2026-09-19T19:00:00Z,Toledo Rockets,Temple Owls,betmgm,Temple Owls,5.5,-112
2026-09-16T20:52:09Z,ea8b0414ff464255eef426fd61427030,2026-09-19T19:00:00Z,Toledo Rockets,Temple Owls,betmgm,Toledo Rockets,-5.5,-118
2026-09-16T20:52:09Z,a85cea77fbd44d9135461815777f6a9c,2026-09-19T19:30:00Z,Alabama Crimson Tide,Florida State Seminoles,betmgm,Florida State Seminoles,19.5,-110
2026-09-16T20:52:09Z,a85cea77fbd44d9135461815777f6a9c,2026-09-19T19:30:00Z,Alabama Crimson Tide,Florida State Seminoles,betrivers,Alabama Crimson Tide,-20.0,-109
2026-09-16T20:52:09Z,a85cea77fbd44d9135461815777f6a9c,2026-09-19T19:30:00Z,Alabama Crimson Tide,Florida State Seminoles,betrivers,Florida State Seminoles,20.0,-114
2026-09-16T20:52:09Z,a85cea77fbd44d9135461815777f6a9c,2026-09-19T19:30:00Z,Alabama Crimson Tide,Florida State Seminoles,bovada,Alabama Crimson Tide,-20.0,-105
2026-09-16T20:52:09Z,a85cea77fbd44d9135461815777f6a9c,2026-09-19T19:30:00Z,Alabama Crimson Tide,Florida State Seminoles,bovada,Florida State Seminoles,20.0,-115
2026-09-16T20:52:09Z,15ebe2df1d91e584d091d509e70a1a71,2026-09-19T19:30:00Z,Cincinnati Bearcats,Miami (OH) RedHawks,betrivers,Cincinnati Bearcats,-14.5,-110
2026-09-16T20:52:09Z,15ebe2df1d91e584d091d509e70a1a71,2026-09-19T19:30:00Z,Cincinnati Bearcats,Miami (OH) RedHawks,betrivers,Miami (OH) RedHawks,14.5,-113
2026-09-16T20:52:09Z,d2da9e958e6f4800929ff9411b697a4b,2026-09-19T19:30:00Z,Texas A&M Aggies,Kentucky Wildcats,betmgm,Kentucky Wildcats,16.5,-110
2026-09-16T20:52:09Z,d2da9e958e6f4800929ff9411b697a4b,2026-09-19T19:30:00Z,Texas A&M Aggies,Kentucky Wildcats,betmgm,Texas A&M Aggies,-16.5,-108
2026-09-16T20:52:09Z,d2da9e958e6f4800929ff9411b697a4b,2026-09-19T19:30:00Z,Texas A&M Aggies,Kentucky Wildcats,betrivers,Kentucky Wildcats,16.5,-110
2026-09-16T20:52:09Z,d2da9e958e6f4800929ff9411b697a4b,2026-09-19T19:30:00Z,Texas A&M Aggies,Kentucky Wildcats,betrivers,Texas A&M Aggies,-16.5,-113
2026-09-16T20:52:09Z,d2da9e958e6f4800929ff9411b697a4b,2026-09-19T19:30:00Z,Texas A&M Aggies,Kentucky Wildcats,lowvig,Kentucky Wildcats,17.0,-109
2026-09-16T20:52:09Z,d2da9e958e6f4800929ff9411b697a4b,2026-09-19T19:30:00Z,Texas A&M Aggies,Kentucky Wildcats,lowvig,Texas A&M Aggies,-17.0,-103
2026-09-16T20:52:09Z,d2da9e958e6f4800929ff9411b697a4b,2026-09-19T19:30:00Z,Texas A&M Aggies,Kentucky Wildcats,betonlineag,Kentucky Wildcats,17.0,-113
2026-09-16T20:52:09Z,d2da9e958e6f4800929ff9411b697a4b,2026-09-19T19:30:00Z,Texas A&M Aggies,Kentucky Wildcats,betonlineag,Texas A&M Aggies,-17.0,-107
2026-09-16T20:52:09Z,d2da9e958e6f4800929ff9411b697a4b,2026-09-19T19:30:00Z,Texas A&M Aggies,Kentucky Wildcats,bovada,Kentucky Wildcats,17.0,-110
2026-09-16T20:52:09Z,d2da9e958e6f4800929ff9411b697a4b,2026-09-19T19:30:00Z,Texas A&M Aggies,Kentucky Wildcats,bovada,Texas A&M Aggies,-17.0,-110
2026-09-16T20:52:09Z,dbcfc3184e20d1ea45e910b89585071f,2026-09-19T19:30:00Z,Louisville Cardinals,SMU Mustangs,betmgm,Louisville Cardinals,-1.5,-115
2026-09-16T20:52:09Z,dbcfc3184e20d1ea45e910b89585071f,2026-09-19T19:30:00Z,Louisville Cardinals,SMU Mustangs,betmgm,SMU Mustangs,1.5,-115
2026-09-16T20:52:09Z,f9b0ff34657875b54ee16b8254168159,2026-09-19T19:30:00Z,Michigan Wolverines,UTEP Miners,betrivers,Michigan Wolverines,-34.5,-115
2026-09-16T20:52:09Z,f9b0ff34657875b54ee16b8254168159,2026-09-19T19:30:00Z,Michigan Wolverines,UTEP Miners,betrivers,UTEP Miners,34.5,-108
2026-09-16T20:52:09Z,f9b0ff34657875b54ee16b8254168159,2026-09-19T19:30:00Z,Michigan Wolverines,UTEP Miners,betmgm,Michigan Wolverines,-35.5,-118
2026-09-16T20:52:09Z,f9b0ff34657875b54ee16b8254168159,2026-09-19T19:30:00Z,Michigan Wolverines,UTEP Miners,betmgm,UTEP Miners,35.5,-112
2026-09-16T20:52:09Z,8b31d45a11a98ec8e6a9a9a5368a1bf4,2026-09-19T19:30:00Z,Rutgers Scarlet Knights,USC Trojans,betrivers,Rutgers Scarlet Knights,24.0,-112
2026-09-16T20:52:09Z,8b31d45a11a98ec8e6a9a9a5368a1bf4,2026-09-19T19:30:00Z,Rutgers Scarlet Knights,USC Trojans,betrivers,USC Trojans,-24.0,-112
2026-09-16T20:52:09Z,8b31d45a11a98ec8e6a9a9a5368a1bf4,2026-09-19T19:30:00Z,Rutgers Scarlet Knights,USC Trojans,betmgm,Rutgers Scarlet Knights,24.0,-108
2026-09-16T20:52:09Z,8b31d45a11a98ec8e6a9a9a5368a1bf4,2026-09-19T19:30:00Z,Rutgers Scarlet Knights,USC Trojans,betmgm,USC Trojans,-24.0,-110
2026-09-16T20:52:09Z,9a94b95365b9c78fbfb612ce4c859eda,2026-09-19T19:30:00Z,Utah Utes,Utah State Aggies,draftkings,Utah State Aggies,27.5,-102
2026-09-16T20:52:09Z,9a94b95365b9c78fbfb612ce4c859eda,2026-09-19T19:30:00Z,Utah Utes,Utah State Aggies,draftkings,Utah Utes,-27.5,-118
2026-09-16T20:52:09Z,9a94b95365b9c78fbfb612ce4c859eda,2026-09-19T19:30:00Z,Utah Utes,Utah State Aggies,betmgm,Utah State Aggies,28.0,-110
2026-09-16T20:52:09Z,9a94b95365b9c78fbfb612ce4c859eda,2026-09-19T19:30:00Z,Utah Utes,Utah State Aggies,betmgm,Utah Utes,-28.0,-108
2026-09-16T20:52:09Z,089e1a60578160dd6828794656461ba5,2026-09-19T20:00:00Z,Liberty Flames,Ball State Cardinals,betrivers,Ball State Cardinals,14.0,-108
2026-09-16T20:52:09Z,089e1a60578160dd6828794656461ba5,2026-09-19T20:00:00Z,Liberty Flames,Ball State Cardinals,betrivers,Liberty Flames,-14.0,-115
2026-09-16T20:52:09Z,089e1a60578160dd6828794656461ba5,2026-09-19T20:00:00Z,Liberty Flames,Ball State Cardinals,draftkings,Ball State Cardinals,14.0,-110
2026-09-16T20:52:09Z,089e1a60578160dd6828794656461ba5,2026-09-19T20:00:00Z,Liberty Flames,Ball State Cardinals,draftkings,Liberty Flames,-14.0,-110
2026-09-16T20:52:09Z,089e1a60578160dd6828794656461ba5,2026-09-19T20:00:00Z,Liberty Flames,Ball State Cardinals,betonlineag,Ball State Cardinals,14.0,-110
2026-09-16T20:52:09Z,089e1a60578160dd6828794656461ba5,2026-09-19T20:00:00Z,Liberty Flames,Ball State Cardinals,betonlineag,Liberty Flames,-14.0,-110
2026-09-16T20:52:09Z,089e1a60578160dd6828794656461ba5,2026-09-19T20:00:00Z,Liberty Flames,Ball State Cardinals,lowvig,Ball State Cardinals,14.0,-106
2026-09-16T20:52:09Z,089e1a60578160dd6828794656461ba5,2026-09-19T20:00:00Z,Liberty Flames,Ball State Cardinals,lowvig,Liberty Flames,-14.0,-106
2026-09-16T20:52:09Z,089e1a60578160dd6828794656461ba5,2026-09-19T20:00:00Z,Liberty Flames,Ball State Cardinals,betmgm,Ball State Cardinals,14.0,-108
2026-09-16T20:52:09Z,089e1a60578160dd6828794656461ba5,2026-09-19T20:00:00Z,Liberty Flames,Ball State Cardinals,betmgm,Liberty Flames,-14.0,-110
2026-09-16T20:52:09Z,089e1a60578160dd6828794656461ba5,2026-09-19T20:00:00Z,Liberty Flames,Ball State Cardinals,betus,Ball State Cardinals,14.0,-110
2026-09-16T20:52:09Z,089e1a60578160dd6828794656461ba5,2026-09-19T20:00:00Z,Liberty Flames,Ball State Cardinals,betus,Liberty Flames,-14.0,-110
2026-09-16T20:52:09Z,790266884d07b6c2aeed8efc216ba610,2026-09-19T20:00:00Z,Baylor Bears,Louisiana Tech Bulldogs,betmgm,Baylor Bears,-19.5,-108
2026-09-16T20:52:09Z,790266884d07b6c2aeed8efc216ba610,2026-09-19T20:00:00Z,Baylor Bears,Louisiana Tech Bulldogs,betmgm,Louisiana Tech Bulldogs,19.5,-110
2026-09-16T20:52:09Z,790266884d07b6c2aeed8efc216ba610,2026-09-19T20:00:00Z,Baylor Bears,Louisiana Tech Bulldogs,bovada,Baylor Bears,-20.0,-110
2026-09-16T20:52:09Z,790266884d07b6c2aeed8efc216ba610,2026-09-19T20:00:00Z,Baylor Bears,Louisiana Tech Bulldogs,bovada,Louisiana Tech Bulldogs,20.0,-110
2026-09-16T20:52:09Z,3c742aa7dc1c1da030846964a72de370,2026-09-19T20:00:00Z,Duke Blue Devils,Stanford Cardinal,betmgm,Duke Blue Devils,-9.5,-110
2026-09-16T20:52:09Z,f459decff5e212a417df01fead33b180,2026-09-19T20:00:00Z,Indiana Hoosiers,Western Kentucky Hilltoppers,betrivers,Indiana Hoosiers,-44.5,-114
2026-09-16T20:52:09Z,f459decff5e212a417df01fead33b180,2026-09-19T20:00:00Z,Indiana Hoosiers,Western Kentucky Hilltoppers,betrivers,Western Kentucky Hilltoppers,44.5,-109
2026-09-16T20:52:09Z,f459decff5e212a417df01fead33b180,2026-09-19T20:00:00Z,Indiana Hoosiers,Western Kentucky Hilltoppers,betmgm,Indiana Hoosiers,-44.5,-110
2026-09-16T20:52:09Z,f459decff5e212a417df01fead33b180,2026-09-19T20:00:00Z,Indiana Hoosiers,Western Kentucky Hilltoppers,betmgm,Western Kentucky Hilltoppers,44.5,-108
2026-09-16T20:52:09Z,a4e7771497976db67e6a81bc3700b32f,2026-09-19T20:15:00Z,South Carolina Gamecocks,Mississippi State Bulldogs,betmgm,Mississippi State Bulldogs,4.0,-115
2026-09-16T20:52:09Z,a4e7771497976db67e6a81bc3700b32f,2026-09-19T20:15:00Z,South Carolina Gamecocks,Mississippi State Bulldogs,betmgm,South Carolina Gamecocks,-4.0,-105
2026-09-16T20:52:09Z,09e86b2dd47d075b2fddb3174d21b1ac,2026-09-19T20:30:00Z,UL Monroe Warhawks,Southeastern Louisiana Lions,betrivers,Southeastern Louisiana Lions,12.5,-109
2026-09-16T20:52:09Z,09e86b2dd47d075b2fddb3174d21b1ac,2026-09-19T20:30:00Z,UL Monroe Warhawks,Southeastern Louisiana Lions,betrivers,UL Monroe Warhawks,-12.5,-114
2026-09-16T20:52:09Z,3db3de2fb9101f01f676c1f319837667,2026-09-19T22:00:00Z,Appalachian State Mountaineers,Charlotte 49ers,betmgm,Appalachian State Mountaineers,-17.5,-108
2026-09-16T20:52:09Z,3db3de2fb9101f01f676c1f319837667,2026-09-19T22:00:00Z,Appalachian State Mountaineers,Charlotte 49ers,betmgm,Charlotte 49ers,17.5,-110
2026-09-16T20:52:09Z,3db3de2fb9101f01f676c1f319837667,2026-09-19T22:00:00Z,Appalachian State Mountaineers,Charlotte 49ers,lowvig,Appalachian State Mountaineers,-17.5,-106
2026-09-16T20:52:09Z,3db3de2fb9101f01f676c1f319837667,2026-09-19T22:00:00Z,Appalachian State Mountaineers,Charlotte 49ers,lowvig,Charlotte 49ers,17.5,-106
2026-09-16T20:52:09Z,3db3de2fb9101f01f676c1f319837667,2026-09-19T22:00:00Z,Appalachian State Mountaineers,Charlotte 49ers,betonlineag,Appalachian State Mountaineers,-17.5,-110
2026-09-16T20:52:09Z,3db3de2fb9101f01f676c1f319837667,2026-09-19T22:00:00Z,Appalachian State Mountaineers,Charlotte 49ers,betonlineag,Charlotte 49ers,17.5,-110
2026-09-16T20:52:09Z,3db3de2fb9101f01f676c1f319837667,2026-09-19T22:00:00Z,Appalachian State Mountaineers,Charlotte 49ers,betrivers,Appalachian State Mountaineers,-18.0,-109
2026-09-16T20:52:09Z,3db3de2fb9101f01f676c1f319837667,2026-09-19T22:00:00Z,Appalachian State Mountaineers,Charlotte 49ers,betrivers,Charlotte 49ers,18.0,-114
2026-09-16T20:52:09Z,3db3de2fb9101f01f676c1f319837667,2026-09-19T22:00:00Z,Appalachian State Mountaineers,Charlotte 49ers,bovada,Appalachian State Mountaineers,-18.0,-110
2026-09-16T20:52:09Z,3db3de2fb9101f01f676c1f319837667,2026-09-19T22:00:00Z,Appalachian State Mountaineers,Charlotte 49ers,bovada,Charlotte 49ers,18.0,-110
2026-09-16T20:52:09Z,436d9422da324c807b9d2fb50a2ef62a,2026-09-19T22:00:00Z,Old Dominion Monarchs,East Carolina Pirates,betmgm,East Carolina Pirates,3.0,-120
2026-09-16T20:52:09Z,436d9422da324c807b9d2fb50a2ef62a,2026-09-19T22:00:00Z,Old Dominion Monarchs,East Carolina Pirates,betmgm,Old Dominion Monarchs,-3.0,-108
2026-09-16T20:52:09Z,436d9422da324c807b9d2fb50a2ef62a,2026-09-19T22:00:00Z,Old Dominion Monarchs,East Carolina Pirates,betrivers,East Carolina Pirates,2.5,-109
2026-09-16T20:52:09Z,436d9422da324c807b9d2fb50a2ef62a,2026-09-19T22:00:00Z,Old Dominion Monarchs,East Carolina Pirates,betrivers,Old Dominion Monarchs,-2.5,-114
2026-09-16T20:52:09Z,da4cee8b35281f4528d3dd939d42814d,2026-09-19T22:00:00Z,Florida Atlantic Owls,Florida International Panthers,betmgm,Florida Atlantic Owls,-6.5,-115
2026-09-16T20:52:09Z,da4cee8b35281f4528d3dd939d42814d,2026-09-19T22:00:00Z,Florida Atlantic Owls,Florida International Panthers,betmgm,Florida International Panthers,6.5,-105
2026-09-16T20:52:09Z,da4cee8b35281f4528d3dd939d42814d,2026-09-19T22:00:00Z,Florida Atlantic Owls,Florida International Panthers,betrivers,Florida Atlantic Owls,-6.5,-120
2026-09-16T20:52:09Z,da4cee8b35281f4528d3dd939d42814d,2026-09-19T22:00:00Z,Florida Atlantic Owls,Florida International Panthers,betrivers,Florida International Panthers,6.5,-105
2026-09-16T20:52:09Z,da4cee8b35281f4528d3dd939d42814d,2026-09-19T22:00:00Z,Florida Atlantic Owls,Florida International Panthers,bovada,Florida Atlantic Owls,-7.0,-105
2026-09-16T20:52:09Z,da4cee8b35281f4528d3dd939d42814d,2026-09-19T22:00:00Z,Florida Atlantic Owls,Florida International Panthers,bovada,Florida International Panthers,7.0,-115
2026-09-16T20:52:09Z,fa9113ed354c9a40e487f5b923b4238f,2026-09-19T22:30:00Z,Missouri State Bears,Marshall Thundering Herd,betonlineag,Marshall Thundering Herd,-4.5,-108
2026-09-16T20:52:09Z,fa9113ed354c9a40e487f5b923b4238f,2026-09-19T22:30:00Z,Missouri State Bears,Marshall Thundering Herd,betonlineag,Missouri State Bears,4.5,-112
2026-09-16T20:52:09Z,fa9113ed354c9a40e487f5b923b4238f,2026-09-19T22:30:00Z,Missouri State Bears,Marshall Thundering Herd,lowvig,Marshall Thundering Herd,-4.5,-104
2026-09-16T20:52:09Z,fa9113ed354c9a40e487f5b923b4238f,2026-09-19T22:30:00Z,Missouri State Bears,Marshall Thundering Herd,lowvig,Missouri State Bears,4.5,-108
2026-09-16T20:52:09Z,fa9113ed354c9a40e487f5b923b4238f,2026-09-19T22:30:00Z,Missouri State Bears,Marshall Thundering Herd,mybookieag,Marshall Thundering Herd,-4.0,-110
2026-09-16T20:52:09Z,fa9113ed354c9a40e487f5b923b4238f,2026-09-19T22:30:00Z,Missouri State Bears,Marshall Thundering Herd,mybookieag,Missouri State Bears,4.0,-110
2026-09-16T20:52:09Z,fa9113ed354c9a40e487f5b923b4238f,2026-09-19T22:30:00Z,Missouri State Bears,Marshall Thundering Herd,betrivers,Marshall Thundering Herd,-5.0,-110
2026-09-16T20:52:09Z,fa9113ed354c9a40e487f5b923b4238f,2026-09-19T22:30:00Z,Missouri State Bears,Marshall Thundering Herd,betrivers,Missouri State Bears,5.0,-112
2026-09-16T20:52:09Z,fa9113ed354c9a40e487f5b923b4238f,2026-09-19T22:30:00Z,Missouri State Bears,Marshall Thundering Herd,betmgm,Marshall Thundering Herd,-4.5,-110
2026-09-16T20:52:09Z,fa9113ed354c9a40e487f5b923b4238f,2026-09-19T22:30:00Z,Missouri State Bears,Marshall Thundering Herd,betmgm,Missouri State Bears,4.5,-118
2026-09-16T20:52:09Z,7ef3b27d15de635a3e05324f2b0c56cb,2026-09-19T23:00:00Z,Auburn Tigers,Florida Gators,draftkings,Auburn Tigers,2.5,-108
2026-09-16T20:52:09Z,7ef3b27d15de635a3e05324f2b0c56cb,2026-09-19T23:00:00Z,Auburn Tigers,Florida Gators,draftkings,Florida Gators,-2.5,-112
2026-09-16T20:52:09Z,60c8d1fde1467bde9f2a20b5d4cb7c90,2026-09-19T23:00:00Z,Jacksonville State Gamecocks,Georgia Southern Eagles,betmgm,Georgia Southern Eagles,3.5,-115
2026-09-16T20:52:09Z,60c8d1fde1467bde9f2a20b5d4cb7c90,2026-09-19T23:00:00Z,Jacksonville State Gamecocks,Georgia Southern Eagles,betrivers,Georgia Southern Eagles,3.5,-115
2026-09-16T20:52:09Z,60c8d1fde1467bde9f2a20b5d4cb7c90,2026-09-19T23:00:00Z,Jacksonville State Gamecocks,Georgia Southern Eagles,betrivers,Jacksonville State Gamecocks,-3.5,-108
2026-09-16T20:52:09Z,60c8d1fde1467bde9f2a20b5d4cb7c90,2026-09-19T23:00:00Z,Jacksonville State Gamecocks,Georgia Southern Eagles,betus,Georgia Southern Eagles,3.5,-110
2026-09-16T20:52:09Z,60c8d1fde1467bde9f2a20b5d4cb7c90,2026-09-19T23:00:00Z,Jacksonville State Gamecocks,Georgia Southern Eagles,betus,Jacksonville State Gamecocks,-3.5,-110
2026-09-16T20:52:09Z,4a9e833f32775e201ee648c51840df85,2026-09-19T23:00:00Z,UCF Knights,Georgia State Panthers,fanduel,Georgia State Panthers,17.5,-105
2026-09-16T20:52:09Z,4a9e833f32775e201ee648c51840df85,2026-09-19T23:00:00Z,UCF Knights,Georgia State Panthers,fanduel,UCF Knights,-17.5,-115
2026-09-16T20:52:09Z,4a9e833f32775e201ee648c51840df85,2026-09-19T23:00:00Z,UCF Knights,Georgia State Panthers,draftkings,Georgia State Panthers,17.5,-105
2026-09-16T20:52:09Z,4a9e833f32775e201ee648c51840df85,2026-09-19T23:00:00Z,UCF Knights,Georgia State Panthers,draftkings,UCF Knights,-17.5,-115
2026-09-16T20:52:09Z,4a9e833f32775e201ee648c51840df85,2026-09-19T23:00:00Z,UCF Knights,Georgia State Panthers,lowvig,Georgia State Panthers,18.0,-106
2026-09-16T20:52:09Z,4a9e833f32775e201ee648c51840df85,2026-09-19T23:00:00Z,UCF Knights,Georgia State Panthers,lowvig,UCF Knights,-18.0,-106
2026-09-16T20:52:09Z,4a9e833f32775e201ee648c51840df85,2026-09-19T23:00:00Z,UCF Knights,Georgia State Panthers,betonlineag,Georgia State Panthers,18.5,-125
2026-09-16T20:52:09Z,4a9e833f32775e201ee648c51840df85,2026-09-19T23:00:00Z,UCF Knights,Georgia State Panthers,betonlineag,UCF Knights,-18.5,105
2026-09-16T20:52:09Z,4a9e833f32775e201ee648c51840df85,2026-09-19T23:00:00Z,UCF Knights,Georgia State Panthers,betmgm,Georgia State Panthers,17.5,-108
2026-09-16T20:52:09Z,4a9e833f32775e201ee648c51840df85,2026-09-19T23:00:00Z,UCF Knights,Georgia State Panthers,betmgm,UCF Knights,-17.5,-110
2026-09-16T20:52:09Z,4a9e833f32775e201ee648c51840df85,2026-09-19T23:00:00Z,UCF Knights,Georgia State Panthers,mybookieag,Georgia State Panthers,18.0,-110
2026-09-16T20:52:09Z,4a9e833f32775e201ee648c51840df85,2026-09-19T23:00:00Z,UCF Knights,Georgia State Panthers,mybookieag,UCF Knights,-18.0,-110
2026-09-16T20:52:09Z,4a9e833f32775e201ee648c51840df85,2026-09-19T23:00:00Z,UCF Knights,Georgia State Panthers,betrivers,Georgia State Panthers,17.5,-114
2026-09-16T20:52:09Z,4a9e833f32775e201ee648c51840df85,2026-09-19T23:00:00Z,UCF Knights,Georgia State Panthers,betrivers,UCF Knights,-17.5,-109
2026-09-16T20:52:09Z,4a9e833f32775e201ee648c51840df85,2026-09-19T23:00:00Z,UCF Knights,Georgia State Panthers,betus,Georgia State Panthers,17.5,-110
2026-09-16T20:52:09Z,4a9e833f32775e201ee648c51840df85,2026-09-19T23:00:00Z,UCF Knights,Georgia State Panthers,betus,UCF Knights,-17.5,-110
2026-09-16T20:52:09Z,b8810f15896c1fbe1ca25054585612f0,2026-09-19T23:00:00Z,Middle Tennessee Blue Raiders,Nevada Wolf Pack,betrivers,Middle Tennessee Blue Raiders,4.5,-110
2026-09-16T20:52:09Z,b8810f15896c1fbe1ca25054585612f0,2026-09-19T23:00:00Z,Middle Tennessee Blue Raiders,Nevada Wolf Pack,betrivers,Nevada Wolf Pack,-4.5,-113
2026-09-16T20:52:09Z,6c41bd5edc806bb66ae3038c8bfa3df0,2026-09-19T23:00:00Z,Oklahoma State Cowboys,Murray State Racers,betrivers,Murray State Racers,56.0,-112
2026-09-16T20:52:09Z,6c41bd5edc806bb66ae3038c8bfa3df0,2026-09-19T23:00:00Z,Oklahoma State Cowboys,Murray State Racers,betrivers,Oklahoma State Cowboys,-56.0,-112
2026-09-16T20:52:09Z,0ce2e66203e1c66f3f2687fdccd37408,2026-09-19T23:00:00Z,Sam Houston State Bearkats,Nicholls State Colonels,betrivers,Nicholls State Colonels,19.0,-113
2026-09-16T20:52:09Z,0ce2e66203e1c66f3f2687fdccd37408,2026-09-19T23:00:00Z,Sam Houston State Bearkats,Nicholls State Colonels,betrivers,Sam Houston State Bearkats,-19.0,-110
2026-09-16T20:52:09Z,bcc250cd218a520bcd287c120644ba05,2026-09-19T23:00:00Z,South Alabama Jaguars,Ohio Bobcats,draftkings,Ohio Bobcats,7.0,-110
2026-09-16T20:52:09Z,bcc250cd218a520bcd287c120644ba05,2026-09-19T23:00:00Z,South Alabama Jaguars,Ohio Bobcats,draftkings,South Alabama Jaguars,-7.0,-110
2026-09-16T20:52:09Z,bcc250cd218a520bcd287c120644ba05,2026-09-19T23:00:00Z,South Alabama Jaguars,Ohio Bobcats,betmgm,Ohio Bobcats,7.0,-112
2026-09-16T20:52:09Z,bcc250cd218a520bcd287c120644ba05,2026-09-19T23:00:00Z,South Alabama Jaguars,Ohio Bobcats,betmgm,South Alabama Jaguars,-7.0,-105
2026-09-16T20:52:09Z,bcc250cd218a520bcd287c120644ba05,2026-09-19T23:00:00Z,South Alabama Jaguars,Ohio Bobcats,betrivers,Ohio Bobcats,7.0,-114
2026-09-16T20:52:09Z,bcc250cd218a520bcd287c120644ba05,2026-09-19T23:00:00Z,South Alabama Jaguars,Ohio Bobcats,betrivers,South Alabama Jaguars,-7.0,-109
2026-09-16T20:52:09Z,be8b2e012b50c86775a87bb633e330e6,2026-09-19T23:00:00Z,Rice Owls,Western Michigan Broncos,draftkings,Rice Owls,9.5,-112
2026-09-16T20:52:09Z,be8b2e012b50c86775a87bb633e330e6,2026-09-19T23:00:00Z,Rice Owls,Western Michigan Broncos,draftkings,Western Michigan Broncos,-9.5,-108
2026-09-16T20:52:09Z,be8b2e012b50c86775a87bb633e330e6,2026-09-19T23:00:00Z,Rice Owls,Western Michigan Broncos,betmgm,Rice Owls,9.5,-110
2026-09-16T20:52:09Z,be8b2e012b50c86775a87bb633e330e6,2026-09-19T23:00:00Z,Rice Owls,Western Michigan Broncos,betmgm,Western Michigan Broncos,-9.5,-108
2026-09-16T20:52:09Z,1088ecb8a4c34880f9fb0b9274a8d3e4,2026-09-19T23:00:00Z,Southern Mississippi Golden Eagles,UConn Huskies,betrivers,Southern Mississippi Golden Eagles,3.0,-117
2026-09-16T20:52:09Z,1088ecb8a4c34880f9fb0b9274a8d3e4,2026-09-19T23:00:00Z,Southern Mississippi Golden Eagles,UConn Huskies,betrivers,UConn Huskies,-3.0,-106
2026-09-16T20:52:09Z,d3b7a8be0f6c9e50f7afd4005990228b,2026-09-19T23:30:00Z,Colorado State Rams,BYU Cougars,draftkings,BYU Cougars,-17.5,-108
2026-09-16T20:52:09Z,d3b7a8be0f6c9e50f7afd4005990228b,2026-09-19T23:30:00Z,Colorado State Rams,BYU Cougars,draftkings,Colorado State Rams,17.5,-112
2026-09-16T20:52:09Z,d3b7a8be0f6c9e50f7afd4005990228b,2026-09-19T23:30:00Z,Colorado State Rams,BYU Cougars,betonlineag,BYU Cougars,-17.5,-105
2026-09-16T20:52:09Z,d3b7a8be0f6c9e50f7afd4005990228b,2026-09-19T23:30:00Z,Colorado State Rams,BYU Cougars,betonlineag,Colorado State Rams,17.5,-115
2026-09-16T20:52:09Z,d3b7a8be0f6c9e50f7afd4005990228b,2026-09-19T23:30:00Z,Colorado State Rams,BYU Cougars,lowvig,BYU Cougars,-17.5,-101
2026-09-16T20:52:09Z,d3b7a8be0f6c9e50f7afd4005990228b,2026-09-19T23:30:00Z,Colorado State Rams,BYU Cougars,lowvig,Colorado State Rams,17.5,-111
2026-09-16T20:52:09Z,d3b7a8be0f6c9e50f7afd4005990228b,2026-09-19T23:30:00Z,Colorado State Rams,BYU Cougars,betmgm,BYU Cougars,-17.5,-108
2026-09-16T20:52:09Z,d3b7a8be0f6c9e50f7afd4005990228b,2026-09-19T23:30:00Z,Colorado State Rams,BYU Cougars,betmgm,Colorado State Rams,17.5,-110
2026-09-16T20:52:09Z,d3b7a8be0f6c9e50f7afd4005990228b,2026-09-19T23:30:00Z,Colorado State Rams,BYU Cougars,betrivers,BYU Cougars,-18.0,-110
2026-09-16T20:52:09Z,d3b7a8be0f6c9e50f7afd4005990228b,2026-09-19T23:30:00Z,Colorado State Rams,BYU Cougars,betrivers,Colorado State Rams,18.0,-113
2026-09-16T20:52:09Z,d3b7a8be0f6c9e50f7afd4005990228b,2026-09-19T23:30:00Z,Colorado State Rams,BYU Cougars,betus,BYU Cougars,-17.5,-105
2026-09-16T20:52:09Z,d3b7a8be0f6c9e50f7afd4005990228b,2026-09-19T23:30:00Z,Colorado State Rams,BYU Cougars,betus,Colorado State Rams,17.5,-115
2026-09-16T20:52:09Z,03297aa8a399c223aa1cc6aa923d9bc6,2026-09-19T23:30:00Z,Northwestern Wildcats,Colorado Buffaloes,betmgm,Northwestern Wildcats,-3.5,-110
2026-09-16T20:52:09Z,65571f1cab1a260aae4a220e38dbbc1d,2026-09-19T23:30:00Z,Ole Miss Rebels,LSU Tigers,fanduel,LSU Tigers,-2.5,-122
2026-09-16T20:52:09Z,65571f1cab1a260aae4a220e38dbbc1d,2026-09-19T23:30:00Z,Ole Miss Rebels,LSU Tigers,fanduel,Ole Miss Rebels,2.5,100
2026-09-16T20:52:09Z,65571f1cab1a260aae4a220e38dbbc1d,2026-09-19T23:30:00Z,Ole Miss Rebels,LSU Tigers,draftkings,LSU Tigers,-3.0,-110
2026-09-16T20:52:09Z,65571f1cab1a260aae4a220e38dbbc1d,2026-09-19T23:30:00Z,Ole Miss Rebels,LSU Tigers,draftkings,Ole Miss Rebels,3.0,-110
2026-09-16T20:52:09Z,65571f1cab1a260aae4a220e38dbbc1d,2026-09-19T23:30:00Z,Ole Miss Rebels,LSU Tigers,betonlineag,LSU Tigers,-3.0,-106
2026-09-16T20:52:09Z,65571f1cab1a260aae4a220e38dbbc1d,2026-09-19T23:30:00Z,Ole Miss Rebels,LSU Tigers,betonlineag,Ole Miss Rebels,3.0,-114
2026-09-16T20:52:09Z,b7cdc05f280bede1f19b996cc9b95753,2026-09-19T23:30:00Z,Maryland Terrapins,Virginia Tech Hokies,draftkings,Maryland Terrapins,3.0,-115
2026-09-16T20:52:09Z,b7cdc05f280bede1f19b996cc9b95753,2026-09-19T23:30:00Z,Maryland Terrapins,Virginia Tech Hokies,draftkings,Virginia Tech Hokies,-3.0,-105
2026-09-16T20:52:09Z,b7cdc05f280bede1f19b996cc9b95753,2026-09-19T23:30:00Z,Maryland Terrapins,Virginia Tech Hokies,betmgm,Maryland Terrapins,3.0,-118
2026-09-16T20:52:09Z,b7cdc05f280bede1f19b996cc9b95753,2026-09-19T23:30:00Z,Maryland Terrapins,Virginia Tech Hokies,betmgm,Virginia Tech Hokies,-3.0,-102
2026-09-16T20:52:09Z,b7cdc05f280bede1f19b996cc9b95753,2026-09-19T23:30:00Z,Maryland Terrapins,Virginia Tech Hokies,bovada,Maryland Terrapins,3.0,-115
2026-09-16T20:52:09Z,b7cdc05f280bede1f19b996cc9b95753,2026-09-19T23:30:00Z,Maryland Terrapins,Virginia Tech Hokies,bovada,Virginia Tech Hokies,-3.0,-105
2026-09-16T20:52:09Z,7e3b8cd721f0817d0a6c3111221e8a91,2026-09-19T23:30:00Z,Notre Dame Fighting Irish,Michigan State Spartans,betmgm,Michigan State Spartans,29.0,-108
2026-09-16T20:52:09Z,7e3b8cd721f0817d0a6c3111221e8a91,2026-09-19T23:30:00Z,Notre Dame Fighting Irish,Michigan State Spartans,betmgm,Notre Dame Fighting Irish,-29.0,-110
2026-09-16T20:52:09Z,7e3b8cd721f0817d0a6c3111221e8a91,2026-09-19T23:30:00Z,Notre Dame Fighting Irish,Michigan State Spartans,bovada,Michigan State Spartans,30.0,-115
2026-09-16T20:52:09Z,7e3b8cd721f0817d0a6c3111221e8a91,2026-09-19T23:30:00Z,Notre Dame Fighting Irish,Michigan State Spartans,bovada,Notre Dame Fighting Irish,-30.0,-105
2026-09-16T20:52:09Z,47892b65c28a830d83bbe465b070ce01,2026-09-19T23:30:00Z,Oklahoma Sooners,New Mexico Lobos,draftkings,New Mexico Lobos,22.5,-108
2026-09-16T20:52:09Z,47892b65c28a830d83bbe465b070ce01,2026-09-19T23:30:00Z,Oklahoma Sooners,New Mexico Lobos,draftkings,Oklahoma Sooners,-22.5,-112
2026-09-16T20:52:09Z,47892b65c28a830d83bbe465b070ce01,2026-09-19T23:30:00Z,Oklahoma Sooners,New Mexico Lobos,betmgm,New Mexico Lobos,22.5,-110
2026-09-16T20:52:09Z,47892b65c28a830d83bbe465b070ce01,2026-09-19T23:30:00Z,Oklahoma Sooners,New Mexico Lobos,betmgm,Oklahoma Sooners,-22.5,-108
2026-09-16T20:52:09Z,eda972dc55ded05916deafa37efab9c3,2026-09-19T23:30:00Z,West Virginia Mountaineers,Virginia Cavaliers,draftkings,Virginia Cavaliers,-10.5,-105
2026-09-16T20:52:09Z,eda972dc55ded05916deafa37efab9c3,2026-09-19T23:30:00Z,West Virginia Mountaineers,Virginia Cavaliers,draftkings,West Virginia Mountaineers,10.5,-115
2026-09-16T20:52:09Z,cc6953f45fe5acfc853fdf5e5e28a0e7,2026-09-19T23:45:00Z,Tennessee Volunteers,Kennesaw State Owls,betmgm,Kennesaw State Owls,35.5,-110
2026-09-16T20:52:09Z,cc6953f45fe5acfc853fdf5e5e28a0e7,2026-09-19T23:45:00Z,Tennessee Volunteers,Kennesaw State Owls,betmgm,Tennessee Volunteers,-35.5,-108
2026-09-16T20:52:09Z,a64b980a572375c0cc1adba3c3fc2811,2026-09-20T00:00:00Z,TCU Horned Frogs,Arkansas State Red Wolves,draftkings,Arkansas State Red Wolves,19.5,-108
2026-09-16T20:52:09Z,a64b980a572375c0cc1adba3c3fc2811,2026-09-20T00:00:00Z,TCU Horned Frogs,Arkansas State Red Wolves,draftkings,TCU Horned Frogs,-19.5,-112
2026-09-16T20:52:09Z,a64b980a572375c0cc1adba3c3fc2811,2026-09-20T00:00:00Z,TCU Horned Frogs,Arkansas State Red Wolves,betrivers,Arkansas State Red Wolves,20.0,-114
2026-09-16T20:52:09Z,a64b980a572375c0cc1adba3c3fc2811,2026-09-20T00:00:00Z,TCU Horned Frogs,Arkansas State Red Wolves,betrivers,TCU Horned Frogs,-20.0,-109
2026-09-16T20:52:09Z,828ceb39d7fd7da80c98174ae5f02dcd,2026-09-20T00:00:00Z,Louisiana Ragin Cajuns,UAB Blazers,lowvig,Louisiana Ragin Cajuns,-7.5,-111
2026-09-16T20:52:09Z,828ceb39d7fd7da80c98174ae5f02dcd,2026-09-20T00:00:00Z,Louisiana Ragin Cajuns,UAB Blazers,lowvig,UAB Blazers,7.5,-101
2026-09-16T20:52:09Z,828ceb39d7fd7da80c98174ae5f02dcd,2026-09-20T00:00:00Z,Louisiana Ragin Cajuns,UAB Blazers,betonlineag,Louisiana Ragin Cajuns,-7.5,-115
2026-09-16T20:52:09Z,828ceb39d7fd7da80c98174ae5f02dcd,2026-09-20T00:00:00Z,Louisiana Ragin Cajuns,UAB Blazers,betonlineag,UAB Blazers,7.5,-105
2026-09-16T20:52:09Z,828ceb39d7fd7da80c98174ae5f02dcd,2026-09-20T00:00:00Z,Louisiana Ragin Cajuns,UAB Blazers,betmgm,Louisiana Ragin Cajuns,-7.5,-108
2026-09-16T20:52:09Z,828ceb39d7fd7da80c98174ae5f02dcd,2026-09-20T00:00:00Z,Louisiana Ragin Cajuns,UAB Blazers,betmgm,UAB Blazers,7.5,-110
2026-09-16T20:52:09Z,828ceb39d7fd7da80c98174ae5f02dcd,2026-09-20T00:00:00Z,Louisiana Ragin Cajuns,UAB Blazers,mybookieag,Louisiana Ragin Cajuns,-8.0,-110
2026-09-16T20:52:09Z,828ceb39d7fd7da80c98174ae5f02dcd,2026-09-20T00:00:00Z,Louisiana Ragin Cajuns,UAB Blazers,mybookieag,UAB Blazers,8.0,-110
2026-09-16T20:52:09Z,828ceb39d7fd7da80c98174ae5f02dcd,2026-09-20T00:00:00Z,Louisiana Ragin Cajuns,UAB Blazers,betrivers,Louisiana Ragin Cajuns,-8.0,-109
2026-09-16T20:52:09Z,828ceb39d7fd7da80c98174ae5f02dcd,2026-09-20T00:00:00Z,Louisiana Ragin Cajuns,UAB Blazers,betrivers,UAB Blazers,8.0,-114
2026-09-16T20:52:09Z,828ceb39d7fd7da80c98174ae5f02dcd,2026-09-20T00:00:00Z,Louisiana Ragin Cajuns,UAB Blazers,betus,Louisiana Ragin Cajuns,-7.5,-115
2026-09-16T20:52:09Z,828ceb39d7fd7da80c98174ae5f02dcd,2026-09-20T00:00:00Z,Louisiana Ragin Cajuns,UAB Blazers,betus,UAB Blazers,7.5,-105
2026-09-16T20:52:09Z,828ceb39d7fd7da80c98174ae5f02dcd,2026-09-20T00:00:00Z,Louisiana Ragin Cajuns,UAB Blazers,bovada,Louisiana Ragin Cajuns,-8.5,-110
2026-09-16T20:52:09Z,828ceb39d7fd7da80c98174ae5f02dcd,2026-09-20T00:00:00Z,Louisiana Ragin Cajuns,UAB Blazers,bovada,UAB Blazers,8.5,-110
2026-09-16T20:52:09Z,6d109b8538a3588ad21a393896d32efc,2026-09-20T02:00:00Z,Boise State Broncos,South Dakota Coyotes,betrivers,Boise State Broncos,-24.0,-115
2026-09-16T20:52:09Z,6d109b8538a3588ad21a393896d32efc,2026-09-20T02:00:00Z,Boise State Broncos,South Dakota Coyotes,betrivers,South Dakota Coyotes,24.0,-108
2026-09-16T20:52:09Z,6d109b8538a3588ad21a393896d32efc,2026-09-20T02:00:00Z,Boise State Broncos,South Dakota Coyotes,draftkings,Boise State Broncos,-23.5,-112
2026-09-16T20:52:09Z,6d109b8538a3588ad21a393896d32efc,2026-09-20T02:00:00Z,Boise State Broncos,South Dakota Coyotes,draftkings,South Dakota Coyotes,23.5,-108
2026-09-16T20:52:09Z,0cdf27f150204b8512bca1e2d7cce051,2026-09-20T02:00:00Z,San Diego State Aztecs,James Madison Dukes,draftkings,James Madison Dukes,2.5,-110
2026-09-16T20:52:09Z,0cdf27f150204b8512bca1e2d7cce051,2026-09-20T02:00:00Z,San Diego State Aztecs,James Madison Dukes,draftkings,San Diego State Aztecs,-2.5,-110
2026-09-16T20:52:09Z,0cdf27f150204b8512bca1e2d7cce051,2026-09-20T02:00:00Z,San Diego State Aztecs,James Madison Dukes,betmgm,James Madison Dukes,2.0,-110
2026-09-16T20:52:09Z,0cdf27f150204b8512bca1e2d7cce051,2026-09-20T02:00:00Z,San Diego State Aztecs,James Madison Dukes,betmgm,San Diego State Aztecs,-2.0,-118
2026-09-16T20:52:09Z,0cdf27f150204b8512bca1e2d7cce051,2026-09-20T02:00:00Z,San Diego State Aztecs,James Madison Dukes,betrivers,James Madison Dukes,2.0,-109
2026-09-16T20:52:09Z,0cdf27f150204b8512bca1e2d7cce051,2026-09-20T02:00:00Z,San Diego State Aztecs,James Madison Dukes,betrivers,San Diego State Aztecs,-2.0,-114
2026-09-16T20:52:09Z,93de8127b5d37170dff2b88deca0b95e,2026-09-20T02:30:00Z,Arizona Wildcats,Northern Illinois Huskies,betmgm,Arizona Wildcats,-34.0,-108
2026-09-16T20:52:09Z,93de8127b5d37170dff2b88deca0b95e,2026-09-20T02:30:00Z,Arizona Wildcats,Northern Illinois Huskies,betmgm,Northern Illinois Huskies,34.0,-110
2026-09-16T20:52:09Z,93de8127b5d37170dff2b88deca0b95e,2026-09-20T02:30:00Z,Arizona Wildcats,Northern Illinois Huskies,bovada,Arizona Wildcats,-34.5,-105
2026-09-16T20:52:09Z,93de8127b5d37170dff2b88deca0b95e,2026-09-20T02:30:00Z,Arizona Wildcats,Northern Illinois Huskies,bovada,Northern Illinois Huskies,34.5,-115
2026-09-16T20:52:09Z,0c7583234f964dbb7d9803a27d6b6dae,2026-09-20T02:30:00Z,Sacramento State Hornets,North Dakota State Bison,draftkings,North Dakota State Bison,-27.5,-118
2026-09-16T20:52:09Z,0c7583234f964dbb7d9803a27d6b6dae,2026-09-20T02:30:00Z,Sacramento State Hornets,North Dakota State Bison,draftkings,Sacramento State Hornets,27.5,-102
2026-09-16T20:52:09Z,0c7583234f964dbb7d9803a27d6b6dae,2026-09-20T02:30:00Z,Sacramento State Hornets,North Dakota State Bison,betrivers,North Dakota State Bison,-27.5,-115
2026-09-16T20:52:09Z,0c7583234f964dbb7d9803a27d6b6dae,2026-09-20T02:30:00Z,Sacramento State Hornets,North Dakota State Bison,betrivers,Sacramento State Hornets,27.5,-108
2026-09-16T20:52:09Z,f6db4e789ff9341a9c94befc751c5f53,2026-09-20T03:00:00Z,San Jose State Spartans,Fresno State Bulldogs,draftkings,Fresno State Bulldogs,-6.5,-115
2026-09-16T20:52:09Z,f6db4e789ff9341a9c94befc751c5f53,2026-09-20T03:00:00Z,San Jose State Spartans,Fresno State Bulldogs,draftkings,San Jose State Spartans,6.5,-105
2026-09-16T20:52:09Z,f6db4e789ff9341a9c94befc751c5f53,2026-09-20T03:00:00Z,San Jose State Spartans,Fresno State Bulldogs,betmgm,Fresno State Bulldogs,-6.5,-112
2026-09-16T20:52:09Z,f6db4e789ff9341a9c94befc751c5f53,2026-09-20T03:00:00Z,San Jose State Spartans,Fresno State Bulldogs,betrivers,Fresno State Bulldogs,-7.0,-106
2026-09-16T20:52:09Z,f6db4e789ff9341a9c94befc751c5f53,2026-09-20T03:00:00Z,San Jose State Spartans,Fresno State Bulldogs,betrivers,San Jose State Spartans,7.0,-118
2026-09-16T20:52:09Z,7a6a2035bf5d7abd30d6cc8b76d59e3e,2026-09-20T03:00:00Z,UCLA Bruins,Purdue Boilermakers,betmgm,Purdue Boilermakers,14.0,-112
2026-09-17T03:24:56Z,f06e90b4212fb514f3564ded9f190107,2026-09-17T23:30:00Z,Pittsburgh Panthers,Syracuse Orange,fanduel,Pittsburgh Panthers,-10.5,-105
2026-09-17T03:24:56Z,f06e90b4212fb514f3564ded9f190107,2026-09-17T23:30:00Z,Pittsburgh Panthers,Syracuse Orange,fanduel,Syracuse Orange,10.5,-115
2026-09-17T03:24:56Z,f06e90b4212fb514f3564ded9f190107,2026-09-17T23:30:00Z,Pittsburgh Panthers,Syracuse Orange,betrivers,Pittsburgh Panthers,-10.0,-112
2026-09-17T03:24:56Z,f06e90b4212fb514f3564ded9f190107,2026-09-17T23:30:00Z,Pittsburgh Panthers,Syracuse Orange,betrivers,Syracuse Orange,10.0,-112
2026-09-17T03:24:56Z,f06e90b4212fb514f3564ded9f190107,2026-09-17T23:30:00Z,Pittsburgh Panthers,Syracuse Orange,lowvig,Pittsburgh Panthers,-10.5,-111
2026-09-17T03:24:56Z,f06e90b4212fb514f3564ded9f190107,2026-09-17T23:30:00Z,Pittsburgh Panthers,Syracuse Orange,lowvig,Syracuse Orange,10.5,-101
2026-09-17T03:24:56Z,f06e90b4212fb514f3564ded9f190107,2026-09-17T23:30:00Z,Pittsburgh Panthers,Syracuse Orange,betonlineag,Pittsburgh Panthers,-10.5,-115
2026-09-17T03:24:56Z,f06e90b4212fb514f3564ded9f190107,2026-09-17T23:30:00Z,Pittsburgh Panthers,Syracuse Orange,betonlineag,Syracuse Orange,10.5,-105
2026-09-17T03:24:56Z,f06e90b4212fb514f3564ded9f190107,2026-09-17T23:30:00Z,Pittsburgh Panthers,Syracuse Orange,betmgm,Pittsburgh Panthers,-10.5,-105
2026-09-17T03:24:56Z,f06e90b4212fb514f3564ded9f190107,2026-09-17T23:30:00Z,Pittsburgh Panthers,Syracuse Orange,betmgm,Syracuse Orange,10.5,-112
2026-09-17T03:24:56Z,f06e90b4212fb514f3564ded9f190107,2026-09-17T23:30:00Z,Pittsburgh Panthers,Syracuse Orange,betus,Pittsburgh Panthers,-10.5,-115
2026-09-17T03:24:56Z,f06e90b4212fb514f3564ded9f190107,2026-09-17T23:30:00Z,Pittsburgh Panthers,Syracuse Orange,betus,Syracuse Orange,10.5,-105
2026-09-17T03:24:56Z,f06e90b4212fb514f3564ded9f190107,2026-09-17T23:30:00Z,Pittsburgh Panthers,Syracuse Orange,bovada,Pittsburgh Panthers,-10.5,-110
2026-09-17T03:24:56Z,f06e90b4212fb514f3564ded9f190107,2026-09-17T23:30:00Z,Pittsburgh Panthers,Syracuse Orange,bovada,Syracuse Orange,10.5,-110
2026-09-17T03:24:56Z,720451b07d54e435c9be484ef73ea211,2026-09-18T23:30:00Z,Wake Forest Demon Deacons,Miami Hurricanes,betmgm,Miami Hurricanes,-20.5,-115
2026-09-17T03:24:56Z,720451b07d54e435c9be484ef73ea211,2026-09-18T23:30:00Z,Wake Forest Demon Deacons,Miami Hurricanes,betmgm,Wake Forest Demon Deacons,20.5,-105
2026-09-17T03:24:56Z,720451b07d54e435c9be484ef73ea211,2026-09-18T23:30:00Z,Wake Forest Demon Deacons,Miami Hurricanes,lowvig,Miami Hurricanes,-21.0,-101
2026-09-17T03:24:56Z,720451b07d54e435c9be484ef73ea211,2026-09-18T23:30:00Z,Wake Forest Demon Deacons,Miami Hurricanes,lowvig,Wake Forest Demon Deacons,21.0,-111
2026-09-17T03:24:56Z,720451b07d54e435c9be484ef73ea211,2026-09-18T23:30:00Z,Wake Forest Demon Deacons,Miami Hurricanes,betonlineag,Miami Hurricanes,-21.0,-105
2026-09-17T03:24:56Z,720451b07d54e435c9be484ef73ea211,2026-09-18T23:30:00Z,Wake Forest Demon Deacons,Miami Hurricanes,betonlineag,Wake Forest Demon Deacons,21.0,-115
2026-09-17T03:24:56Z,720451b07d54e435c9be484ef73ea211,2026-09-18T23:30:00Z,Wake Forest Demon Deacons,Miami Hurricanes,betus,Miami Hurricanes,-21.0,-105
2026-09-17T03:24:56Z,720451b07d54e435c9be484ef73ea211,2026-09-18T23:30:00Z,Wake Forest Demon Deacons,Miami Hurricanes,betus,Wake Forest Demon Deacons,21.0,-115
2026-09-17T03:24:56Z,7311bf775464ae97893928e22512bb47,2026-09-19T00:00:00Z,Texas Tech Red Raiders,Houston Cougars,mybookieag,Houston Cougars,8.0,-110
2026-09-17T03:24:56Z,7311bf775464ae97893928e22512bb47,2026-09-19T00:00:00Z,Texas Tech Red Raiders,Houston Cougars,mybookieag,Texas Tech Red Raiders,-8.0,-110
2026-09-17T03:24:56Z,7311bf775464ae97893928e22512bb47,2026-09-19T00:00:00Z,Texas Tech Red Raiders,Houston Cougars,draftkings,Houston Cougars,7.5,-105
2026-09-17T03:24:56Z,7311bf775464ae97893928e22512bb47,2026-09-19T00:00:00Z,Texas Tech Red Raiders,Houston Cougars,draftkings,Texas Tech Red Raiders,-7.5,-115
2026-09-17T03:24:56Z,7311bf775464ae97893928e22512bb47,2026-09-19T00:00:00Z,Texas Tech Red Raiders,Houston Cougars,lowvig,Houston Cougars,7.5,-104
2026-09-17T03:24:56Z,7311bf775464ae97893928e22512bb47,2026-09-19T00:00:00Z,Texas Tech Red Raiders,Houston Cougars,lowvig,Texas Tech Red Raiders,-7.5,-108
2026-09-17T03:24:56Z,7311bf775464ae97893928e22512bb47,2026-09-19T00:00:00Z,Texas Tech Red Raiders,Houston Cougars,betonlineag,Houston Cougars,7.5,-108
2026-09-17T03:24:56Z,7311bf775464ae97893928e22512bb47,2026-09-19T00:00:00Z,Texas Tech Red Raiders,Houston Cougars,betonlineag,Texas Tech Red Raiders,-7.5,-112
2026-09-17T03:24:56Z,7311bf775464ae97893928e22512bb47,2026-09-19T00:00:00Z,Texas Tech Red Raiders,Houston Cougars,betmgm,Houston Cougars,7.5,-108
2026-09-17T03:24:56Z,7311bf775464ae97893928e22512bb47,2026-09-19T00:00:00Z,Texas Tech Red Raiders,Houston Cougars,betmgm,Texas Tech Red Raiders,-7.5,-110
2026-09-17T03:24:56Z,7311bf775464ae97893928e22512bb47,2026-09-19T00:00:00Z,Texas Tech Red Raiders,Houston Cougars,betus,Houston Cougars,7.5,-110
2026-09-17T03:24:56Z,7311bf775464ae97893928e22512bb47,2026-09-19T00:00:00Z,Texas Tech Red Raiders,Houston Cougars,betus,Texas Tech Red Raiders,-7.5,-110
2026-09-17T03:24:56Z,7311bf775464ae97893928e22512bb47,2026-09-19T00:00:00Z,Texas Tech Red Raiders,Houston Cougars,bovada,Houston Cougars,8.0,-110
2026-09-17T03:24:56Z,7311bf775464ae97893928e22512bb47,2026-09-19T00:00:00Z,Texas Tech Red Raiders,Houston Cougars,bovada,Texas Tech Red Raiders,-8.0,-110
2026-09-17T03:24:56Z,529a333381665c34d05b290d2c9eb5b9,2026-09-19T15:30:00Z,Delaware Blue Hens,Coastal Carolina Chanticleers,betonlineag,Coastal Carolina Chanticleers,4.5,-112
2026-09-17T03:24:56Z,529a333381665c34d05b290d2c9eb5b9,2026-09-19T15:30:00Z,Delaware Blue Hens,Coastal Carolina Chanticleers,betonlineag,Delaware Blue Hens,-4.5,-108
2026-09-17T03:24:56Z,529a333381665c34d05b290d2c9eb5b9,2026-09-19T15:30:00Z,Delaware Blue Hens,Coastal Carolina Chanticleers,lowvig,Coastal Carolina Chanticleers,4.5,-108
2026-09-17T03:24:56Z,529a333381665c34d05b290d2c9eb5b9,2026-09-19T15:30:00Z,Delaware Blue Hens,Coastal Carolina Chanticleers,lowvig,Delaware Blue Hens,-4.5,-104
2026-09-17T03:24:56Z,529a333381665c34d05b290d2c9eb5b9,2026-09-19T15:30:00Z,Delaware Blue Hens,Coastal Carolina Chanticleers,betmgm,Coastal Carolina Chanticleers,4.5,-110
2026-09-17T03:24:56Z,529a333381665c34d05b290d2c9eb5b9,2026-09-19T15:30:00Z,Delaware Blue Hens,Coastal Carolina Chanticleers,betus,Coastal Carolina Chanticleers,4.5,-110
2026-09-17T03:24:56Z,529a333381665c34d05b290d2c9eb5b9,2026-09-19T15:30:00Z,Delaware Blue Hens,Coastal Carolina Chanticleers,betus,Delaware Blue Hens,-4.5,-110
2026-09-17T03:24:56Z,a317e3ffe5919c8bff3b9b303054f1b3,2026-09-19T16:00:00Z,Arizona State Sun Devils,Kansas Jayhawks,draftkings,Arizona State Sun Devils,-5.5,-108
2026-09-17T03:24:56Z,a317e3ffe5919c8bff3b9b303054f1b3,2026-09-19T16:00:00Z,Arizona State Sun Devils,Kansas Jayhawks,draftkings,Kansas Jayhawks,5.5,-112
2026-09-17T03:24:56Z,01e9c4d460a55375a75d025e2b1ddbf5,2026-09-19T16:00:00Z,Arkansas Razorbacks,Georgia Bulldogs,draftkings,Arkansas Razorbacks,24.5,-112
2026-09-17T03:24:56Z,01e9c4d460a55375a75d025e2b1ddbf5,2026-09-19T16:00:00Z,Arkansas Razorbacks,Georgia Bulldogs,draftkings,Georgia Bulldogs,-24.5,-108
2026-09-17T03:24:56Z,01e9c4d460a55375a75d025e2b1ddbf5,2026-09-19T16:00:00Z,Arkansas Razorbacks,Georgia Bulldogs,lowvig,Arkansas Razorbacks,24.5,-108
2026-09-17T03:24:56Z,01e9c4d460a55375a75d025e2b1ddbf5,2026-09-19T16:00:00Z,Arkansas Razorbacks,Georgia Bulldogs,lowvig,Georgia Bulldogs,-24.5,-104
2026-09-17T03:24:56Z,01e9c4d460a55375a75d025e2b1ddbf5,2026-09-19T16:00:00Z,Arkansas Razorbacks,Georgia Bulldogs,betonlineag,Arkansas Razorbacks,24.5,-112
2026-09-17T03:24:56Z,01e9c4d460a55375a75d025e2b1ddbf5,2026-09-19T16:00:00Z,Arkansas Razorbacks,Georgia Bulldogs,betonlineag,Georgia Bulldogs,-24.5,-108
2026-09-17T03:24:56Z,01e9c4d460a55375a75d025e2b1ddbf5,2026-09-19T16:00:00Z,Arkansas Razorbacks,Georgia Bulldogs,betmgm,Arkansas Razorbacks,24.5,-108
2026-09-17T03:24:56Z,01e9c4d460a55375a75d025e2b1ddbf5,2026-09-19T16:00:00Z,Arkansas Razorbacks,Georgia Bulldogs,betmgm,Georgia Bulldogs,-24.5,-110
2026-09-17T03:24:56Z,9a69dbd474c6181a4c51f397b9b25d38,2026-09-19T16:00:00Z,Iowa State Cyclones,Bowling Green Falcons,draftkings,Bowling Green Falcons,23.5,-105
2026-09-17T03:24:56Z,9a69dbd474c6181a4c51f397b9b25d38,2026-09-19T16:00:00Z,Iowa State Cyclones,Bowling Green Falcons,draftkings,Iowa State Cyclones,-23.5,-115
2026-09-17T03:24:56Z,9a69dbd474c6181a4c51f397b9b25d38,2026-09-19T16:00:00Z,Iowa State Cyclones,Bowling Green Falcons,lowvig,Bowling Green Falcons,24.0,-101
2026-09-17T03:24:56Z,9a69dbd474c6181a4c51f397b9b25d38,2026-09-19T16:00:00Z,Iowa State Cyclones,Bowling Green Falcons,lowvig,Iowa State Cyclones,-24.0,-111
2026-09-17T03:24:56Z,9a69dbd474c6181a4c51f397b9b25d38,2026-09-19T16:00:00Z,Iowa State Cyclones,Bowling Green Falcons,betonlineag,Bowling Green Falcons,24.0,-105
2026-09-17T03:24:56Z,9a69dbd474c6181a4c51f397b9b25d38,2026-09-19T16:00:00Z,Iowa State Cyclones,Bowling Green Falcons,betonlineag,Iowa State Cyclones,-24.0,-115
2026-09-17T03:24:56Z,9a69dbd474c6181a4c51f397b9b25d38,2026-09-19T16:00:00Z,Iowa State Cyclones,Bowling Green Falcons,betmgm,Bowling Green Falcons,23.5,-105
2026-09-17T03:24:56Z,9a69dbd474c6181a4c51f397b9b25d38,2026-09-19T16:00:00Z,Iowa State Cyclones,Bowling Green Falcons,betmgm,Iowa State Cyclones,-23.5,-112
2026-09-17T03:24:56Z,9a69dbd474c6181a4c51f397b9b25d38,2026-09-19T16:00:00Z,Iowa State Cyclones,Bowling Green Falcons,mybookieag,Bowling Green Falcons,24.0,-110
2026-09-17T03:24:56Z,9a69dbd474c6181a4c51f397b9b25d38,2026-09-19T16:00:00Z,Iowa State Cyclones,Bowling Green Falcons,mybookieag,Iowa State Cyclones,-24.0,-110
2026-09-17T03:24:56Z,9a69dbd474c6181a4c51f397b9b25d38,2026-09-19T16:00:00Z,Iowa State Cyclones,Bowling Green Falcons,betus,Bowling Green Falcons,24.0,-110
2026-09-17T03:24:56Z,9a69dbd474c6181a4c51f397b9b25d38,2026-09-19T16:00:00Z,Iowa State Cyclones,Bowling Green Falcons,betus,Iowa State Cyclones,-24.0,-110
2026-09-17T03:24:56Z,9a69dbd474c6181a4c51f397b9b25d38,2026-09-19T16:00:00Z,Iowa State Cyclones,Bowling Green Falcons,bovada,Bowling Green Falcons,24.0,-115
2026-09-17T03:24:56Z,9a69dbd474c6181a4c51f397b9b25d38,2026-09-19T16:00:00Z,Iowa State Cyclones,Bowling Green Falcons,bovada,Iowa State Cyclones,-24.0,-105
2026-09-17T03:24:56Z,3fe3d77e009a7f205cce737523609a86,2026-09-19T16:00:00Z,Clemson Tigers,North Carolina Tar Heels,draftkings,Clemson Tigers,-3.0,-118
2026-09-17T03:24:56Z,3fe3d77e009a7f205cce737523609a86,2026-09-19T16:00:00Z,Clemson Tigers,North Carolina Tar Heels,draftkings,North Carolina Tar Heels,3.0,-102
2026-09-17T03:24:56Z,3fe3d77e009a7f205cce737523609a86,2026-09-19T16:00:00Z,Clemson Tigers,North Carolina Tar Heels,lowvig,Clemson Tigers,-3.5,102
2026-09-17T03:24:56Z,3fe3d77e009a7f205cce737523609a86,2026-09-19T16:00:00Z,Clemson Tigers,North Carolina Tar Heels,lowvig,North Carolina Tar Heels,3.5,-114
2026-09-17T03:24:56Z,3fe3d77e009a7f205cce737523609a86,2026-09-19T16:00:00Z,Clemson Tigers,North Carolina Tar Heels,betonlineag,Clemson Tigers,-3.5,-102
2026-09-17T03:24:56Z,3fe3d77e009a7f205cce737523609a86,2026-09-19T16:00:00Z,Clemson Tigers,North Carolina Tar Heels,betonlineag,North Carolina Tar Heels,3.5,-118
2026-09-17T03:24:56Z,3fe3d77e009a7f205cce737523609a86,2026-09-19T16:00:00Z,Clemson Tigers,North Carolina Tar Heels,betus,Clemson Tigers,-3.0,-115
2026-09-17T03:24:56Z,3fe3d77e009a7f205cce737523609a86,2026-09-19T16:00:00Z,Clemson Tigers,North Carolina Tar Heels,betus,North Carolina Tar Heels,3.0,-105
2026-09-17T03:24:56Z,3fe3d77e009a7f205cce737523609a86,2026-09-19T16:00:00Z,Clemson Tigers,North Carolina Tar Heels,bovada,Clemson Tigers,-3.0,-115
2026-09-17T03:24:56Z,3fe3d77e009a7f205cce737523609a86,2026-09-19T16:00:00Z,Clemson Tigers,North Carolina Tar Heels,bovada,North Carolina Tar Heels,3.0,-105
2026-09-17T03:24:56Z,3514404f321e9cf55f11222c8e36233b,2026-09-19T16:00:00Z,Georgia Tech Yellow Jackets,Mercer Bears,betrivers,Georgia Tech Yellow Jackets,-41.0,-110
2026-09-17T03:24:56Z,3514404f321e9cf55f11222c8e36233b,2026-09-19T16:00:00Z,Georgia Tech Yellow Jackets,Mercer Bears,betrivers,Mercer Bears,41.0,-113
2026-09-17T03:24:56Z,6eee31d7778965a3e617f10146619c1d,2026-09-19T16:00:00Z,Ohio State Buckeyes,Kent State Golden Flashes,betrivers,Kent State Golden Flashes,52.5,-113
2026-09-17T03:24:56Z,6eee31d7778965a3e617f10146619c1d,2026-09-19T16:00:00Z,Ohio State Buckeyes,Kent State Golden Flashes,betrivers,Ohio State Buckeyes,-52.5,-110
2026-09-17T03:24:56Z,bd7ae9e585a6595f7d308d45e1bf35e3,2026-09-19T16:30:00Z,Wisconsin Badgers,Eastern Michigan Eagles,betmgm,Eastern Michigan Eagles,24.0,-120
2026-09-17T03:24:56Z,bd7ae9e585a6595f7d308d45e1bf35e3,2026-09-19T16:30:00Z,Wisconsin Badgers,Eastern Michigan Eagles,betmgm,Wisconsin Badgers,-24.0,-110
2026-09-17T03:24:56Z,bd7ae9e585a6595f7d308d45e1bf35e3,2026-09-19T16:30:00Z,Wisconsin Badgers,Eastern Michigan Eagles,mybookieag,Eastern Michigan Eagles,24.0,-110
2026-09-17T03:24:56Z,bd7ae9e585a6595f7d308d45e1bf35e3,2026-09-19T16:30:00Z,Wisconsin Badgers,Eastern Michigan Eagles,mybookieag,Wisconsin Badgers,-24.0,-110
2026-09-17T03:24:56Z,2e9835b129f8b8055d4a24f736547363,2026-09-19T16:45:00Z,Vanderbilt Commodores,NC State Wolfpack,fanduel,NC State Wolfpack,3.5,-118
2026-09-17T03:24:56Z,2e9835b129f8b8055d4a24f736547363,2026-09-19T16:45:00Z,Vanderbilt Commodores,NC State Wolfpack,fanduel,Vanderbilt Commodores,-3.5,-104
2026-09-17T03:24:56Z,2e9835b129f8b8055d4a24f736547363,2026-09-19T16:45:00Z,Vanderbilt Commodores,NC State Wolfpack,betrivers,NC State Wolfpack,3.5,-117
2026-09-17T03:24:56Z,2e9835b129f8b8055d4a24f736547363,2026-09-19T16:45:00Z,Vanderbilt Commodores,NC State Wolfpack,betrivers,Vanderbilt Commodores,-3.5,-107
2026-09-17T03:24:56Z,2e9835b129f8b8055d4a24f736547363,2026-09-19T16:45:00Z,Vanderbilt Commodores,NC State Wolfpack,betonlineag,NC State Wolfpack,3.0,-107
2026-09-17T03:24:56Z,2e9835b129f8b8055d4a24f736547363,2026-09-19T16:45:00Z,Vanderbilt Commodores,NC State Wolfpack,betonlineag,Vanderbilt Commodores,-3.0,-113
2026-09-17T03:24:56Z,2e9835b129f8b8055d4a24f736547363,2026-09-19T16:45:00Z,Vanderbilt Commodores,NC State Wolfpack,lowvig,NC State Wolfpack,3.0,-103
2026-09-17T03:24:56Z,2e9835b129f8b8055d4a24f736547363,2026-09-19T16:45:00Z,Vanderbilt Commodores,NC State Wolfpack,lowvig,Vanderbilt Commodores,-3.0,-109
2026-09-17T03:24:56Z,2e9835b129f8b8055d4a24f736547363,2026-09-19T16:45:00Z,Vanderbilt Commodores,NC State Wolfpack,betmgm,NC State Wolfpack,3.0,-105
2026-09-17T03:24:56Z,2e9835b129f8b8055d4a24f736547363,2026-09-19T16:45:00Z,Vanderbilt Commodores,NC State Wolfpack,betmgm,Vanderbilt Commodores,-3.0,-115
2026-09-17T03:24:56Z,2e9835b129f8b8055d4a24f736547363,2026-09-19T16:45:00Z,Vanderbilt Commodores,NC State Wolfpack,mybookieag,NC State Wolfpack,3.0,-110
2026-09-17T03:24:56Z,2e9835b129f8b8055d4a24f736547363,2026-09-19T16:45:00Z,Vanderbilt Commodores,NC State Wolfpack,mybookieag,Vanderbilt Commodores,-3.0,-110
2026-09-17T03:24:56Z,26a76b78050ad3953d2d41dbeecd5a07,2026-09-19T17:00:00Z,Central Michigan Chippewas,Wyoming Cowboys,draftkings,Central Michigan Chippewas,-1.5,-105
2026-09-17T03:24:56Z,26a76b78050ad3953d2d41dbeecd5a07,2026-09-19T17:00:00Z,Central Michigan Chippewas,Wyoming Cowboys,draftkings,Wyoming Cowboys,1.5,-115
2026-09-17T03:24:56Z,26a76b78050ad3953d2d41dbeecd5a07,2026-09-19T17:00:00Z,Central Michigan Chippewas,Wyoming Cowboys,lowvig,Central Michigan Chippewas,-1.0,-101
2026-09-17T03:24:56Z,26a76b78050ad3953d2d41dbeecd5a07,2026-09-19T17:00:00Z,Central Michigan Chippewas,Wyoming Cowboys,lowvig,Wyoming Cowboys,1.0,-111
2026-09-17T03:24:56Z,26a76b78050ad3953d2d41dbeecd5a07,2026-09-19T17:00:00Z,Central Michigan Chippewas,Wyoming Cowboys,betonlineag,Central Michigan Chippewas,-1.0,-105
2026-09-17T03:24:56Z,26a76b78050ad3953d2d41dbeecd5a07,2026-09-19T17:00:00Z,Central Michigan Chippewas,Wyoming Cowboys,betonlineag,Wyoming Cowboys,1.0,-115
2026-09-17T03:24:56Z,26a76b78050ad3953d2d41dbeecd5a07,2026-09-19T17:00:00Z,Central Michigan Chippewas,Wyoming Cowboys,betmgm,Central Michigan Chippewas,-1.0,-108
2026-09-17T03:24:56Z,26a76b78050ad3953d2d41dbeecd5a07,2026-09-19T17:00:00Z,Central Michigan Chippewas,Wyoming Cowboys,betmgm,Wyoming Cowboys,1.0,-110
2026-09-17T03:24:56Z,26a76b78050ad3953d2d41dbeecd5a07,2026-09-19T17:00:00Z,Central Michigan Chippewas,Wyoming Cowboys,betus,Central Michigan Chippewas,-1.0,-105
2026-09-17T03:24:56Z,26a76b78050ad3953d2d41dbeecd5a07,2026-09-19T17:00:00Z,Central Michigan Chippewas,Wyoming Cowboys,betus,Wyoming Cowboys,1.0,-115
2026-09-17T03:24:56Z,26a76b78050ad3953d2d41dbeecd5a07,2026-09-19T17:00:00Z,Central Michigan Chippewas,Wyoming Cowboys,bovada,Central Michigan Chippewas,-1.0,-110
2026-09-17T03:24:56Z,26a76b78050ad3953d2d41dbeecd5a07,2026-09-19T17:00:00Z,Central Michigan Chippewas,Wyoming Cowboys,bovada,Wyoming Cowboys,1.0,-110
2026-09-17T03:24:56Z,578e82a8bc67101e9eba884729ffcc69,2026-09-19T18:00:00Z,Illinois Fighting Illini,Southern Illinois Salukis,betrivers,Illinois Fighting Illini,-39.0,-112
2026-09-17T03:24:56Z,578e82a8bc67101e9eba884729ffcc69,2026-09-19T18:00:00Z,Illinois Fighting Illini,Southern Illinois Salukis,betrivers,Southern Illinois Salukis,39.0,-112
2026-09-17T03:24:56Z,a85cea77fbd44d9135461815777f6a9c,2026-09-19T19:30:00Z,Alabama Crimson Tide,Florida State Seminoles,betmgm,Alabama Crimson Tide,-19.5,-112
2026-09-17T03:24:56Z,a85cea77fbd44d9135461815777f6a9c,2026-09-19T19:30:00Z,Alabama Crimson Tide,Florida State Seminoles,betmgm,Florida State Seminoles,19.5,-118
2026-09-17T03:24:56Z,a85cea77fbd44d9135461815777f6a9c,2026-09-19T19:30:00Z,Alabama Crimson Tide,Florida State Seminoles,lowvig,Alabama Crimson Tide,-18.0,-111
2026-09-17T03:24:56Z,a85cea77fbd44d9135461815777f6a9c,2026-09-19T19:30:00Z,Alabama Crimson Tide,Florida State Seminoles,lowvig,Florida State Seminoles,18.0,-101
2026-09-17T03:24:56Z,a85cea77fbd44d9135461815777f6a9c,2026-09-19T19:30:00Z,Alabama Crimson Tide,Florida State Seminoles,betonlineag,Alabama Crimson Tide,-18.0,-115
2026-09-17T03:24:56Z,a85cea77fbd44d9135461815777f6a9c,2026-09-19T19:30:00Z,Alabama Crimson Tide,Florida State Seminoles,betonlineag,Florida State Seminoles,18.0,-105
2026-09-17T03:24:56Z,a85cea77fbd44d9135461815777f6a9c,2026-09-19T19:30:00Z,Alabama Crimson Tide,Florida State Seminoles,betus,Alabama Crimson Tide,-18.0,-115
2026-09-17T03:24:56Z,a85cea77fbd44d9135461815777f6a9c,2026-09-19T19:30:00Z,Alabama Crimson Tide,Florida State Seminoles,betus,Florida State Seminoles,18.0,-105
2026-09-17T03:24:56Z,15ebe2df1d91e584d091d509e70a1a71,2026-09-19T19:30:00Z,Cincinnati Bearcats,Miami (OH) RedHawks,draftkings,Cincinnati Bearcats,-16.5,-108
2026-09-17T03:24:56Z,15ebe2df1d91e584d091d509e70a1a71,2026-09-19T19:30:00Z,Cincinnati Bearcats,Miami (OH) RedHawks,draftkings,Miami (OH) RedHawks,16.5,-112
2026-09-17T03:24:56Z,15ebe2df1d91e584d091d509e70a1a71,2026-09-19T19:30:00Z,Cincinnati Bearcats,Miami (OH) RedHawks,lowvig,Cincinnati Bearcats,-16.0,-106
2026-09-17T03:24:56Z,15ebe2df1d91e584d091d509e70a1a71,2026-09-19T19:30:00Z,Cincinnati Bearcats,Miami (OH) RedHawks,lowvig,Miami (OH) RedHawks,16.0,-106
2026-09-17T03:24:56Z,15ebe2df1d91e584d091d509e70a1a71,2026-09-19T19:30:00Z,Cincinnati Bearcats,Miami (OH) RedHawks,betonlineag,Cincinnati Bearcats,-16.0,-110
2026-09-17T03:24:56Z,15ebe2df1d91e584d091d509e70a1a71,2026-09-19T19:30:00Z,Cincinnati Bearcats,Miami (OH) RedHawks,betonlineag,Miami (OH) RedHawks,16.0,-110
2026-09-17T03:24:56Z,15ebe2df1d91e584d091d509e70a1a71,2026-09-19T19:30:00Z,Cincinnati Bearcats,Miami (OH) RedHawks,betmgm,Cincinnati Bearcats,-15.5,-110
2026-09-17T03:24:56Z,15ebe2df1d91e584d091d509e70a1a71,2026-09-19T19:30:00Z,Cincinnati Bearcats,Miami (OH) RedHawks,betmgm,Miami (OH) RedHawks,15.5,-108
2026-09-17T03:24:56Z,15ebe2df1d91e584d091d509e70a1a71,2026-09-19T19:30:00Z,Cincinnati Bearcats,Miami (OH) RedHawks,mybookieag,Cincinnati Bearcats,-15.5,-110
2026-09-17T03:24:56Z,15ebe2df1d91e584d091d509e70a1a71,2026-09-19T19:30:00Z,Cincinnati Bearcats,Miami (OH) RedHawks,mybookieag,Miami (OH) RedHawks,15.5,-110
2026-09-17T03:24:56Z,15ebe2df1d91e584d091d509e70a1a71,2026-09-19T19:30:00Z,Cincinnati Bearcats,Miami (OH) RedHawks,betus,Cincinnati Bearcats,-16.0,-110
2026-09-17T03:24:56Z,15ebe2df1d91e584d091d509e70a1a71,2026-09-19T19:30:00Z,Cincinnati Bearcats,Miami (OH) RedHawks,betus,Miami (OH) RedHawks,16.0,-110
2026-09-17T03:24:56Z,15ebe2df1d91e584d091d509e70a1a71,2026-09-19T19:30:00Z,Cincinnati Bearcats,Miami (OH) RedHawks,bovada,Cincinnati Bearcats,-16.0,-110
2026-09-17T03:24:56Z,15ebe2df1d91e584d091d509e70a1a71,2026-09-19T19:30:00Z,Cincinnati Bearcats,Miami (OH) RedHawks,bovada,Miami (OH) RedHawks,16.0,-110
2026-09-17T03:24:56Z,8bdb9d65119df877f2e2ec632d28fef1,2026-09-19T19:30:00Z,Washington State Cougars,Duquesne Dukes,betrivers,Duquesne Dukes,38.0,-112
2026-09-17T03:24:56Z,8bdb9d65119df877f2e2ec632d28fef1,2026-09-19T19:30:00Z,Washington State Cougars,Duquesne Dukes,betrivers,Washington State Cougars,-38.0,-112
2026-09-17T03:24:56Z,d2da9e958e6f4800929ff9411b697a4b,2026-09-19T19:30:00Z,Texas A&M Aggies,Kentucky Wildcats,draftkings,Kentucky Wildcats,16.5,-105
2026-09-17T03:24:56Z,d2da9e958e6f4800929ff9411b697a4b,2026-09-19T19:30:00Z,Texas A&M Aggies,Kentucky Wildcats,draftkings,Texas A&M Aggies,-16.5,-115
2026-09-17T03:24:56Z,d2da9e958e6f4800929ff9411b697a4b,2026-09-19T19:30:00Z,Texas A&M Aggies,Kentucky Wildcats,betmgm,Kentucky Wildcats,17.0,-112
2026-09-17T03:24:56Z,d2da9e958e6f4800929ff9411b697a4b,2026-09-19T19:30:00Z,Texas A&M Aggies,Kentucky Wildcats,betmgm,Texas A&M Aggies,-17.0,-105
2026-09-17T03:24:56Z,dbcfc3184e20d1ea45e910b89585071f,2026-09-19T19:30:00Z,Louisville Cardinals,SMU Mustangs,betmgm,Louisville Cardinals,-1.5,-110
2026-09-17T03:24:56Z,dbcfc3184e20d1ea45e910b89585071f,2026-09-19T19:30:00Z,Louisville Cardinals,SMU Mustangs,betmgm,SMU Mustangs,1.5,-110
2026-09-17T03:24:56Z,f9b0ff34657875b54ee16b8254168159,2026-09-19T19:30:00Z,Michigan Wolverines,UTEP Miners,draftkings,Michigan Wolverines,-34.5,-115
2026-09-17T03:24:56Z,f9b0ff34657875b54ee16b8254168159,2026-09-19T19:30:00Z,Michigan Wolverines,UTEP Miners,draftkings,UTEP Miners,34.5,-105
2026-09-17T03:24:56Z,f9b0ff34657875b54ee16b8254168159,2026-09-19T19:30:00Z,Michigan Wolverines,UTEP Miners,betmgm,Michigan Wolverines,-35.5,-110
2026-09-17T03:24:56Z,f9b0ff34657875b54ee16b8254168159,2026-09-19T19:30:00Z,Michigan Wolverines,UTEP Miners,betmgm,UTEP Miners,35.5,-108
2026-09-17T03:24:56Z,8b31d45a11a98ec8e6a9a9a5368a1bf4,2026-09-19T19:30:00Z,Rutgers Scarlet Knights,USC Trojans,draftkings,Rutgers Scarlet Knights,22.5,-108
2026-09-17T03:24:56Z,8b31d45a11a98ec8e6a9a9a5368a1bf4,2026-09-19T19:30:00Z,Rutgers Scarlet Knights,USC Trojans,draftkings,USC Trojans,-22.5,-112
2026-09-17T03:24:56Z,8b31d45a11a98ec8e6a9a9a5368a1bf4,2026-09-19T19:30:00Z,Rutgers Scarlet Knights,USC Trojans,lowvig,Rutgers Scarlet Knights,23.0,-106
2026-09-17T03:24:56Z,8b31d45a11a98ec8e6a9a9a5368a1bf4,2026-09-19T19:30:00Z,Rutgers Scarlet Knights,USC Trojans,lowvig,USC Trojans,-23.0,-106
2026-09-17T03:24:56Z,8b31d45a11a98ec8e6a9a9a5368a1bf4,2026-09-19T19:30:00Z,Rutgers Scarlet Knights,USC Trojans,betonlineag,Rutgers Scarlet Knights,23.0,-110
2026-09-17T03:24:56Z,8b31d45a11a98ec8e6a9a9a5368a1bf4,2026-09-19T19:30:00Z,Rutgers Scarlet Knights,USC Trojans,betonlineag,USC Trojans,-23.0,-110
2026-09-17T03:24:56Z,8b31d45a11a98ec8e6a9a9a5368a1bf4,2026-09-19T19:30:00Z,Rutgers Scarlet Knights,USC Trojans,betrivers,Rutgers Scarlet Knights,24.0,-110
2026-09-17T03:24:56Z,8b31d45a11a98ec8e6a9a9a5368a1bf4,2026-09-19T19:30:00Z,Rutgers Scarlet Knights,USC Trojans,betmgm,Rutgers Scarlet Knights,23.5,-118
2026-09-17T03:24:56Z,8b31d45a11a98ec8e6a9a9a5368a1bf4,2026-09-19T19:30:00Z,Rutgers Scarlet Knights,USC Trojans,betmgm,USC Trojans,-23.5,-112
2026-09-17T03:24:56Z,8b31d45a11a98ec8e6a9a9a5368a1bf4,2026-09-19T19:30:00Z,Rutgers Scarlet Knights,USC Trojans,mybookieag,Rutgers Scarlet Knights,23.0,-110
2026-09-17T03:24:56Z,8b31d45a11a98ec8e6a9a9a5368a1bf4,2026-09-19T19:30:00Z,Rutgers Scarlet Knights,USC Trojans,mybookieag,USC Trojans,-23.0,-110
2026-09-17T03:24:56Z,8b31d45a11a98ec8e6a9a9a5368a1bf4,2026-09-19T19:30:00Z,Rutgers Scarlet Knights,USC Trojans,betus,Rutgers Scarlet Knights,23.0,-110
2026-09-17T03:24:56Z,8b31d45a11a98ec8e6a9a9a5368a1bf4,2026-09-19T19:30:00Z,Rutgers Scarlet Knights,USC Trojans,betus,USC Trojans,-23.0,-110
2026-09-17T03:24:56Z,8b31d45a11a98ec8e6a9a9a5368a1bf4,2026-09-19T19:30:00Z,Rutgers Scarlet Knights,USC Trojans,bovada,Rutgers Scarlet Knights,23.0,-110
2026-09-17T03:24:56Z,8b31d45a11a98ec8e6a9a9a5368a1bf4,2026-09-19T19:30:00Z,Rutgers Scarlet Knights,USC Trojans,bovada,USC Trojans,-23.0,-110
2026-09-17T03:24:56Z,a25ab1dfd8fdb11a06a6a4b5c707d266,2026-09-19T19:30:00Z,UMass Minutemen,Stonehill Skyhawks,betrivers,Stonehill Skyhawks,34.5,-113
2026-09-17T03:24:56Z,a25ab1dfd8fdb11a06a6a4b5c707d266,2026-09-19T19:30:00Z,UMass Minutemen,Stonehill Skyhawks,betrivers,UMass Minutemen,-34.5,-110
2026-09-17T03:24:56Z,9a94b95365b9c78fbfb612ce4c859eda,2026-09-19T19:30:00Z,Utah Utes,Utah State Aggies,draftkings,Utah State Aggies,27.5,-108
2026-09-17T03:24:56Z,9a94b95365b9c78fbfb612ce4c859eda,2026-09-19T19:30:00Z,Utah Utes,Utah State Aggies,draftkings,Utah Utes,-27.5,-112
2026-09-17T03:24:56Z,9a94b95365b9c78fbfb612ce4c859eda,2026-09-19T19:30:00Z,Utah Utes,Utah State Aggies,betmgm,Utah State Aggies,28.0,-118
2026-09-17T03:24:56Z,9a94b95365b9c78fbfb612ce4c859eda,2026-09-19T19:30:00Z,Utah Utes,Utah State Aggies,betmgm,Utah Utes,-28.0,-112
2026-09-17T03:24:56Z,089e1a60578160dd6828794656461ba5,2026-09-19T20:00:00Z,Liberty Flames,Ball State Cardinals,betonlineag,Ball State Cardinals,14.0,-105
2026-09-17T03:24:56Z,089e1a60578160dd6828794656461ba5,2026-09-19T20:00:00Z,Liberty Flames,Ball State Cardinals,betonlineag,Liberty Flames,-14.0,-115
2026-09-17T03:24:56Z,089e1a60578160dd6828794656461ba5,2026-09-19T20:00:00Z,Liberty Flames,Ball State Cardinals,lowvig,Ball State Cardinals,14.0,104
2026-09-17T03:24:56Z,089e1a60578160dd6828794656461ba5,2026-09-19T20:00:00Z,Liberty Flames,Ball State Cardinals,lowvig,Liberty Flames,-14.0,-116
2026-09-17T03:24:56Z,089e1a60578160dd6828794656461ba5,2026-09-19T20:00:00Z,Liberty Flames,Ball State Cardinals,betus,Ball State Cardinals,14.0,-105
2026-09-17T03:24:56Z,089e1a60578160dd6828794656461ba5,2026-09-19T20:00:00Z,Liberty Flames,Ball State Cardinals,betus,Liberty Flames,-14.0,-115
2026-09-17T03:24:56Z,089e1a60578160dd6828794656461ba5,2026-09-19T20:00:00Z,Liberty Flames,Ball State Cardinals,bovada,Ball State Cardinals,14.5,-115
2026-09-17T03:24:56Z,089e1a60578160dd6828794656461ba5,2026-09-19T20:00:00Z,Liberty Flames,Ball State Cardinals,bovada,Liberty Flames,-14.5,-105
2026-09-17T03:24:56Z,3c742aa7dc1c1da030846964a72de370,2026-09-19T20:00:00Z,Duke Blue Devils,Stanford Cardinal,draftkings,Duke Blue Devils,-10.0,-108
2026-09-17T03:24:56Z,3c742aa7dc1c1da030846964a72de370,2026-09-19T20:00:00Z,Duke Blue Devils,Stanford Cardinal,draftkings,Stanford Cardinal,10.0,-112
2026-09-17T03:24:56Z,3c742aa7dc1c1da030846964a72de370,2026-09-19T20:00:00Z,Duke Blue Devils,Stanford Cardinal,lowvig,Duke Blue Devils,-10.0,-104
2026-09-17T03:24:56Z,3c742aa7dc1c1da030846964a72de370,2026-09-19T20:00:00Z,Duke Blue Devils,Stanford Cardinal,lowvig,Stanford Cardinal,10.0,-108
2026-09-17T03:24:56Z,3c742aa7dc1c1da030846964a72de370,2026-09-19T20:00:00Z,Duke Blue Devils,Stanford Cardinal,betonlineag,Duke Blue Devils,-10.0,-108
2026-09-17T03:24:56Z,3c742aa7dc1c1da030846964a72de370,2026-09-19T20:00:00Z,Duke Blue Devils,Stanford Cardinal,betonlineag,Stanford Cardinal,10.0,-112
2026-09-17T03:24:56Z,3c742aa7dc1c1da030846964a72de370,2026-09-19T20:00:00Z,Duke Blue Devils,Stanford Cardinal,betmgm,Duke Blue Devils,-9.5,-112
2026-09-17T03:24:56Z,3c742aa7dc1c1da030846964a72de370,2026-09-19T20:00:00Z,Duke Blue Devils,Stanford Cardinal,mybookieag,Duke Blue Devils,-10.0,-110
2026-09-17T03:24:56Z,3c742aa7dc1c1da030846964a72de370,2026-09-19T20:00:00Z,Duke Blue Devils,Stanford Cardinal,mybookieag,Stanford Cardinal,10.0,-110
2026-09-17T03:24:56Z,3c742aa7dc1c1da030846964a72de370,2026-09-19T20:00:00Z,Duke Blue Devils,Stanford Cardinal,betus,Duke Blue Devils,-10.0,-110
2026-09-17T03:24:56Z,3c742aa7dc1c1da030846964a72de370,2026-09-19T20:00:00Z,Duke Blue Devils,Stanford Cardinal,betus,Stanford Cardinal,10.0,-110
2026-09-17T03:24:56Z,a4e7771497976db67e6a81bc3700b32f,2026-09-19T20:15:00Z,South Carolina Gamecocks,Mississippi State Bulldogs,draftkings,Mississippi State Bulldogs,4.0,-112
2026-09-17T03:24:56Z,a4e7771497976db67e6a81bc3700b32f,2026-09-19T20:15:00Z,South Carolina Gamecocks,Mississippi State Bulldogs,draftkings,South Carolina Gamecocks,-4.0,-108
2026-09-17T03:24:56Z,a4e7771497976db67e6a81bc3700b32f,2026-09-19T20:15:00Z,South Carolina Gamecocks,Mississippi State Bulldogs,betrivers,Mississippi State Bulldogs,3.5,-110
2026-09-17T03:24:56Z,a4e7771497976db67e6a81bc3700b32f,2026-09-19T20:15:00Z,South Carolina Gamecocks,Mississippi State Bulldogs,betrivers,South Carolina Gamecocks,-3.5,-113
2026-09-17T03:24:56Z,a4e7771497976db67e6a81bc3700b32f,2026-09-19T20:15:00Z,South Carolina Gamecocks,Mississippi State Bulldogs,lowvig,Mississippi State Bulldogs,3.5,100
2026-09-17T03:24:56Z,a4e7771497976db67e6a81bc3700b32f,2026-09-19T20:15:00Z,South Carolina Gamecocks,Mississippi State Bulldogs,lowvig,South Carolina Gamecocks,-3.5,-112
2026-09-17T03:24:56Z,a4e7771497976db67e6a81bc3700b32f,2026-09-19T20:15:00Z,South Carolina Gamecocks,Mississippi State Bulldogs,betonlineag,Mississippi State Bulldogs,3.5,-104
2026-09-17T03:24:56Z,a4e7771497976db67e6a81bc3700b32f,2026-09-19T20:15:00Z,South Carolina Gamecocks,Mississippi State Bulldogs,betonlineag,South Carolina Gamecocks,-3.5,-116
2026-09-17T03:24:56Z,a4e7771497976db67e6a81bc3700b32f,2026-09-19T20:15:00Z,South Carolina Gamecocks,Mississippi State Bulldogs,betmgm,Mississippi State Bulldogs,4.0,-108
2026-09-17T03:24:56Z,a4e7771497976db67e6a81bc3700b32f,2026-09-19T20:15:00Z,South Carolina Gamecocks,Mississippi State Bulldogs,betmgm,South Carolina Gamecocks,-4.0,-110
2026-09-17T03:24:56Z,a4e7771497976db67e6a81bc3700b32f,2026-09-19T20:15:00Z,South Carolina Gamecocks,Mississippi State Bulldogs,betus,Mississippi State Bulldogs,3.5,-105
2026-09-17T03:24:56Z,a4e7771497976db67e6a81bc3700b32f,2026-09-19T20:15:00Z,South Carolina Gamecocks,Mississippi State Bulldogs,betus,South Carolina Gamecocks,-3.5,-115
2026-09-17T03:24:56Z,a4e7771497976db67e6a81bc3700b32f,2026-09-19T20:15:00Z,South Carolina Gamecocks,Mississippi State Bulldogs,bovada,Mississippi State Bulldogs,4.0,-110
2026-09-17T03:24:56Z,a4e7771497976db67e6a81bc3700b32f,2026-09-19T20:15:00Z,South Carolina Gamecocks,Mississippi State Bulldogs,bovada,South Carolina Gamecocks,-4.0,-110
2026-09-17T03:24:56Z,09e86b2dd47d075b2fddb3174d21b1ac,2026-09-19T20:30:00Z,UL Monroe Warhawks,Southeastern Louisiana Lions,betrivers,Southeastern Louisiana Lions,11.5,-113
2026-09-17T03:24:56Z,09e86b2dd47d075b2fddb3174d21b1ac,2026-09-19T20:30:00Z,UL Monroe Warhawks,Southeastern Louisiana Lions,betrivers,UL Monroe Warhawks,-11.5,-110
2026-09-17T03:24:56Z,436d9422da324c807b9d2fb50a2ef62a,2026-09-19T22:00:00Z,Old Dominion Monarchs,East Carolina Pirates,betrivers,East Carolina Pirates,3.0,-109
2026-09-17T03:24:56Z,436d9422da324c807b9d2fb50a2ef62a,2026-09-19T22:00:00Z,Old Dominion Monarchs,East Carolina Pirates,betrivers,Old Dominion Monarchs,-3.0,-113
2026-09-17T03:24:56Z,fa9113ed354c9a40e487f5b923b4238f,2026-09-19T22:30:00Z,Missouri State Bears,Marshall Thundering Herd,betonlineag,Marshall Thundering Herd,-4.5,-105
2026-09-17T03:24:56Z,fa9113ed354c9a40e487f5b923b4238f,2026-09-19T22:30:00Z,Missouri State Bears,Marshall Thundering Herd,betonlineag,Missouri State Bears,4.5,-115
2026-09-17T03:24:56Z,fa9113ed354c9a40e487f5b923b4238f,2026-09-19T22:30:00Z,Missouri State Bears,Marshall Thundering Herd,lowvig,Marshall Thundering Herd,-4.5,-101
2026-09-17T03:24:56Z,fa9113ed354c9a40e487f5b923b4238f,2026-09-19T22:30:00Z,Missouri State Bears,Marshall Thundering Herd,lowvig,Missouri State Bears,4.5,-111
2026-09-17T03:24:56Z,7ef3b27d15de635a3e05324f2b0c56cb,2026-09-19T23:00:00Z,Auburn Tigers,Florida Gators,betrivers,Auburn Tigers,2.5,-109
2026-09-17T03:24:56Z,7ef3b27d15de635a3e05324f2b0c56cb,2026-09-19T23:00:00Z,Auburn Tigers,Florida Gators,betrivers,Florida Gators,-2.5,-114
2026-09-17T03:24:56Z,4a9e833f32775e201ee648c51840df85,2026-09-19T23:00:00Z,UCF Knights,Georgia State Panthers,lowvig,Georgia State Panthers,18.0,-111
2026-09-17T03:24:56Z,4a9e833f32775e201ee648c51840df85,2026-09-19T23:00:00Z,UCF Knights,Georgia State Panthers,lowvig,UCF Knights,-18.0,-101
2026-09-17T03:24:56Z,4a9e833f32775e201ee648c51840df85,2026-09-19T23:00:00Z,UCF Knights,Georgia State Panthers,betus,Georgia State Panthers,17.5,-120
2026-09-17T03:24:56Z,4a9e833f32775e201ee648c51840df85,2026-09-19T23:00:00Z,UCF Knights,Georgia State Panthers,betus,UCF Knights,-17.5,100
2026-09-17T03:24:56Z,69164d1b806f25a76cdb6268e19d4365,2026-09-19T23:00:00Z,Missouri Tigers,Troy Trojans,draftkings,Missouri Tigers,-27.5,-102
2026-09-17T03:24:56Z,69164d1b806f25a76cdb6268e19d4365,2026-09-19T23:00:00Z,Missouri Tigers,Troy Trojans,draftkings,Troy Trojans,27.5,-118
2026-09-17T03:24:56Z,69164d1b806f25a76cdb6268e19d4365,2026-09-19T23:00:00Z,Missouri Tigers,Troy Trojans,lowvig,Missouri Tigers,-27.0,-111
2026-09-17T03:24:56Z,69164d1b806f25a76cdb6268e19d4365,2026-09-19T23:00:00Z,Missouri Tigers,Troy Trojans,lowvig,Troy Trojans,27.0,-101
2026-09-17T03:24:56Z,69164d1b806f25a76cdb6268e19d4365,2026-09-19T23:00:00Z,Missouri Tigers,Troy Trojans,betonlineag,Missouri Tigers,-27.0,-115
2026-09-17T03:24:56Z,69164d1b806f25a76cdb6268e19d4365,2026-09-19T23:00:00Z,Missouri Tigers,Troy Trojans,betonlineag,Troy Trojans,27.0,-105
2026-09-17T03:24:56Z,69164d1b806f25a76cdb6268e19d4365,2026-09-19T23:00:00Z,Missouri Tigers,Troy Trojans,betmgm,Missouri Tigers,-27.0,-110
2026-09-17T03:24:56Z,69164d1b806f25a76cdb6268e19d4365,2026-09-19T23:00:00Z,Missouri Tigers,Troy Trojans,betmgm,Troy Trojans,27.0,-108
2026-09-17T03:24:56Z,69164d1b806f25a76cdb6268e19d4365,2026-09-19T23:00:00Z,Missouri Tigers,Troy Trojans,mybookieag,Missouri Tigers,-27.0,-110
2026-09-17T03:24:56Z,69164d1b806f25a76cdb6268e19d4365,2026-09-19T23:00:00Z,Missouri Tigers,Troy Trojans,mybookieag,Troy Trojans,27.0,-110
2026-09-17T03:24:56Z,69164d1b806f25a76cdb6268e19d4365,2026-09-19T23:00:00Z,Missouri Tigers,Troy Trojans,betus,Missouri Tigers,-27.0,-115
2026-09-17T03:24:56Z,69164d1b806f25a76cdb6268e19d4365,2026-09-19T23:00:00Z,Missouri Tigers,Troy Trojans,betus,Troy Trojans,27.0,-105
2026-09-17T03:24:56Z,69164d1b806f25a76cdb6268e19d4365,2026-09-19T23:00:00Z,Missouri Tigers,Troy Trojans,bovada,Missouri Tigers,-27.0,-115
2026-09-17T03:24:56Z,69164d1b806f25a76cdb6268e19d4365,2026-09-19T23:00:00Z,Missouri Tigers,Troy Trojans,bovada,Troy Trojans,27.0,-105
2026-09-17T03:24:56Z,bcc250cd218a520bcd287c120644ba05,2026-09-19T23:00:00Z,South Alabama Jaguars,Ohio Bobcats,lowvig,Ohio Bobcats,7.0,-113
2026-09-17T03:24:56Z,bcc250cd218a520bcd287c120644ba05,2026-09-19T23:00:00Z,South Alabama Jaguars,Ohio Bobcats,lowvig,South Alabama Jaguars,-7.0,101
2026-09-17T03:24:56Z,bcc250cd218a520bcd287c120644ba05,2026-09-19T23:00:00Z,South Alabama Jaguars,Ohio Bobcats,betonlineag,Ohio Bobcats,7.0,-117
2026-09-17T03:24:56Z,bcc250cd218a520bcd287c120644ba05,2026-09-19T23:00:00Z,South Alabama Jaguars,Ohio Bobcats,betonlineag,South Alabama Jaguars,-7.0,-103
2026-09-17T03:24:56Z,bcc250cd218a520bcd287c120644ba05,2026-09-19T23:00:00Z,South Alabama Jaguars,Ohio Bobcats,betus,Ohio Bobcats,7.0,-115
2026-09-17T03:24:56Z,bcc250cd218a520bcd287c120644ba05,2026-09-19T23:00:00Z,South Alabama Jaguars,Ohio Bobcats,betus,South Alabama Jaguars,-7.0,-105
2026-09-17T03:24:56Z,bcc250cd218a520bcd287c120644ba05,2026-09-19T23:00:00Z,South Alabama Jaguars,Ohio Bobcats,bovada,Ohio Bobcats,6.5,100
2026-09-17T03:24:56Z,bcc250cd218a520bcd287c120644ba05,2026-09-19T23:00:00Z,South Alabama Jaguars,Ohio Bobcats,bovada,South Alabama Jaguars,-6.5,-120
2026-09-17T03:24:56Z,1088ecb8a4c34880f9fb0b9274a8d3e4,2026-09-19T23:00:00Z,Southern Mississippi Golden Eagles,UConn Huskies,lowvig,Southern Mississippi Golden Eagles,3.0,-104
2026-09-17T03:24:56Z,1088ecb8a4c34880f9fb0b9274a8d3e4,2026-09-19T23:00:00Z,Southern Mississippi Golden Eagles,UConn Huskies,lowvig,UConn Huskies,-3.0,-108
2026-09-17T03:24:56Z,1088ecb8a4c34880f9fb0b9274a8d3e4,2026-09-19T23:00:00Z,Southern Mississippi Golden Eagles,UConn Huskies,betonlineag,Southern Mississippi Golden Eagles,3.0,-108
2026-09-17T03:24:56Z,1088ecb8a4c34880f9fb0b9274a8d3e4,2026-09-19T23:00:00Z,Southern Mississippi Golden Eagles,UConn Huskies,betonlineag,UConn Huskies,-3.0,-112
2026-09-17T03:24:56Z,1088ecb8a4c34880f9fb0b9274a8d3e4,2026-09-19T23:00:00Z,Southern Mississippi Golden Eagles,UConn Huskies,betmgm,UConn Huskies,-3.0,-115
2026-09-17T03:24:56Z,1088ecb8a4c34880f9fb0b9274a8d3e4,2026-09-19T23:00:00Z,Southern Mississippi Golden Eagles,UConn Huskies,betrivers,Southern Mississippi Golden Eagles,3.5,-115
2026-09-17T03:24:56Z,1088ecb8a4c34880f9fb0b9274a8d3e4,2026-09-19T23:00:00Z,Southern Mississippi Golden Eagles,UConn Huskies,betrivers,UConn Huskies,-3.5,-108
2026-09-17T03:24:56Z,1088ecb8a4c34880f9fb0b9274a8d3e4,2026-09-19T23:00:00Z,Southern Mississippi Golden Eagles,UConn Huskies,betus,Southern Mississippi Golden Eagles,3.0,-110
2026-09-17T03:24:56Z,1088ecb8a4c34880f9fb0b9274a8d3e4,2026-09-19T23:00:00Z,Southern Mississippi Golden Eagles,UConn Huskies,betus,UConn Huskies,-3.0,-110
2026-09-17T03:24:56Z,55699549855efd1bed7b9d6ae1c7aded,2026-09-19T23:15:00Z,Nebraska Cornhuskers,North Dakota Fighting Hawks,betrivers,Nebraska Cornhuskers,-25.0,-112
2026-09-17T03:24:56Z,55699549855efd1bed7b9d6ae1c7aded,2026-09-19T23:15:00Z,Nebraska Cornhuskers,North Dakota Fighting Hawks,betrivers,North Dakota Fighting Hawks,25.0,-112
2026-09-17T03:24:56Z,d3b7a8be0f6c9e50f7afd4005990228b,2026-09-19T23:30:00Z,Colorado State Rams,BYU Cougars,betonlineag,BYU Cougars,-17.5,-115
2026-09-17T03:24:56Z,d3b7a8be0f6c9e50f7afd4005990228b,2026-09-19T23:30:00Z,Colorado State Rams,BYU Cougars,betonlineag,Colorado State Rams,17.5,-105
2026-09-17T03:24:56Z,d3b7a8be0f6c9e50f7afd4005990228b,2026-09-19T23:30:00Z,Colorado State Rams,BYU Cougars,lowvig,BYU Cougars,-17.5,-111
2026-09-17T03:24:56Z,d3b7a8be0f6c9e50f7afd4005990228b,2026-09-19T23:30:00Z,Colorado State Rams,BYU Cougars,lowvig,Colorado State Rams,17.5,-101
2026-09-17T03:24:56Z,d3b7a8be0f6c9e50f7afd4005990228b,2026-09-19T23:30:00Z,Colorado State Rams,BYU Cougars,betmgm,BYU Cougars,-17.5,-110
2026-09-17T03:24:56Z,d3b7a8be0f6c9e50f7afd4005990228b,2026-09-19T23:30:00Z,Colorado State Rams,BYU Cougars,betmgm,Colorado State Rams,17.5,-108
2026-09-17T03:24:56Z,d3b7a8be0f6c9e50f7afd4005990228b,2026-09-19T23:30:00Z,Colorado State Rams,BYU Cougars,betus,BYU Cougars,-17.5,-115
2026-09-17T03:24:56Z,d3b7a8be0f6c9e50f7afd4005990228b,2026-09-19T23:30:00Z,Colorado State Rams,BYU Cougars,betus,Colorado State Rams,17.5,-105
2026-09-17T03:24:56Z,d3b7a8be0f6c9e50f7afd4005990228b,2026-09-19T23:30:00Z,Colorado State Rams,BYU Cougars,bovada,BYU Cougars,-17.5,-110
2026-09-17T03:24:56Z,d3b7a8be0f6c9e50f7afd4005990228b,2026-09-19T23:30:00Z,Colorado State Rams,BYU Cougars,bovada,Colorado State Rams,17.5,-110
2026-09-17T03:24:56Z,65571f1cab1a260aae4a220e38dbbc1d,2026-09-19T23:30:00Z,Ole Miss Rebels,LSU Tigers,fanduel,LSU Tigers,-2.5,-115
2026-09-17T03:24:56Z,65571f1cab1a260aae4a220e38dbbc1d,2026-09-19T23:30:00Z,Ole Miss Rebels,LSU Tigers,fanduel,Ole Miss Rebels,2.5,-105
2026-09-17T03:24:56Z,65571f1cab1a260aae4a220e38dbbc1d,2026-09-19T23:30:00Z,Ole Miss Rebels,LSU Tigers,betmgm,LSU Tigers,-2.5,-108
2026-09-17T03:24:56Z,65571f1cab1a260aae4a220e38dbbc1d,2026-09-19T23:30:00Z,Ole Miss Rebels,LSU Tigers,betmgm,Ole Miss Rebels,2.5,-110
2026-09-17T03:24:56Z,65571f1cab1a260aae4a220e38dbbc1d,2026-09-19T23:30:00Z,Ole Miss Rebels,LSU Tigers,draftkings,LSU Tigers,-2.5,-115
2026-09-17T03:24:56Z,65571f1cab1a260aae4a220e38dbbc1d,2026-09-19T23:30:00Z,Ole Miss Rebels,LSU Tigers,draftkings,Ole Miss Rebels,2.5,-105
2026-09-17T03:24:56Z,65571f1cab1a260aae4a220e38dbbc1d,2026-09-19T23:30:00Z,Ole Miss Rebels,LSU Tigers,mybookieag,LSU Tigers,-2.5,-110
2026-09-17T03:24:56Z,65571f1cab1a260aae4a220e38dbbc1d,2026-09-19T23:30:00Z,Ole Miss Rebels,LSU Tigers,mybookieag,Ole Miss Rebels,2.5,-110
2026-09-17T03:24:56Z,65571f1cab1a260aae4a220e38dbbc1d,2026-09-19T23:30:00Z,Ole Miss Rebels,LSU Tigers,betrivers,LSU Tigers,-1.5,-113
2026-09-17T03:24:56Z,65571f1cab1a260aae4a220e38dbbc1d,2026-09-19T23:30:00Z,Ole Miss Rebels,LSU Tigers,betrivers,Ole Miss Rebels,1.5,-110
2026-09-17T03:24:56Z,65571f1cab1a260aae4a220e38dbbc1d,2026-09-19T23:30:00Z,Ole Miss Rebels,LSU Tigers,betonlineag,LSU Tigers,-2.5,-110
2026-09-17T03:24:56Z,65571f1cab1a260aae4a220e38dbbc1d,2026-09-19T23:30:00Z,Ole Miss Rebels,LSU Tigers,betonlineag,Ole Miss Rebels,2.5,-110
2026-09-17T03:24:56Z,65571f1cab1a260aae4a220e38dbbc1d,2026-09-19T23:30:00Z,Ole Miss Rebels,LSU Tigers,bovada,LSU Tigers,-2.5,-110
2026-09-17T03:24:56Z,65571f1cab1a260aae4a220e38dbbc1d,2026-09-19T23:30:00Z,Ole Miss Rebels,LSU Tigers,bovada,Ole Miss Rebels,2.5,-110
2026-09-17T03:24:56Z,b7cdc05f280bede1f19b996cc9b95753,2026-09-19T23:30:00Z,Maryland Terrapins,Virginia Tech Hokies,lowvig,Maryland Terrapins,3.0,-101
2026-09-17T03:24:56Z,b7cdc05f280bede1f19b996cc9b95753,2026-09-19T23:30:00Z,Maryland Terrapins,Virginia Tech Hokies,lowvig,Virginia Tech Hokies,-3.0,-111
2026-09-17T03:24:56Z,b7cdc05f280bede1f19b996cc9b95753,2026-09-19T23:30:00Z,Maryland Terrapins,Virginia Tech Hokies,betonlineag,Maryland Terrapins,3.0,-105
2026-09-17T03:24:56Z,b7cdc05f280bede1f19b996cc9b95753,2026-09-19T23:30:00Z,Maryland Terrapins,Virginia Tech Hokies,betonlineag,Virginia Tech Hokies,-3.0,-115
2026-09-17T03:24:56Z,b7cdc05f280bede1f19b996cc9b95753,2026-09-19T23:30:00Z,Maryland Terrapins,Virginia Tech Hokies,betmgm,Maryland Terrapins,3.0,-112
2026-09-17T03:24:56Z,b7cdc05f280bede1f19b996cc9b95753,2026-09-19T23:30:00Z,Maryland Terrapins,Virginia Tech Hokies,betmgm,Virginia Tech Hokies,-3.0,-108
2026-09-17T03:24:56Z,b7cdc05f280bede1f19b996cc9b95753,2026-09-19T23:30:00Z,Maryland Terrapins,Virginia Tech Hokies,betus,Maryland Terrapins,3.0,-105
2026-09-17T03:24:56Z,b7cdc05f280bede1f19b996cc9b95753,2026-09-19T23:30:00Z,Maryland Terrapins,Virginia Tech Hokies,betus,Virginia Tech Hokies,-3.0,-115
2026-09-17T03:24:56Z,b7cdc05f280bede1f19b996cc9b95753,2026-09-19T23:30:00Z,Maryland Terrapins,Virginia Tech Hokies,bovada,Maryland Terrapins,3.0,-110
2026-09-17T03:24:56Z,b7cdc05f280bede1f19b996cc9b95753,2026-09-19T23:30:00Z,Maryland Terrapins,Virginia Tech Hokies,bovada,Virginia Tech Hokies,-3.0,-110
2026-09-17T03:24:56Z,7e3b8cd721f0817d0a6c3111221e8a91,2026-09-19T23:30:00Z,Notre Dame Fighting Irish,Michigan State Spartans,betmgm,Michigan State Spartans,29.0,-110
2026-09-17T03:24:56Z,7e3b8cd721f0817d0a6c3111221e8a91,2026-09-19T23:30:00Z,Notre Dame Fighting Irish,Michigan State Spartans,betmgm,Notre Dame Fighting Irish,-29.0,-108
2026-09-17T03:24:56Z,7e3b8cd721f0817d0a6c3111221e8a91,2026-09-19T23:30:00Z,Notre Dame Fighting Irish,Michigan State Spartans,betrivers,Michigan State Spartans,30.0,-114
2026-09-17T03:24:56Z,7e3b8cd721f0817d0a6c3111221e8a91,2026-09-19T23:30:00Z,Notre Dame Fighting Irish,Michigan State Spartans,betrivers,Notre Dame Fighting Irish,-30.0,-109
2026-09-17T03:24:56Z,7e3b8cd721f0817d0a6c3111221e8a91,2026-09-19T23:30:00Z,Notre Dame Fighting Irish,Michigan State Spartans,lowvig,Michigan State Spartans,29.0,-108
2026-09-17T03:24:56Z,7e3b8cd721f0817d0a6c3111221e8a91,2026-09-19T23:30:00Z,Notre Dame Fighting Irish,Michigan State Spartans,lowvig,Notre Dame Fighting Irish,-29.0,-104
2026-09-17T03:24:56Z,7e3b8cd721f0817d0a6c3111221e8a91,2026-09-19T23:30:00Z,Notre Dame Fighting Irish,Michigan State Spartans,betonlineag,Michigan State Spartans,29.0,-112
2026-09-17T03:24:56Z,7e3b8cd721f0817d0a6c3111221e8a91,2026-09-19T23:30:00Z,Notre Dame Fighting Irish,Michigan State Spartans,betonlineag,Notre Dame Fighting Irish,-29.0,-108
2026-09-17T03:24:56Z,7e3b8cd721f0817d0a6c3111221e8a91,2026-09-19T23:30:00Z,Notre Dame Fighting Irish,Michigan State Spartans,betus,Michigan State Spartans,29.0,-110
2026-09-17T03:24:56Z,7e3b8cd721f0817d0a6c3111221e8a91,2026-09-19T23:30:00Z,Notre Dame Fighting Irish,Michigan State Spartans,betus,Notre Dame Fighting Irish,-29.0,-110
2026-09-17T03:24:56Z,7e3b8cd721f0817d0a6c3111221e8a91,2026-09-19T23:30:00Z,Notre Dame Fighting Irish,Michigan State Spartans,bovada,Michigan State Spartans,30.0,-120
2026-09-17T03:24:56Z,7e3b8cd721f0817d0a6c3111221e8a91,2026-09-19T23:30:00Z,Notre Dame Fighting Irish,Michigan State Spartans,bovada,Notre Dame Fighting Irish,-30.0,100
2026-09-17T03:24:56Z,47892b65c28a830d83bbe465b070ce01,2026-09-19T23:30:00Z,Oklahoma Sooners,New Mexico Lobos,draftkings,New Mexico Lobos,21.5,-110
2026-09-17T03:24:56Z,47892b65c28a830d83bbe465b070ce01,2026-09-19T23:30:00Z,Oklahoma Sooners,New Mexico Lobos,draftkings,Oklahoma Sooners,-21.5,-110
2026-09-17T03:24:56Z,47892b65c28a830d83bbe465b070ce01,2026-09-19T23:30:00Z,Oklahoma Sooners,New Mexico Lobos,lowvig,New Mexico Lobos,21.5,-106
2026-09-17T03:24:56Z,47892b65c28a830d83bbe465b070ce01,2026-09-19T23:30:00Z,Oklahoma Sooners,New Mexico Lobos,lowvig,Oklahoma Sooners,-21.5,-106
2026-09-17T03:24:56Z,47892b65c28a830d83bbe465b070ce01,2026-09-19T23:30:00Z,Oklahoma Sooners,New Mexico Lobos,betonlineag,New Mexico Lobos,21.5,-110
2026-09-17T03:24:56Z,47892b65c28a830d83bbe465b070ce01,2026-09-19T23:30:00Z,Oklahoma Sooners,New Mexico Lobos,betonlineag,Oklahoma Sooners,-21.5,-110
2026-09-17T03:24:56Z,47892b65c28a830d83bbe465b070ce01,2026-09-19T23:30:00Z,Oklahoma Sooners,New Mexico Lobos,betmgm,New Mexico Lobos,22.0,-108
2026-09-17T03:24:56Z,47892b65c28a830d83bbe465b070ce01,2026-09-19T23:30:00Z,Oklahoma Sooners,New Mexico Lobos,betmgm,Oklahoma Sooners,-22.0,-110
2026-09-17T03:24:56Z,47892b65c28a830d83bbe465b070ce01,2026-09-19T23:30:00Z,Oklahoma Sooners,New Mexico Lobos,betus,New Mexico Lobos,22.0,-110
2026-09-17T03:24:56Z,47892b65c28a830d83bbe465b070ce01,2026-09-19T23:30:00Z,Oklahoma Sooners,New Mexico Lobos,betus,Oklahoma Sooners,-22.0,-110
2026-09-17T03:24:56Z,eda972dc55ded05916deafa37efab9c3,2026-09-19T23:30:00Z,West Virginia Mountaineers,Virginia Cavaliers,draftkings,Virginia Cavaliers,-10.5,-108
2026-09-17T03:24:56Z,eda972dc55ded05916deafa37efab9c3,2026-09-19T23:30:00Z,West Virginia Mountaineers,Virginia Cavaliers,draftkings,West Virginia Mountaineers,10.5,-112
2026-09-17T03:24:56Z,eda972dc55ded05916deafa37efab9c3,2026-09-19T23:30:00Z,West Virginia Mountaineers,Virginia Cavaliers,betrivers,Virginia Cavaliers,-10.5,-112
2026-09-17T03:24:56Z,eda972dc55ded05916deafa37efab9c3,2026-09-19T23:30:00Z,West Virginia Mountaineers,Virginia Cavaliers,betrivers,West Virginia Mountaineers,10.5,-112
2026-09-17T03:24:56Z,eda972dc55ded05916deafa37efab9c3,2026-09-19T23:30:00Z,West Virginia Mountaineers,Virginia Cavaliers,betus,Virginia Cavaliers,-11.0,-110
2026-09-17T03:24:56Z,eda972dc55ded05916deafa37efab9c3,2026-09-19T23:30:00Z,West Virginia Mountaineers,Virginia Cavaliers,betus,West Virginia Mountaineers,11.0,-110
2026-09-17T03:24:56Z,cc6953f45fe5acfc853fdf5e5e28a0e7,2026-09-19T23:45:00Z,Tennessee Volunteers,Kennesaw State Owls,draftkings,Kennesaw State Owls,34.5,-102
2026-09-17T03:24:56Z,cc6953f45fe5acfc853fdf5e5e28a0e7,2026-09-19T23:45:00Z,Tennessee Volunteers,Kennesaw State Owls,draftkings,Tennessee Volunteers,-34.5,-118
2026-09-17T03:24:56Z,cc6953f45fe5acfc853fdf5e5e28a0e7,2026-09-19T23:45:00Z,Tennessee Volunteers,Kennesaw State Owls,lowvig,Kennesaw State Owls,35.0,-111
2026-09-17T03:24:56Z,cc6953f45fe5acfc853fdf5e5e28a0e7,2026-09-19T23:45:00Z,Tennessee Volunteers,Kennesaw State Owls,lowvig,Tennessee Volunteers,-35.0,-101
2026-09-17T03:24:56Z,cc6953f45fe5acfc853fdf5e5e28a0e7,2026-09-19T23:45:00Z,Tennessee Volunteers,Kennesaw State Owls,betonlineag,Kennesaw State Owls,35.0,-115
2026-09-17T03:24:56Z,cc6953f45fe5acfc853fdf5e5e28a0e7,2026-09-19T23:45:00Z,Tennessee Volunteers,Kennesaw State Owls,betonlineag,Tennessee Volunteers,-35.0,-105
2026-09-17T03:24:56Z,cc6953f45fe5acfc853fdf5e5e28a0e7,2026-09-19T23:45:00Z,Tennessee Volunteers,Kennesaw State Owls,betmgm,Kennesaw State Owls,35.5,-112
2026-09-17T03:24:56Z,cc6953f45fe5acfc853fdf5e5e28a0e7,2026-09-19T23:45:00Z,Tennessee Volunteers,Kennesaw State Owls,betmgm,Tennessee Volunteers,-35.5,-105
2026-09-17T03:24:56Z,cc6953f45fe5acfc853fdf5e5e28a0e7,2026-09-19T23:45:00Z,Tennessee Volunteers,Kennesaw State Owls,betus,Kennesaw State Owls,35.0,-115
2026-09-17T03:24:56Z,cc6953f45fe5acfc853fdf5e5e28a0e7,2026-09-19T23:45:00Z,Tennessee Volunteers,Kennesaw State Owls,betus,Tennessee Volunteers,-35.0,-105
2026-09-17T03:24:56Z,cc6953f45fe5acfc853fdf5e5e28a0e7,2026-09-19T23:45:00Z,Tennessee Volunteers,Kennesaw State Owls,bovada,Kennesaw State Owls,35.5,-115
2026-09-17T03:24:56Z,cc6953f45fe5acfc853fdf5e5e28a0e7,2026-09-19T23:45:00Z,Tennessee Volunteers,Kennesaw State Owls,bovada,Tennessee Volunteers,-35.5,-105
2026-09-17T03:24:56Z,a64b980a572375c0cc1adba3c3fc2811,2026-09-20T00:00:00Z,TCU Horned Frogs,Arkansas State Red Wolves,draftkings,Arkansas State Red Wolves,20.5,-112
2026-09-17T03:24:56Z,a64b980a572375c0cc1adba3c3fc2811,2026-09-20T00:00:00Z,TCU Horned Frogs,Arkansas State Red Wolves,draftkings,TCU Horned Frogs,-20.5,-108
2026-09-17T03:24:56Z,a64b980a572375c0cc1adba3c3fc2811,2026-09-20T00:00:00Z,TCU Horned Frogs,Arkansas State Red Wolves,lowvig,Arkansas State Red Wolves,20.0,-115
2026-09-17T03:24:56Z,a64b980a572375c0cc1adba3c3fc2811,2026-09-20T00:00:00Z,TCU Horned Frogs,Arkansas State Red Wolves,lowvig,TCU Horned Frogs,-20.0,103
2026-09-17T03:24:56Z,a64b980a572375c0cc1adba3c3fc2811,2026-09-20T00:00:00Z,TCU Horned Frogs,Arkansas State Red Wolves,betmgm,Arkansas State Red Wolves,20.0,-110
2026-09-17T03:24:56Z,a64b980a572375c0cc1adba3c3fc2811,2026-09-20T00:00:00Z,TCU Horned Frogs,Arkansas State Red Wolves,betmgm,TCU Horned Frogs,-20.0,-108
2026-09-17T03:24:56Z,828ceb39d7fd7da80c98174ae5f02dcd,2026-09-20T00:00:00Z,Louisiana Ragin Cajuns,UAB Blazers,draftkings,Louisiana Ragin Cajuns,-7.5,-115
2026-09-17T03:24:56Z,828ceb39d7fd7da80c98174ae5f02dcd,2026-09-20T00:00:00Z,Louisiana Ragin Cajuns,UAB Blazers,draftkings,UAB Blazers,7.5,-105
2026-09-17T03:24:56Z,828ceb39d7fd7da80c98174ae5f02dcd,2026-09-20T00:00:00Z,Louisiana Ragin Cajuns,UAB Blazers,lowvig,Louisiana Ragin Cajuns,-8.0,-106
2026-09-17T03:24:56Z,828ceb39d7fd7da80c98174ae5f02dcd,2026-09-20T00:00:00Z,Louisiana Ragin Cajuns,UAB Blazers,lowvig,UAB Blazers,8.0,-106
2026-09-17T03:24:56Z,828ceb39d7fd7da80c98174ae5f02dcd,2026-09-20T00:00:00Z,Louisiana Ragin Cajuns,UAB Blazers,betonlineag,Louisiana Ragin Cajuns,-8.0,-110
2026-09-17T03:24:56Z,828ceb39d7fd7da80c98174ae5f02dcd,2026-09-20T00:00:00Z,Louisiana Ragin Cajuns,UAB Blazers,betonlineag,UAB Blazers,8.0,-110
2026-09-17T03:24:56Z,828ceb39d7fd7da80c98174ae5f02dcd,2026-09-20T00:00:00Z,Louisiana Ragin Cajuns,UAB Blazers,betmgm,Louisiana Ragin Cajuns,-8.0,-108
2026-09-17T03:24:56Z,828ceb39d7fd7da80c98174ae5f02dcd,2026-09-20T00:00:00Z,Louisiana Ragin Cajuns,UAB Blazers,betmgm,UAB Blazers,8.0,-110
2026-09-17T03:24:56Z,828ceb39d7fd7da80c98174ae5f02dcd,2026-09-20T00:00:00Z,Louisiana Ragin Cajuns,UAB Blazers,mybookieag,Louisiana Ragin Cajuns,-7.5,-110
2026-09-17T03:24:56Z,828ceb39d7fd7da80c98174ae5f02dcd,2026-09-20T00:00:00Z,Louisiana Ragin Cajuns,UAB Blazers,mybookieag,UAB Blazers,7.5,-110
2026-09-17T03:24:56Z,828ceb39d7fd7da80c98174ae5f02dcd,2026-09-20T00:00:00Z,Louisiana Ragin Cajuns,UAB Blazers,bovada,Louisiana Ragin Cajuns,-8.0,-110
2026-09-17T03:24:56Z,828ceb39d7fd7da80c98174ae5f02dcd,2026-09-20T00:00:00Z,Louisiana Ragin Cajuns,UAB Blazers,bovada,UAB Blazers,8.0,-110
2026-09-17T03:24:56Z,6059b05ef23d08d9033bd7b5fe38e5d0,2026-09-20T00:00:00Z,Texas Longhorns,UTSA Roadrunners,betrivers,Texas Longhorns,-30.5,-115
2026-09-17T03:24:56Z,6059b05ef23d08d9033bd7b5fe38e5d0,2026-09-20T00:00:00Z,Texas Longhorns,UTSA Roadrunners,betrivers,UTSA Roadrunners,30.5,-108
2026-09-17T03:24:56Z,6d109b8538a3588ad21a393896d32efc,2026-09-20T02:00:00Z,Boise State Broncos,South Dakota Coyotes,betrivers,Boise State Broncos,-24.5,-110
2026-09-17T03:24:56Z,6d109b8538a3588ad21a393896d32efc,2026-09-20T02:00:00Z,Boise State Broncos,South Dakota Coyotes,betrivers,South Dakota Coyotes,24.5,-113
2026-09-17T03:24:56Z,93de8127b5d37170dff2b88deca0b95e,2026-09-20T02:30:00Z,Arizona Wildcats,Northern Illinois Huskies,draftkings,Arizona Wildcats,-33.5,-115
2026-09-17T03:24:56Z,93de8127b5d37170dff2b88deca0b95e,2026-09-20T02:30:00Z,Arizona Wildcats,Northern Illinois Huskies,draftkings,Northern Illinois Huskies,33.5,-105
2026-09-17T03:24:56Z,93de8127b5d37170dff2b88deca0b95e,2026-09-20T02:30:00Z,Arizona Wildcats,Northern Illinois Huskies,betmgm,Arizona Wildcats,-34.0,-110
2026-09-17T03:24:56Z,93de8127b5d37170dff2b88deca0b95e,2026-09-20T02:30:00Z,Arizona Wildcats,Northern Illinois Huskies,betmgm,Northern Illinois Huskies,34.0,-108
2026-09-17T03:24:56Z,f6db4e789ff9341a9c94befc751c5f53,2026-09-20T03:00:00Z,San Jose State Spartans,Fresno State Bulldogs,lowvig,Fresno State Bulldogs,-6.5,-101
2026-09-17T03:24:56Z,f6db4e789ff9341a9c94befc751c5f53,2026-09-20T03:00:00Z,San Jose State Spartans,Fresno State Bulldogs,lowvig,San Jose State Spartans,6.5,-111
2026-09-17T03:24:56Z,f6db4e789ff9341a9c94befc751c5f53,2026-09-20T03:00:00Z,San Jose State Spartans,Fresno State Bulldogs,betonlineag,Fresno State Bulldogs,-6.5,-105
2026-09-17T03:24:56Z,f6db4e789ff9341a9c94befc751c5f53,2026-09-20T03:00:00Z,San Jose State Spartans,Fresno State Bulldogs,betonlineag,San Jose State Spartans,6.5,-115
2026-09-17T03:24:56Z,f6db4e789ff9341a9c94befc751c5f53,2026-09-20T03:00:00Z,San Jose State Spartans,Fresno State Bulldogs,betmgm,Fresno State Bulldogs,-6.5,-108
2026-09-17T03:24:56Z,f6db4e789ff9341a9c94befc751c5f53,2026-09-20T03:00:00Z,San Jose State Spartans,Fresno State Bulldogs,betmgm,San Jose State Spartans,6.5,-110
2026-09-17T03:24:56Z,f6db4e789ff9341a9c94befc751c5f53,2026-09-20T03:00:00Z,San Jose State Spartans,Fresno State Bulldogs,betus,Fresno State Bulldogs,-6.5,-105
2026-09-17T03:24:56Z,f6db4e789ff9341a9c94befc751c5f53,2026-09-20T03:00:00Z,San Jose State Spartans,Fresno State Bulldogs,betus,San Jose State Spartans,6.5,-115
2026-09-17T03:24:56Z,f6db4e789ff9341a9c94befc751c5f53,2026-09-20T03:00:00Z,San Jose State Spartans,Fresno State Bulldogs,bovada,Fresno State Bulldogs,-6.5,-110
2026-09-17T03:24:56Z,f6db4e789ff9341a9c94befc751c5f53,2026-09-20T03:00:00Z,San Jose State Spartans,Fresno State Bulldogs,bovada,San Jose State Spartans,6.5,-110
2026-09-17T03:24:56Z,381e5c97af94a83e03eae0ac6f11ed38,2026-09-20T03:00:00Z,Oregon State Beavers,Montana Grizzlies,betrivers,Montana Grizzlies,17.5,-109
2026-09-17T03:24:56Z,381e5c97af94a83e03eae0ac6f11ed38,2026-09-20T03:00:00Z,Oregon State Beavers,Montana Grizzlies,betrivers,Oregon State Beavers,-17.5,-114
2026-09-17T03:24:56Z,7a6a2035bf5d7abd30d6cc8b76d59e3e,2026-09-20T03:00:00Z,UCLA Bruins,Purdue Boilermakers,betmgm,Purdue Boilermakers,14.0,-110
2026-09-17T10:57:09Z,f06e90b4212fb514f3564ded9f190107,2026-09-17T23:30:00Z,Pittsburgh Panthers,Syracuse Orange,fanduel,Pittsburgh Panthers,-9.5,-120
2026-09-17T10:57:09Z,f06e90b4212fb514f3564ded9f190107,2026-09-17T23:30:00Z,Pittsburgh Panthers,Syracuse Orange,fanduel,Syracuse Orange,9.5,-102
2026-09-17T10:57:09Z,f06e90b4212fb514f3564ded9f190107,2026-09-17T23:30:00Z,Pittsburgh Panthers,Syracuse Orange,betmgm,Pittsburgh Panthers,-10.5,-108
2026-09-17T10:57:09Z,720451b07d54e435c9be484ef73ea211,2026-09-18T23:30:00Z,Wake Forest Demon Deacons,Miami Hurricanes,betmgm,Miami Hurricanes,-20.5,-112
2026-09-17T10:57:09Z,7311bf775464ae97893928e22512bb47,2026-09-19T00:00:00Z,Texas Tech Red Raiders,Houston Cougars,mybookieag,Houston Cougars,7.5,-110
2026-09-17T10:57:09Z,7311bf775464ae97893928e22512bb47,2026-09-19T00:00:00Z,Texas Tech Red Raiders,Houston Cougars,mybookieag,Texas Tech Red Raiders,-7.5,-110
2026-09-17T10:57:09Z,7311bf775464ae97893928e22512bb47,2026-09-19T00:00:00Z,Texas Tech Red Raiders,Houston Cougars,draftkings,Houston Cougars,7.5,-110
2026-09-17T10:57:09Z,7311bf775464ae97893928e22512bb47,2026-09-19T00:00:00Z,Texas Tech Red Raiders,Houston Cougars,draftkings,Texas Tech Red Raiders,-7.5,-110
2026-09-17T10:57:09Z,7311bf775464ae97893928e22512bb47,2026-09-19T00:00:00Z,Texas Tech Red Raiders,Houston Cougars,betmgm,Houston Cougars,7.5,-110
2026-09-17T10:57:09Z,7311bf775464ae97893928e22512bb47,2026-09-19T00:00:00Z,Texas Tech Red Raiders,Houston Cougars,betmgm,Texas Tech Red Raiders,-7.5,-108
2026-09-17T10:57:09Z,529a333381665c34d05b290d2c9eb5b9,2026-09-19T15:30:00Z,Delaware Blue Hens,Coastal Carolina Chanticleers,betrivers,Coastal Carolina Chanticleers,4.5,-113
2026-09-17T10:57:09Z,529a333381665c34d05b290d2c9eb5b9,2026-09-19T15:30:00Z,Delaware Blue Hens,Coastal Carolina Chanticleers,betrivers,Delaware Blue Hens,-4.5,-110
2026-09-17T10:57:09Z,529a333381665c34d05b290d2c9eb5b9,2026-09-19T15:30:00Z,Delaware Blue Hens,Coastal Carolina Chanticleers,betmgm,Delaware Blue Hens,-4.5,-108
2026-09-17T10:57:09Z,529a333381665c34d05b290d2c9eb5b9,2026-09-19T15:30:00Z,Delaware Blue Hens,Coastal Carolina Chanticleers,mybookieag,Coastal Carolina Chanticleers,4.5,-110
2026-09-17T10:57:09Z,529a333381665c34d05b290d2c9eb5b9,2026-09-19T15:30:00Z,Delaware Blue Hens,Coastal Carolina Chanticleers,mybookieag,Delaware Blue Hens,-4.5,-110
2026-09-17T10:57:09Z,529a333381665c34d05b290d2c9eb5b9,2026-09-19T15:30:00Z,Delaware Blue Hens,Coastal Carolina Chanticleers,bovada,Coastal Carolina Chanticleers,4.5,-110
2026-09-17T10:57:09Z,529a333381665c34d05b290d2c9eb5b9,2026-09-19T15:30:00Z,Delaware Blue Hens,Coastal Carolina Chanticleers,bovada,Delaware Blue Hens,-4.5,-110
2026-09-17T10:57:09Z,5bc9efd5f27827a26c1cf8744bb8c2b1,2026-09-19T16:00:00Z,Minnesota Golden Gophers,Akron Zips,draftkings,Akron Zips,23.5,-115
2026-09-17T10:57:09Z,5bc9efd5f27827a26c1cf8744bb8c2b1,2026-09-19T16:00:00Z,Minnesota Golden Gophers,Akron Zips,draftkings,Minnesota Golden Gophers,-23.5,-105
2026-09-17T10:57:09Z,5bc9efd5f27827a26c1cf8744bb8c2b1,2026-09-19T16:00:00Z,Minnesota Golden Gophers,Akron Zips,lowvig,Akron Zips,23.5,-112
2026-09-17T10:57:09Z,5bc9efd5f27827a26c1cf8744bb8c2b1,2026-09-19T16:00:00Z,Minnesota Golden Gophers,Akron Zips,lowvig,Minnesota Golden Gophers,-23.5,100
2026-09-17T10:57:09Z,5bc9efd5f27827a26c1cf8744bb8c2b1,2026-09-19T16:00:00Z,Minnesota Golden Gophers,Akron Zips,betonlineag,Akron Zips,23.5,-116
2026-09-17T10:57:09Z,5bc9efd5f27827a26c1cf8744bb8c2b1,2026-09-19T16:00:00Z,Minnesota Golden Gophers,Akron Zips,betonlineag,Minnesota Golden Gophers,-23.5,-104
2026-09-17T10:57:09Z,5bc9efd5f27827a26c1cf8744bb8c2b1,2026-09-19T16:00:00Z,Minnesota Golden Gophers,Akron Zips,betmgm,Akron Zips,23.0,-110
2026-09-17T10:57:09Z,5bc9efd5f27827a26c1cf8744bb8c2b1,2026-09-19T16:00:00Z,Minnesota Golden Gophers,Akron Zips,betmgm,Minnesota Golden Gophers,-23.0,-108
2026-09-17T10:57:09Z,5bc9efd5f27827a26c1cf8744bb8c2b1,2026-09-19T16:00:00Z,Minnesota Golden Gophers,Akron Zips,mybookieag,Akron Zips,23.5,-110
2026-09-17T10:57:09Z,5bc9efd5f27827a26c1cf8744bb8c2b1,2026-09-19T16:00:00Z,Minnesota Golden Gophers,Akron Zips,mybookieag,Minnesota Golden Gophers,-23.5,-110
2026-09-17T10:57:09Z,5bc9efd5f27827a26c1cf8744bb8c2b1,2026-09-19T16:00:00Z,Minnesota Golden Gophers,Akron Zips,betus,Akron Zips,23.5,-115
2026-09-17T10:57:09Z,5bc9efd5f27827a26c1cf8744bb8c2b1,2026-09-19T16:00:00Z,Minnesota Golden Gophers,Akron Zips,betus,Minnesota Golden Gophers,-23.5,-105
2026-09-17T10:57:09Z,01e9c4d460a55375a75d025e2b1ddbf5,2026-09-19T16:00:00Z,Arkansas Razorbacks,Georgia Bulldogs,betrivers,Arkansas Razorbacks,24.5,-112
2026-09-17T10:57:09Z,01e9c4d460a55375a75d025e2b1ddbf5,2026-09-19T16:00:00Z,Arkansas Razorbacks,Georgia Bulldogs,betrivers,Georgia Bulldogs,-24.5,-112
2026-09-17T10:57:09Z,9a69dbd474c6181a4c51f397b9b25d38,2026-09-19T16:00:00Z,Iowa State Cyclones,Bowling Green Falcons,fanduel,Bowling Green Falcons,23.5,-106
2026-09-17T10:57:09Z,9a69dbd474c6181a4c51f397b9b25d38,2026-09-19T16:00:00Z,Iowa State Cyclones,Bowling Green Falcons,fanduel,Iowa State Cyclones,-23.5,-114
2026-09-17T10:57:09Z,9a69dbd474c6181a4c51f397b9b25d38,2026-09-19T16:00:00Z,Iowa State Cyclones,Bowling Green Falcons,betrivers,Bowling Green Falcons,23.0,-109
2026-09-17T10:57:09Z,9a69dbd474c6181a4c51f397b9b25d38,2026-09-19T16:00:00Z,Iowa State Cyclones,Bowling Green Falcons,betrivers,Iowa State Cyclones,-23.0,-114
2026-09-17T10:57:09Z,9a69dbd474c6181a4c51f397b9b25d38,2026-09-19T16:00:00Z,Iowa State Cyclones,Bowling Green Falcons,betmgm,Bowling Green Falcons,24.0,-112
2026-09-17T10:57:09Z,9a69dbd474c6181a4c51f397b9b25d38,2026-09-19T16:00:00Z,Iowa State Cyclones,Bowling Green Falcons,betmgm,Iowa State Cyclones,-24.0,-105
2026-09-17T10:57:09Z,3fe3d77e009a7f205cce737523609a86,2026-09-19T16:00:00Z,Clemson Tigers,North Carolina Tar Heels,draftkings,Clemson Tigers,-3.0,-115
2026-09-17T10:57:09Z,3fe3d77e009a7f205cce737523609a86,2026-09-19T16:00:00Z,Clemson Tigers,North Carolina Tar Heels,draftkings,North Carolina Tar Heels,3.0,-105
2026-09-17T10:57:09Z,3fe3d77e009a7f205cce737523609a86,2026-09-19T16:00:00Z,Clemson Tigers,North Carolina Tar Heels,betmgm,Clemson Tigers,-3.5,-102
2026-09-17T10:57:09Z,3fe3d77e009a7f205cce737523609a86,2026-09-19T16:00:00Z,Clemson Tigers,North Carolina Tar Heels,betmgm,North Carolina Tar Heels,3.5,-118
2026-09-17T10:57:09Z,3514404f321e9cf55f11222c8e36233b,2026-09-19T16:00:00Z,Georgia Tech Yellow Jackets,Mercer Bears,betrivers,Georgia Tech Yellow Jackets,-39.0,-113
2026-09-17T10:57:09Z,3514404f321e9cf55f11222c8e36233b,2026-09-19T16:00:00Z,Georgia Tech Yellow Jackets,Mercer Bears,betrivers,Mercer Bears,39.0,-110
2026-09-17T10:57:09Z,72215c37435df22c87999aa675c675ca,2026-09-19T16:00:00Z,Kansas State Wildcats,Tulane Green Wave,mybookieag,Kansas State Wildcats,-20.5,-110
2026-09-17T10:57:09Z,72215c37435df22c87999aa675c675ca,2026-09-19T16:00:00Z,Kansas State Wildcats,Tulane Green Wave,mybookieag,Tulane Green Wave,20.5,-110
2026-09-17T10:57:09Z,6eee31d7778965a3e617f10146619c1d,2026-09-19T16:00:00Z,Ohio State Buckeyes,Kent State Golden Flashes,betmgm,Kent State Golden Flashes,52.0,-110
2026-09-17T10:57:09Z,6eee31d7778965a3e617f10146619c1d,2026-09-19T16:00:00Z,Ohio State Buckeyes,Kent State Golden Flashes,betmgm,Ohio State Buckeyes,-52.0,-108
2026-09-17T10:57:09Z,6eee31d7778965a3e617f10146619c1d,2026-09-19T16:00:00Z,Ohio State Buckeyes,Kent State Golden Flashes,fanduel,Kent State Golden Flashes,52.5,-108
2026-09-17T10:57:09Z,6eee31d7778965a3e617f10146619c1d,2026-09-19T16:00:00Z,Ohio State Buckeyes,Kent State Golden Flashes,fanduel,Ohio State Buckeyes,-52.5,-112
2026-09-17T10:57:09Z,6eee31d7778965a3e617f10146619c1d,2026-09-19T16:00:00Z,Ohio State Buckeyes,Kent State Golden Flashes,bovada,Kent State Golden Flashes,53.0,-120
2026-09-17T10:57:09Z,6eee31d7778965a3e617f10146619c1d,2026-09-19T16:00:00Z,Ohio State Buckeyes,Kent State Golden Flashes,bovada,Ohio State Buckeyes,-53.0,100
2026-09-17T10:57:09Z,b0cd2e8beaf0dc333daa592a0d3d5c3a,2026-09-19T16:00:00Z,Texas State Bobcats,North Texas Mean Green,betrivers,Texas State Bobcats,-3.0,-107
2026-09-17T10:57:09Z,b0cd2e8beaf0dc333daa592a0d3d5c3a,2026-09-19T16:00:00Z,Texas State Bobcats,North Texas Mean Green,draftkings,North Texas Mean Green,2.5,-102
2026-09-17T10:57:09Z,b0cd2e8beaf0dc333daa592a0d3d5c3a,2026-09-19T16:00:00Z,Texas State Bobcats,North Texas Mean Green,draftkings,Texas State Bobcats,-2.5,-118
2026-09-17T10:57:09Z,b0cd2e8beaf0dc333daa592a0d3d5c3a,2026-09-19T16:00:00Z,Texas State Bobcats,North Texas Mean Green,lowvig,North Texas Mean Green,3.0,-115
2026-09-17T10:57:09Z,b0cd2e8beaf0dc333daa592a0d3d5c3a,2026-09-19T16:00:00Z,Texas State Bobcats,North Texas Mean Green,lowvig,Texas State Bobcats,-3.0,103
2026-09-17T10:57:09Z,b0cd2e8beaf0dc333daa592a0d3d5c3a,2026-09-19T16:00:00Z,Texas State Bobcats,North Texas Mean Green,betonlineag,North Texas Mean Green,3.0,-119
2026-09-17T10:57:09Z,b0cd2e8beaf0dc333daa592a0d3d5c3a,2026-09-19T16:00:00Z,Texas State Bobcats,North Texas Mean Green,betonlineag,Texas State Bobcats,-3.0,-101
2026-09-17T10:57:09Z,b0cd2e8beaf0dc333daa592a0d3d5c3a,2026-09-19T16:00:00Z,Texas State Bobcats,North Texas Mean Green,betmgm,North Texas Mean Green,2.5,-108
2026-09-17T10:57:09Z,b0cd2e8beaf0dc333daa592a0d3d5c3a,2026-09-19T16:00:00Z,Texas State Bobcats,North Texas Mean Green,betmgm,Texas State Bobcats,-2.5,-120
2026-09-17T10:57:09Z,b0cd2e8beaf0dc333daa592a0d3d5c3a,2026-09-19T16:00:00Z,Texas State Bobcats,North Texas Mean Green,betus,North Texas Mean Green,2.5,-110
2026-09-17T10:57:09Z,b0cd2e8beaf0dc333daa592a0d3d5c3a,2026-09-19T16:00:00Z,Texas State Bobcats,North Texas Mean Green,betus,Texas State Bobcats,-2.5,-110
2026-09-17T10:57:09Z,b0cd2e8beaf0dc333daa592a0d3d5c3a,2026-09-19T16:00:00Z,Texas State Bobcats,North Texas Mean Green,bovada,North Texas Mean Green,3.0,-120
2026-09-17T10:57:09Z,b0cd2e8beaf0dc333daa592a0d3d5c3a,2026-09-19T16:00:00Z,Texas State Bobcats,North Texas Mean Green,bovada,Texas State Bobcats,-3.0,100
2026-09-17T10:57:09Z,bd7ae9e585a6595f7d308d45e1bf35e3,2026-09-19T16:30:00Z,Wisconsin Badgers,Eastern Michigan Eagles,betrivers,Eastern Michigan Eagles,23.5,-112
2026-09-17T10:57:09Z,bd7ae9e585a6595f7d308d45e1bf35e3,2026-09-19T16:30:00Z,Wisconsin Badgers,Eastern Michigan Eagles,betrivers,Wisconsin Badgers,-23.5,-112
2026-09-17T10:57:09Z,2e9835b129f8b8055d4a24f736547363,2026-09-19T16:45:00Z,Vanderbilt Commodores,NC State Wolfpack,draftkings,NC State Wolfpack,3.0,-108
2026-09-17T10:57:09Z,2e9835b129f8b8055d4a24f736547363,2026-09-19T16:45:00Z,Vanderbilt Commodores,NC State Wolfpack,draftkings,Vanderbilt Commodores,-3.0,-112
2026-09-17T10:57:09Z,2e9835b129f8b8055d4a24f736547363,2026-09-19T16:45:00Z,Vanderbilt Commodores,NC State Wolfpack,betmgm,NC State Wolfpack,3.0,-102
2026-09-17T10:57:09Z,08a2eb7afbd58ee7a8fb47bb4142eded,2026-09-19T18:00:00Z,Boston College Eagles,Maine Black Bears,fanduel,Boston College Eagles,-37.5,-114
2026-09-17T10:57:09Z,08a2eb7afbd58ee7a8fb47bb4142eded,2026-09-19T18:00:00Z,Boston College Eagles,Maine Black Bears,fanduel,Maine Black Bears,37.5,-106
2026-09-17T10:57:09Z,578e82a8bc67101e9eba884729ffcc69,2026-09-19T18:00:00Z,Illinois Fighting Illini,Southern Illinois Salukis,betrivers,Illinois Fighting Illini,-39.0,-114
2026-09-17T10:57:09Z,578e82a8bc67101e9eba884729ffcc69,2026-09-19T18:00:00Z,Illinois Fighting Illini,Southern Illinois Salukis,betrivers,Southern Illinois Salukis,39.0,-109
2026-09-17T10:57:09Z,ea8b0414ff464255eef426fd61427030,2026-09-19T19:00:00Z,Toledo Rockets,Temple Owls,draftkings,Temple Owls,6.0,-112
2026-09-17T10:57:09Z,ea8b0414ff464255eef426fd61427030,2026-09-19T19:00:00Z,Toledo Rockets,Temple Owls,draftkings,Toledo Rockets,-6.0,-108
2026-09-17T10:57:09Z,ea8b0414ff464255eef426fd61427030,2026-09-19T19:00:00Z,Toledo Rockets,Temple Owls,betmgm,Temple Owls,6.0,-110
2026-09-17T10:57:09Z,ea8b0414ff464255eef426fd61427030,2026-09-19T19:00:00Z,Toledo Rockets,Temple Owls,betmgm,Toledo Rockets,-6.0,-108
2026-09-17T10:57:09Z,a85cea77fbd44d9135461815777f6a9c,2026-09-19T19:30:00Z,Alabama Crimson Tide,Florida State Seminoles,betmgm,Alabama Crimson Tide,-19.0,-115
2026-09-17T10:57:09Z,a85cea77fbd44d9135461815777f6a9c,2026-09-19T19:30:00Z,Alabama Crimson Tide,Florida State Seminoles,betmgm,Florida State Seminoles,19.0,-115
2026-09-17T10:57:09Z,a85cea77fbd44d9135461815777f6a9c,2026-09-19T19:30:00Z,Alabama Crimson Tide,Florida State Seminoles,lowvig,Alabama Crimson Tide,-18.5,-111
2026-09-17T10:57:09Z,a85cea77fbd44d9135461815777f6a9c,2026-09-19T19:30:00Z,Alabama Crimson Tide,Florida State Seminoles,lowvig,Florida State Seminoles,18.5,-101
2026-09-17T10:57:09Z,a85cea77fbd44d9135461815777f6a9c,2026-09-19T19:30:00Z,Alabama Crimson Tide,Florida State Seminoles,betonlineag,Alabama Crimson Tide,-18.5,-115
2026-09-17T10:57:09Z,a85cea77fbd44d9135461815777f6a9c,2026-09-19T19:30:00Z,Alabama Crimson Tide,Florida State Seminoles,betonlineag,Florida State Seminoles,18.5,-105
2026-09-17T10:57:09Z,a85cea77fbd44d9135461815777f6a9c,2026-09-19T19:30:00Z,Alabama Crimson Tide,Florida State Seminoles,betus,Alabama Crimson Tide,-18.5,-115
2026-09-17T10:57:09Z,a85cea77fbd44d9135461815777f6a9c,2026-09-19T19:30:00Z,Alabama Crimson Tide,Florida State Seminoles,betus,Florida State Seminoles,18.5,-105
2026-09-17T10:57:09Z,d2da9e958e6f4800929ff9411b697a4b,2026-09-19T19:30:00Z,Texas A&M Aggies,Kentucky Wildcats,draftkings,Kentucky Wildcats,17.5,-118
2026-09-17T10:57:09Z,d2da9e958e6f4800929ff9411b697a4b,2026-09-19T19:30:00Z,Texas A&M Aggies,Kentucky Wildcats,draftkings,Texas A&M Aggies,-17.5,-102
2026-09-17T10:57:09Z,dbcfc3184e20d1ea45e910b89585071f,2026-09-19T19:30:00Z,Louisville Cardinals,SMU Mustangs,betrivers,Louisville Cardinals,-2.0,-110
2026-09-17T10:57:09Z,dbcfc3184e20d1ea45e910b89585071f,2026-09-19T19:30:00Z,Louisville Cardinals,SMU Mustangs,betrivers,SMU Mustangs,2.0,-113
2026-09-17T10:57:09Z,f9b0ff34657875b54ee16b8254168159,2026-09-19T19:30:00Z,Michigan Wolverines,UTEP Miners,fanduel,Michigan Wolverines,-35.5,-108
2026-09-17T10:57:09Z,f9b0ff34657875b54ee16b8254168159,2026-09-19T19:30:00Z,Michigan Wolverines,UTEP Miners,fanduel,UTEP Miners,35.5,-112
2026-09-17T10:57:09Z,f9b0ff34657875b54ee16b8254168159,2026-09-19T19:30:00Z,Michigan Wolverines,UTEP Miners,draftkings,Michigan Wolverines,-34.5,-118
2026-09-17T10:57:09Z,f9b0ff34657875b54ee16b8254168159,2026-09-19T19:30:00Z,Michigan Wolverines,UTEP Miners,draftkings,UTEP Miners,34.5,-102
2026-09-17T10:57:09Z,f9b0ff34657875b54ee16b8254168159,2026-09-19T19:30:00Z,Michigan Wolverines,UTEP Miners,betmgm,Michigan Wolverines,-35.5,-118
2026-09-17T10:57:09Z,f9b0ff34657875b54ee16b8254168159,2026-09-19T19:30:00Z,Michigan Wolverines,UTEP Miners,betmgm,UTEP Miners,35.5,-112
2026-09-17T10:57:09Z,8b31d45a11a98ec8e6a9a9a5368a1bf4,2026-09-19T19:30:00Z,Rutgers Scarlet Knights,USC Trojans,draftkings,Rutgers Scarlet Knights,22.5,-112
2026-09-17T10:57:09Z,8b31d45a11a98ec8e6a9a9a5368a1bf4,2026-09-19T19:30:00Z,Rutgers Scarlet Knights,USC Trojans,draftkings,USC Trojans,-22.5,-108
2026-09-17T10:57:09Z,8b31d45a11a98ec8e6a9a9a5368a1bf4,2026-09-19T19:30:00Z,Rutgers Scarlet Knights,USC Trojans,lowvig,Rutgers Scarlet Knights,22.5,-111
2026-09-17T10:57:09Z,8b31d45a11a98ec8e6a9a9a5368a1bf4,2026-09-19T19:30:00Z,Rutgers Scarlet Knights,USC Trojans,lowvig,USC Trojans,-22.5,-101
2026-09-17T10:57:09Z,8b31d45a11a98ec8e6a9a9a5368a1bf4,2026-09-19T19:30:00Z,Rutgers Scarlet Knights,USC Trojans,betonlineag,Rutgers Scarlet Knights,22.5,-115
2026-09-17T10:57:09Z,8b31d45a11a98ec8e6a9a9a5368a1bf4,2026-09-19T19:30:00Z,Rutgers Scarlet Knights,USC Trojans,betonlineag,USC Trojans,-22.5,-105
2026-09-17T10:57:09Z,8b31d45a11a98ec8e6a9a9a5368a1bf4,2026-09-19T19:30:00Z,Rutgers Scarlet Knights,USC Trojans,betrivers,Rutgers Scarlet Knights,23.5,-109
2026-09-17T10:57:09Z,8b31d45a11a98ec8e6a9a9a5368a1bf4,2026-09-19T19:30:00Z,Rutgers Scarlet Knights,USC Trojans,betrivers,USC Trojans,-23.5,-114
2026-09-17T10:57:09Z,8b31d45a11a98ec8e6a9a9a5368a1bf4,2026-09-19T19:30:00Z,Rutgers Scarlet Knights,USC Trojans,betmgm,Rutgers Scarlet Knights,22.5,-110
2026-09-17T10:57:09Z,8b31d45a11a98ec8e6a9a9a5368a1bf4,2026-09-19T19:30:00Z,Rutgers Scarlet Knights,USC Trojans,betmgm,USC Trojans,-22.5,-108
2026-09-17T10:57:09Z,8b31d45a11a98ec8e6a9a9a5368a1bf4,2026-09-19T19:30:00Z,Rutgers Scarlet Knights,USC Trojans,mybookieag,Rutgers Scarlet Knights,22.5,-110
2026-09-17T10:57:09Z,8b31d45a11a98ec8e6a9a9a5368a1bf4,2026-09-19T19:30:00Z,Rutgers Scarlet Knights,USC Trojans,mybookieag,USC Trojans,-22.5,-110
2026-09-17T10:57:09Z,8b31d45a11a98ec8e6a9a9a5368a1bf4,2026-09-19T19:30:00Z,Rutgers Scarlet Knights,USC Trojans,betus,Rutgers Scarlet Knights,22.5,-115
2026-09-17T10:57:09Z,8b31d45a11a98ec8e6a9a9a5368a1bf4,2026-09-19T19:30:00Z,Rutgers Scarlet Knights,USC Trojans,betus,USC Trojans,-22.5,-105
2026-09-17T10:57:09Z,8b31d45a11a98ec8e6a9a9a5368a1bf4,2026-09-19T19:30:00Z,Rutgers Scarlet Knights,USC Trojans,bovada,Rutgers Scarlet Knights,23.0,-115
2026-09-17T10:57:09Z,8b31d45a11a98ec8e6a9a9a5368a1bf4,2026-09-19T19:30:00Z,Rutgers Scarlet Knights,USC Trojans,bovada,USC Trojans,-23.0,-105
2026-09-17T10:57:09Z,a25ab1dfd8fdb11a06a6a4b5c707d266,2026-09-19T19:30:00Z,UMass Minutemen,Stonehill Skyhawks,fanduel,Stonehill Skyhawks,33.5,-112
2026-09-17T10:57:09Z,a25ab1dfd8fdb11a06a6a4b5c707d266,2026-09-19T19:30:00Z,UMass Minutemen,Stonehill Skyhawks,fanduel,UMass Minutemen,-33.5,-108
2026-09-17T10:57:09Z,a25ab1dfd8fdb11a06a6a4b5c707d266,2026-09-19T19:30:00Z,UMass Minutemen,Stonehill Skyhawks,betrivers,Stonehill Skyhawks,34.0,-110
2026-09-17T10:57:09Z,a25ab1dfd8fdb11a06a6a4b5c707d266,2026-09-19T19:30:00Z,UMass Minutemen,Stonehill Skyhawks,betrivers,UMass Minutemen,-34.0,-113
2026-09-17T10:57:09Z,089e1a60578160dd6828794656461ba5,2026-09-19T20:00:00Z,Liberty Flames,Ball State Cardinals,mybookieag,Ball State Cardinals,14.0,-110
2026-09-17T10:57:09Z,089e1a60578160dd6828794656461ba5,2026-09-19T20:00:00Z,Liberty Flames,Ball State Cardinals,mybookieag,Liberty Flames,-14.0,-110
2026-09-17T10:57:09Z,790266884d07b6c2aeed8efc216ba610,2026-09-19T20:00:00Z,Baylor Bears,Louisiana Tech Bulldogs,lowvig,Baylor Bears,-19.5,-101
2026-09-17T10:57:09Z,790266884d07b6c2aeed8efc216ba610,2026-09-19T20:00:00Z,Baylor Bears,Louisiana Tech Bulldogs,lowvig,Louisiana Tech Bulldogs,19.5,-111
2026-09-17T10:57:09Z,790266884d07b6c2aeed8efc216ba610,2026-09-19T20:00:00Z,Baylor Bears,Louisiana Tech Bulldogs,betonlineag,Baylor Bears,-19.5,-105
2026-09-17T10:57:09Z,790266884d07b6c2aeed8efc216ba610,2026-09-19T20:00:00Z,Baylor Bears,Louisiana Tech Bulldogs,betonlineag,Louisiana Tech Bulldogs,19.5,-115
2026-09-17T10:57:09Z,790266884d07b6c2aeed8efc216ba610,2026-09-19T20:00:00Z,Baylor Bears,Louisiana Tech Bulldogs,betmgm,Baylor Bears,-19.0,-110
2026-09-17T10:57:09Z,790266884d07b6c2aeed8efc216ba610,2026-09-19T20:00:00Z,Baylor Bears,Louisiana Tech Bulldogs,betmgm,Louisiana Tech Bulldogs,19.0,-108
2026-09-17T10:57:09Z,790266884d07b6c2aeed8efc216ba610,2026-09-19T20:00:00Z,Baylor Bears,Louisiana Tech Bulldogs,betus,Baylor Bears,-19.5,-105
2026-09-17T10:57:09Z,790266884d07b6c2aeed8efc216ba610,2026-09-19T20:00:00Z,Baylor Bears,Louisiana Tech Bulldogs,betus,Louisiana Tech Bulldogs,19.5,-115
2026-09-17T10:57:09Z,3db3de2fb9101f01f676c1f319837667,2026-09-19T22:00:00Z,Appalachian State Mountaineers,Charlotte 49ers,betrivers,Appalachian State Mountaineers,-18.0,-108
2026-09-17T10:57:09Z,3db3de2fb9101f01f676c1f319837667,2026-09-19T22:00:00Z,Appalachian State Mountaineers,Charlotte 49ers,betrivers,Charlotte 49ers,18.0,-115
2026-09-17T10:57:09Z,da4cee8b35281f4528d3dd939d42814d,2026-09-19T22:00:00Z,Florida Atlantic Owls,Florida International Panthers,betrivers,Florida Atlantic Owls,-6.5,-113
2026-09-17T10:57:09Z,da4cee8b35281f4528d3dd939d42814d,2026-09-19T22:00:00Z,Florida Atlantic Owls,Florida International Panthers,betrivers,Florida International Panthers,6.5,-110
2026-09-17T10:57:09Z,fa9113ed354c9a40e487f5b923b4238f,2026-09-19T22:30:00Z,Missouri State Bears,Marshall Thundering Herd,draftkings,Marshall Thundering Herd,-4.0,-112
2026-09-17T10:57:09Z,fa9113ed354c9a40e487f5b923b4238f,2026-09-19T22:30:00Z,Missouri State Bears,Marshall Thundering Herd,draftkings,Missouri State Bears,4.0,-108
2026-09-17T10:57:09Z,fa9113ed354c9a40e487f5b923b4238f,2026-09-19T22:30:00Z,Missouri State Bears,Marshall Thundering Herd,betrivers,Marshall Thundering Herd,-4.5,-110
2026-09-17T10:57:09Z,fa9113ed354c9a40e487f5b923b4238f,2026-09-19T22:30:00Z,Missouri State Bears,Marshall Thundering Herd,betrivers,Missouri State Bears,4.5,-113
2026-09-17T10:57:09Z,fa9113ed354c9a40e487f5b923b4238f,2026-09-19T22:30:00Z,Missouri State Bears,Marshall Thundering Herd,betmgm,Marshall Thundering Herd,-4.0,-110
2026-09-17T10:57:09Z,fa9113ed354c9a40e487f5b923b4238f,2026-09-19T22:30:00Z,Missouri State Bears,Marshall Thundering Herd,betmgm,Missouri State Bears,4.0,-108
2026-09-17T10:57:09Z,4a9e833f32775e201ee648c51840df85,2026-09-19T23:00:00Z,UCF Knights,Georgia State Panthers,mybookieag,Georgia State Panthers,17.5,-110
2026-09-17T10:57:09Z,4a9e833f32775e201ee648c51840df85,2026-09-19T23:00:00Z,UCF Knights,Georgia State Panthers,mybookieag,UCF Knights,-17.5,-110
2026-09-17T10:57:09Z,b8810f15896c1fbe1ca25054585612f0,2026-09-19T23:00:00Z,Middle Tennessee Blue Raiders,Nevada Wolf Pack,betrivers,Middle Tennessee Blue Raiders,4.0,-115
2026-09-17T10:57:09Z,b8810f15896c1fbe1ca25054585612f0,2026-09-19T23:00:00Z,Middle Tennessee Blue Raiders,Nevada Wolf Pack,betrivers,Nevada Wolf Pack,-4.0,-108
2026-09-17T10:57:09Z,be8b2e012b50c86775a87bb633e330e6,2026-09-19T23:00:00Z,Rice Owls,Western Michigan Broncos,betrivers,Rice Owls,8.5,-110
2026-09-17T10:57:09Z,be8b2e012b50c86775a87bb633e330e6,2026-09-19T23:00:00Z,Rice Owls,Western Michigan Broncos,betrivers,Western Michigan Broncos,-8.5,-113
2026-09-17T10:57:09Z,d3b7a8be0f6c9e50f7afd4005990228b,2026-09-19T23:30:00Z,Colorado State Rams,BYU Cougars,draftkings,BYU Cougars,-17.5,-105
2026-09-17T10:57:09Z,d3b7a8be0f6c9e50f7afd4005990228b,2026-09-19T23:30:00Z,Colorado State Rams,BYU Cougars,draftkings,Colorado State Rams,17.5,-115
2026-09-17T10:57:09Z,d3b7a8be0f6c9e50f7afd4005990228b,2026-09-19T23:30:00Z,Colorado State Rams,BYU Cougars,betmgm,BYU Cougars,-17.5,-108
2026-09-17T10:57:09Z,d3b7a8be0f6c9e50f7afd4005990228b,2026-09-19T23:30:00Z,Colorado State Rams,BYU Cougars,betmgm,Colorado State Rams,17.5,-110
2026-09-17T10:57:09Z,d3b7a8be0f6c9e50f7afd4005990228b,2026-09-19T23:30:00Z,Colorado State Rams,BYU Cougars,mybookieag,BYU Cougars,-17.5,-110
2026-09-17T10:57:09Z,d3b7a8be0f6c9e50f7afd4005990228b,2026-09-19T23:30:00Z,Colorado State Rams,BYU Cougars,mybookieag,Colorado State Rams,17.5,-110
2026-09-17T10:57:09Z,03297aa8a399c223aa1cc6aa923d9bc6,2026-09-19T23:30:00Z,Northwestern Wildcats,Colorado Buffaloes,draftkings,Colorado Buffaloes,3.5,-115
2026-09-17T10:57:09Z,03297aa8a399c223aa1cc6aa923d9bc6,2026-09-19T23:30:00Z,Northwestern Wildcats,Colorado Buffaloes,draftkings,Northwestern Wildcats,-3.5,-105
2026-09-17T10:57:09Z,03297aa8a399c223aa1cc6aa923d9bc6,2026-09-19T23:30:00Z,Northwestern Wildcats,Colorado Buffaloes,lowvig,Colorado Buffaloes,3.5,-114
2026-09-17T10:57:09Z,03297aa8a399c223aa1cc6aa923d9bc6,2026-09-19T23:30:00Z,Northwestern Wildcats,Colorado Buffaloes,lowvig,Northwestern Wildcats,-3.5,102
2026-09-17T10:57:09Z,03297aa8a399c223aa1cc6aa923d9bc6,2026-09-19T23:30:00Z,Northwestern Wildcats,Colorado Buffaloes,betonlineag,Colorado Buffaloes,3.5,-118
2026-09-17T10:57:09Z,03297aa8a399c223aa1cc6aa923d9bc6,2026-09-19T23:30:00Z,Northwestern Wildcats,Colorado Buffaloes,betonlineag,Northwestern Wildcats,-3.5,-102
2026-09-17T10:57:09Z,03297aa8a399c223aa1cc6aa923d9bc6,2026-09-19T23:30:00Z,Northwestern Wildcats,Colorado Buffaloes,betmgm,Colorado Buffaloes,3.5,-110
2026-09-17T10:57:09Z,03297aa8a399c223aa1cc6aa923d9bc6,2026-09-19T23:30:00Z,Northwestern Wildcats,Colorado Buffaloes,betmgm,Northwestern Wildcats,-3.5,-108
2026-09-17T10:57:09Z,03297aa8a399c223aa1cc6aa923d9bc6,2026-09-19T23:30:00Z,Northwestern Wildcats,Colorado Buffaloes,bovada,Colorado Buffaloes,3.5,-115
2026-09-17T10:57:09Z,03297aa8a399c223aa1cc6aa923d9bc6,2026-09-19T23:30:00Z,Northwestern Wildcats,Colorado Buffaloes,bovada,Northwestern Wildcats,-3.5,-105
2026-09-17T10:57:09Z,65571f1cab1a260aae4a220e38dbbc1d,2026-09-19T23:30:00Z,Ole Miss Rebels,LSU Tigers,draftkings,LSU Tigers,-2.5,-112
2026-09-17T10:57:09Z,65571f1cab1a260aae4a220e38dbbc1d,2026-09-19T23:30:00Z,Ole Miss Rebels,LSU Tigers,draftkings,Ole Miss Rebels,2.5,-108
2026-09-17T10:57:09Z,65571f1cab1a260aae4a220e38dbbc1d,2026-09-19T23:30:00Z,Ole Miss Rebels,LSU Tigers,betrivers,LSU Tigers,-2.0,-110
2026-09-17T10:57:09Z,65571f1cab1a260aae4a220e38dbbc1d,2026-09-19T23:30:00Z,Ole Miss Rebels,LSU Tigers,betrivers,Ole Miss Rebels,2.0,-113
2026-09-17T10:57:09Z,65571f1cab1a260aae4a220e38dbbc1d,2026-09-19T23:30:00Z,Ole Miss Rebels,LSU Tigers,betonlineag,LSU Tigers,-2.5,-102
2026-09-17T10:57:09Z,65571f1cab1a260aae4a220e38dbbc1d,2026-09-19T23:30:00Z,Ole Miss Rebels,LSU Tigers,betonlineag,Ole Miss Rebels,2.5,-118
2026-09-17T10:57:09Z,7e3b8cd721f0817d0a6c3111221e8a91,2026-09-19T23:30:00Z,Notre Dame Fighting Irish,Michigan State Spartans,draftkings,Michigan State Spartans,29.5,-112
2026-09-17T10:57:09Z,7e3b8cd721f0817d0a6c3111221e8a91,2026-09-19T23:30:00Z,Notre Dame Fighting Irish,Michigan State Spartans,draftkings,Notre Dame Fighting Irish,-29.5,-108
2026-09-17T10:57:09Z,47892b65c28a830d83bbe465b070ce01,2026-09-19T23:30:00Z,Oklahoma Sooners,New Mexico Lobos,draftkings,New Mexico Lobos,21.5,-108
2026-09-17T10:57:09Z,47892b65c28a830d83bbe465b070ce01,2026-09-19T23:30:00Z,Oklahoma Sooners,New Mexico Lobos,draftkings,Oklahoma Sooners,-21.5,-112
2026-09-17T10:57:09Z,47892b65c28a830d83bbe465b070ce01,2026-09-19T23:30:00Z,Oklahoma Sooners,New Mexico Lobos,betmgm,New Mexico Lobos,22.0,-110
2026-09-17T10:57:09Z,47892b65c28a830d83bbe465b070ce01,2026-09-19T23:30:00Z,Oklahoma Sooners,New Mexico Lobos,betmgm,Oklahoma Sooners,-22.0,-108
2026-09-17T10:57:09Z,47892b65c28a830d83bbe465b070ce01,2026-09-19T23:30:00Z,Oklahoma Sooners,New Mexico Lobos,mybookieag,New Mexico Lobos,22.0,-110
2026-09-17T10:57:09Z,47892b65c28a830d83bbe465b070ce01,2026-09-19T23:30:00Z,Oklahoma Sooners,New Mexico Lobos,mybookieag,Oklahoma Sooners,-22.0,-110
2026-09-17T10:57:09Z,47892b65c28a830d83bbe465b070ce01,2026-09-19T23:30:00Z,Oklahoma Sooners,New Mexico Lobos,betus,New Mexico Lobos,21.5,-110
2026-09-17T10:57:09Z,47892b65c28a830d83bbe465b070ce01,2026-09-19T23:30:00Z,Oklahoma Sooners,New Mexico Lobos,betus,Oklahoma Sooners,-21.5,-110
2026-09-17T10:57:09Z,47892b65c28a830d83bbe465b070ce01,2026-09-19T23:30:00Z,Oklahoma Sooners,New Mexico Lobos,bovada,New Mexico Lobos,22.0,-110
2026-09-17T10:57:09Z,47892b65c28a830d83bbe465b070ce01,2026-09-19T23:30:00Z,Oklahoma Sooners,New Mexico Lobos,bovada,Oklahoma Sooners,-22.0,-110
2026-09-17T10:57:09Z,0fff6569a000494c8821a53d886df670,2026-09-20T00:00:00Z,Tulsa Golden Hurricane,East Texas A&M Lions,fanduel,East Texas A&M Lions,42.5,-112
2026-09-17T10:57:09Z,0fff6569a000494c8821a53d886df670,2026-09-20T00:00:00Z,Tulsa Golden Hurricane,East Texas A&M Lions,fanduel,Tulsa Golden Hurricane,-42.5,-108
2026-09-17T10:57:09Z,828ceb39d7fd7da80c98174ae5f02dcd,2026-09-20T00:00:00Z,Louisiana Ragin Cajuns,UAB Blazers,mybookieag,Louisiana Ragin Cajuns,-8.0,-110
2026-09-17T10:57:09Z,828ceb39d7fd7da80c98174ae5f02dcd,2026-09-20T00:00:00Z,Louisiana Ragin Cajuns,UAB Blazers,mybookieag,UAB Blazers,8.0,-110
2026-09-17T10:57:09Z,828ceb39d7fd7da80c98174ae5f02dcd,2026-09-20T00:00:00Z,Louisiana Ragin Cajuns,UAB Blazers,betrivers,Louisiana Ragin Cajuns,-7.5,-109
2026-09-17T10:57:09Z,828ceb39d7fd7da80c98174ae5f02dcd,2026-09-20T00:00:00Z,Louisiana Ragin Cajuns,UAB Blazers,betrivers,UAB Blazers,7.5,-113
2026-09-17T10:57:09Z,0cdf27f150204b8512bca1e2d7cce051,2026-09-20T02:00:00Z,San Diego State Aztecs,James Madison Dukes,draftkings,James Madison Dukes,1.5,-108
2026-09-17T10:57:09Z,0cdf27f150204b8512bca1e2d7cce051,2026-09-20T02:00:00Z,San Diego State Aztecs,James Madison Dukes,draftkings,San Diego State Aztecs,-1.5,-112
2026-09-17T10:57:09Z,0cdf27f150204b8512bca1e2d7cce051,2026-09-20T02:00:00Z,San Diego State Aztecs,James Madison Dukes,betonlineag,James Madison Dukes,1.5,-110
2026-09-17T10:57:09Z,0cdf27f150204b8512bca1e2d7cce051,2026-09-20T02:00:00Z,San Diego State Aztecs,James Madison Dukes,betonlineag,San Diego State Aztecs,-1.5,-110
2026-09-17T10:57:09Z,0cdf27f150204b8512bca1e2d7cce051,2026-09-20T02:00:00Z,San Diego State Aztecs,James Madison Dukes,lowvig,James Madison Dukes,1.5,-106
2026-09-17T10:57:09Z,0cdf27f150204b8512bca1e2d7cce051,2026-09-20T02:00:00Z,San Diego State Aztecs,James Madison Dukes,lowvig,San Diego State Aztecs,-1.5,-106
2026-09-17T10:57:09Z,0cdf27f150204b8512bca1e2d7cce051,2026-09-20T02:00:00Z,San Diego State Aztecs,James Madison Dukes,betmgm,James Madison Dukes,1.5,-108
2026-09-17T10:57:09Z,0cdf27f150204b8512bca1e2d7cce051,2026-09-20T02:00:00Z,San Diego State Aztecs,James Madison Dukes,betmgm,San Diego State Aztecs,-1.5,-110
2026-09-17T10:57:09Z,0cdf27f150204b8512bca1e2d7cce051,2026-09-20T02:00:00Z,San Diego State Aztecs,James Madison Dukes,mybookieag,James Madison Dukes,1.5,-110
2026-09-17T10:57:09Z,0cdf27f150204b8512bca1e2d7cce051,2026-09-20T02:00:00Z,San Diego State Aztecs,James Madison Dukes,mybookieag,San Diego State Aztecs,-1.5,-110
2026-09-17T10:57:09Z,0cdf27f150204b8512bca1e2d7cce051,2026-09-20T02:00:00Z,San Diego State Aztecs,James Madison Dukes,fanduel,James Madison Dukes,1.5,-108
2026-09-17T10:57:09Z,0cdf27f150204b8512bca1e2d7cce051,2026-09-20T02:00:00Z,San Diego State Aztecs,James Madison Dukes,fanduel,San Diego State Aztecs,-1.5,-112
2026-09-17T10:57:09Z,0cdf27f150204b8512bca1e2d7cce051,2026-09-20T02:00:00Z,San Diego State Aztecs,James Madison Dukes,betus,James Madison Dukes,1.5,-110
2026-09-17T10:57:09Z,0cdf27f150204b8512bca1e2d7cce051,2026-09-20T02:00:00Z,San Diego State Aztecs,James Madison Dukes,betus,San Diego State Aztecs,-1.5,-110
2026-09-17T10:57:09Z,0cdf27f150204b8512bca1e2d7cce051,2026-09-20T02:00:00Z,San Diego State Aztecs,James Madison Dukes,bovada,James Madison Dukes,1.5,-110
2026-09-17T10:57:09Z,0cdf27f150204b8512bca1e2d7cce051,2026-09-20T02:00:00Z,San Diego State Aztecs,James Madison Dukes,bovada,San Diego State Aztecs,-1.5,-110
2026-09-17T10:57:09Z,93de8127b5d37170dff2b88deca0b95e,2026-09-20T02:30:00Z,Arizona Wildcats,Northern Illinois Huskies,betmgm,Northern Illinois Huskies,34.0,-110
2026-09-17T10:57:09Z,93de8127b5d37170dff2b88deca0b95e,2026-09-20T02:30:00Z,Arizona Wildcats,Northern Illinois Huskies,betus,Arizona Wildcats,-34.0,-110
2026-09-17T10:57:09Z,93de8127b5d37170dff2b88deca0b95e,2026-09-20T02:30:00Z,Arizona Wildcats,Northern Illinois Huskies,betus,Northern Illinois Huskies,34.0,-110
2026-09-17T10:57:09Z,0c7583234f964dbb7d9803a27d6b6dae,2026-09-20T02:30:00Z,Sacramento State Hornets,North Dakota State Bison,lowvig,North Dakota State Bison,-27.5,-103
2026-09-17T10:57:09Z,0c7583234f964dbb7d9803a27d6b6dae,2026-09-20T02:30:00Z,Sacramento State Hornets,North Dakota State Bison,lowvig,Sacramento State Hornets,27.5,-109
2026-09-17T10:57:09Z,0c7583234f964dbb7d9803a27d6b6dae,2026-09-20T02:30:00Z,Sacramento State Hornets,North Dakota State Bison,betonlineag,North Dakota State Bison,-27.5,-107
2026-09-17T10:57:09Z,0c7583234f964dbb7d9803a27d6b6dae,2026-09-20T02:30:00Z,Sacramento State Hornets,North Dakota State Bison,betonlineag,Sacramento State Hornets,27.5,-113
2026-09-17T10:57:09Z,0c7583234f964dbb7d9803a27d6b6dae,2026-09-20T02:30:00Z,Sacramento State Hornets,North Dakota State Bison,betus,North Dakota State Bison,-27.5,-105
2026-09-17T10:57:09Z,0c7583234f964dbb7d9803a27d6b6dae,2026-09-20T02:30:00Z,Sacramento State Hornets,North Dakota State Bison,betus,Sacramento State Hornets,27.5,-115
2026-09-17T10:57:09Z,0c7583234f964dbb7d9803a27d6b6dae,2026-09-20T02:30:00Z,Sacramento State Hornets,North Dakota State Bison,betrivers,North Dakota State Bison,-27.5,-109
2026-09-17T10:57:09Z,0c7583234f964dbb7d9803a27d6b6dae,2026-09-20T02:30:00Z,Sacramento State Hornets,North Dakota State Bison,betrivers,Sacramento State Hornets,27.5,-114
2026-09-17T10:57:09Z,f6db4e789ff9341a9c94befc751c5f53,2026-09-20T03:00:00Z,San Jose State Spartans,Fresno State Bulldogs,lowvig,Fresno State Bulldogs,-6.5,-106
2026-09-17T10:57:09Z,f6db4e789ff9341a9c94befc751c5f53,2026-09-20T03:00:00Z,San Jose State Spartans,Fresno State Bulldogs,lowvig,San Jose State Spartans,6.5,-106
2026-09-17T10:57:09Z,f6db4e789ff9341a9c94befc751c5f53,2026-09-20T03:00:00Z,San Jose State Spartans,Fresno State Bulldogs,betonlineag,Fresno State Bulldogs,-6.5,-110
2026-09-17T10:57:09Z,f6db4e789ff9341a9c94befc751c5f53,2026-09-20T03:00:00Z,San Jose State Spartans,Fresno State Bulldogs,betonlineag,San Jose State Spartans,6.5,-110
2026-09-17T10:57:09Z,f6db4e789ff9341a9c94befc751c5f53,2026-09-20T03:00:00Z,San Jose State Spartans,Fresno State Bulldogs,betmgm,Fresno State Bulldogs,-6.5,-112
2026-09-17T10:57:09Z,f6db4e789ff9341a9c94befc751c5f53,2026-09-20T03:00:00Z,San Jose State Spartans,Fresno State Bulldogs,betmgm,San Jose State Spartans,6.5,-105
2026-09-17T10:57:09Z,f6db4e789ff9341a9c94befc751c5f53,2026-09-20T03:00:00Z,San Jose State Spartans,Fresno State Bulldogs,betrivers,Fresno State Bulldogs,-6.5,-110
2026-09-17T10:57:09Z,f6db4e789ff9341a9c94befc751c5f53,2026-09-20T03:00:00Z,San Jose State Spartans,Fresno State Bulldogs,betrivers,San Jose State Spartans,6.5,-112
2026-09-17T10:57:09Z,f6db4e789ff9341a9c94befc751c5f53,2026-09-20T03:00:00Z,San Jose State Spartans,Fresno State Bulldogs,betus,Fresno State Bulldogs,-6.5,-110
2026-09-17T10:57:09Z,f6db4e789ff9341a9c94befc751c5f53,2026-09-20T03:00:00Z,San Jose State Spartans,Fresno State Bulldogs,betus,San Jose State Spartans,6.5,-110
2026-09-17T16:13:54Z,f06e90b4212fb514f3564ded9f190107,2026-09-17T23:30:00Z,Pittsburgh Panthers,Syracuse Orange,draftkings,Pittsburgh Panthers,-10.5,-110
2026-09-17T16:13:54Z,f06e90b4212fb514f3564ded9f190107,2026-09-17T23:30:00Z,Pittsburgh Panthers,Syracuse Orange,draftkings,Syracuse Orange,10.5,-110
2026-09-17T16:13:54Z,f06e90b4212fb514f3564ded9f190107,2026-09-17T23:30:00Z,Pittsburgh Panthers,Syracuse Orange,fanduel,Pittsburgh Panthers,-10.5,100
2026-09-17T16:13:54Z,f06e90b4212fb514f3564ded9f190107,2026-09-17T23:30:00Z,Pittsburgh Panthers,Syracuse Orange,fanduel,Syracuse Orange,10.5,-122
2026-09-17T16:13:54Z,f06e90b4212fb514f3564ded9f190107,2026-09-17T23:30:00Z,Pittsburgh Panthers,Syracuse Orange,betrivers,Pittsburgh Panthers,-10.5,-108
2026-09-17T16:13:54Z,f06e90b4212fb514f3564ded9f190107,2026-09-17T23:30:00Z,Pittsburgh Panthers,Syracuse Orange,betrivers,Syracuse Orange,10.5,-115
2026-09-17T16:13:54Z,f06e90b4212fb514f3564ded9f190107,2026-09-17T23:30:00Z,Pittsburgh Panthers,Syracuse Orange,lowvig,Pittsburgh Panthers,-10.5,-106
2026-09-17T16:13:54Z,f06e90b4212fb514f3564ded9f190107,2026-09-17T23:30:00Z,Pittsburgh Panthers,Syracuse Orange,lowvig,Syracuse Orange,10.5,-106
2026-09-17T16:13:54Z,f06e90b4212fb514f3564ded9f190107,2026-09-17T23:30:00Z,Pittsburgh Panthers,Syracuse Orange,betonlineag,Pittsburgh Panthers,-10.5,-109
2026-09-17T16:13:54Z,f06e90b4212fb514f3564ded9f190107,2026-09-17T23:30:00Z,Pittsburgh Panthers,Syracuse Orange,betonlineag,Syracuse Orange,10.5,-111
2026-09-17T16:13:54Z,f06e90b4212fb514f3564ded9f190107,2026-09-17T23:30:00Z,Pittsburgh Panthers,Syracuse Orange,betmgm,Pittsburgh Panthers,-10.0,-120
2026-09-17T16:13:54Z,f06e90b4212fb514f3564ded9f190107,2026-09-17T23:30:00Z,Pittsburgh Panthers,Syracuse Orange,betmgm,Syracuse Orange,10.0,-110
2026-09-17T16:13:54Z,f06e90b4212fb514f3564ded9f190107,2026-09-17T23:30:00Z,Pittsburgh Panthers,Syracuse Orange,betus,Pittsburgh Panthers,-10.5,-110
2026-09-17T16:13:54Z,f06e90b4212fb514f3564ded9f190107,2026-09-17T23:30:00Z,Pittsburgh Panthers,Syracuse Orange,betus,Syracuse Orange,10.5,-110
2026-09-17T16:13:54Z,720451b07d54e435c9be484ef73ea211,2026-09-18T23:30:00Z,Wake Forest Demon Deacons,Miami Hurricanes,draftkings,Miami Hurricanes,-21.0,-105
2026-09-17T16:13:54Z,720451b07d54e435c9be484ef73ea211,2026-09-18T23:30:00Z,Wake Forest Demon Deacons,Miami Hurricanes,draftkings,Wake Forest Demon Deacons,21.0,-115
2026-09-17T16:13:54Z,720451b07d54e435c9be484ef73ea211,2026-09-18T23:30:00Z,Wake Forest Demon Deacons,Miami Hurricanes,betmgm,Miami Hurricanes,-20.5,-115
2026-09-17T16:13:54Z,720451b07d54e435c9be484ef73ea211,2026-09-18T23:30:00Z,Wake Forest Demon Deacons,Miami Hurricanes,lowvig,Miami Hurricanes,-21.0,101
2026-09-17T16:13:54Z,720451b07d54e435c9be484ef73ea211,2026-09-18T23:30:00Z,Wake Forest Demon Deacons,Miami Hurricanes,lowvig,Wake Forest Demon Deacons,21.0,-113
2026-09-17T16:13:54Z,720451b07d54e435c9be484ef73ea211,2026-09-18T23:30:00Z,Wake Forest Demon Deacons,Miami Hurricanes,betonlineag,Miami Hurricanes,-21.0,-103
2026-09-17T16:13:54Z,720451b07d54e435c9be484ef73ea211,2026-09-18T23:30:00Z,Wake Forest Demon Deacons,Miami Hurricanes,betonlineag,Wake Forest Demon Deacons,21.0,-117
2026-09-17T16:13:54Z,7311bf775464ae97893928e22512bb47,2026-09-19T00:00:00Z,Texas Tech Red Raiders,Houston Cougars,fanduel,Houston Cougars,7.5,-102
2026-09-17T16:13:54Z,7311bf775464ae97893928e22512bb47,2026-09-19T00:00:00Z,Texas Tech Red Raiders,Houston Cougars,fanduel,Texas Tech Red Raiders,-7.5,-120
2026-09-17T16:13:54Z,7311bf775464ae97893928e22512bb47,2026-09-19T00:00:00Z,Texas Tech Red Raiders,Houston Cougars,mybookieag,Houston Cougars,8.0,-110
2026-09-17T16:13:54Z,7311bf775464ae97893928e22512bb47,2026-09-19T00:00:00Z,Texas Tech Red Raiders,Houston Cougars,mybookieag,Texas Tech Red Raiders,-8.0,-110
2026-09-17T16:13:54Z,7311bf775464ae97893928e22512bb47,2026-09-19T00:00:00Z,Texas Tech Red Raiders,Houston Cougars,draftkings,Houston Cougars,7.5,-105
2026-09-17T16:13:54Z,7311bf775464ae97893928e22512bb47,2026-09-19T00:00:00Z,Texas Tech Red Raiders,Houston Cougars,draftkings,Texas Tech Red Raiders,-7.5,-115
2026-09-17T16:13:54Z,7311bf775464ae97893928e22512bb47,2026-09-19T00:00:00Z,Texas Tech Red Raiders,Houston Cougars,lowvig,Houston Cougars,7.5,-106
2026-09-17T16:13:54Z,7311bf775464ae97893928e22512bb47,2026-09-19T00:00:00Z,Texas Tech Red Raiders,Houston Cougars,lowvig,Texas Tech Red Raiders,-7.5,-106
2026-09-17T16:13:54Z,7311bf775464ae97893928e22512bb47,2026-09-19T00:00:00Z,Texas Tech Red Raiders,Houston Cougars,betonlineag,Houston Cougars,7.5,-110
2026-09-17T16:13:54Z,7311bf775464ae97893928e22512bb47,2026-09-19T00:00:00Z,Texas Tech Red Raiders,Houston Cougars,betonlineag,Texas Tech Red Raiders,-7.5,-110
2026-09-17T16:13:54Z,7311bf775464ae97893928e22512bb47,2026-09-19T00:00:00Z,Texas Tech Red Raiders,Houston Cougars,betmgm,Texas Tech Red Raiders,-7.5,-118
2026-09-17T16:13:54Z,7311bf775464ae97893928e22512bb47,2026-09-19T00:00:00Z,Texas Tech Red Raiders,Houston Cougars,bovada,Houston Cougars,8.0,-115
2026-09-17T16:13:54Z,7311bf775464ae97893928e22512bb47,2026-09-19T00:00:00Z,Texas Tech Red Raiders,Houston Cougars,bovada,Texas Tech Red Raiders,-8.0,-105
2026-09-17T16:13:54Z,5658a82b80479ea42281da7d3e3e1337,2026-09-19T02:30:00Z,Oregon Ducks,Portland State Vikings,betonlineag,Oregon Ducks,-57.5,-115
2026-09-17T16:13:54Z,5658a82b80479ea42281da7d3e3e1337,2026-09-19T02:30:00Z,Oregon Ducks,Portland State Vikings,betonlineag,Portland State Vikings,57.5,-115
2026-09-17T16:13:54Z,5658a82b80479ea42281da7d3e3e1337,2026-09-19T02:30:00Z,Oregon Ducks,Portland State Vikings,lowvig,Oregon Ducks,-57.5,-115
2026-09-17T16:13:54Z,5658a82b80479ea42281da7d3e3e1337,2026-09-19T02:30:00Z,Oregon Ducks,Portland State Vikings,lowvig,Portland State Vikings,57.5,-115
2026-09-17T16:13:54Z,529a333381665c34d05b290d2c9eb5b9,2026-09-19T15:30:00Z,Delaware Blue Hens,Coastal Carolina Chanticleers,fanduel,Coastal Carolina Chanticleers,4.5,-115
2026-09-17T16:13:54Z,529a333381665c34d05b290d2c9eb5b9,2026-09-19T15:30:00Z,Delaware Blue Hens,Coastal Carolina Chanticleers,fanduel,Delaware Blue Hens,-4.5,-105
2026-09-17T16:13:54Z,529a333381665c34d05b290d2c9eb5b9,2026-09-19T15:30:00Z,Delaware Blue Hens,Coastal Carolina Chanticleers,draftkings,Coastal Carolina Chanticleers,4.5,-110
2026-09-17T16:13:54Z,529a333381665c34d05b290d2c9eb5b9,2026-09-19T15:30:00Z,Delaware Blue Hens,Coastal Carolina Chanticleers,draftkings,Delaware Blue Hens,-4.5,-110
2026-09-17T16:13:54Z,529a333381665c34d05b290d2c9eb5b9,2026-09-19T15:30:00Z,Delaware Blue Hens,Coastal Carolina Chanticleers,betonlineag,Coastal Carolina Chanticleers,4.0,-108
2026-09-17T16:13:54Z,529a333381665c34d05b290d2c9eb5b9,2026-09-19T15:30:00Z,Delaware Blue Hens,Coastal Carolina Chanticleers,betonlineag,Delaware Blue Hens,-4.0,-112
2026-09-17T16:13:54Z,529a333381665c34d05b290d2c9eb5b9,2026-09-19T15:30:00Z,Delaware Blue Hens,Coastal Carolina Chanticleers,lowvig,Coastal Carolina Chanticleers,4.0,-102
2026-09-17T16:13:54Z,529a333381665c34d05b290d2c9eb5b9,2026-09-19T15:30:00Z,Delaware Blue Hens,Coastal Carolina Chanticleers,lowvig,Delaware Blue Hens,-4.0,-110
2026-09-17T16:13:54Z,529a333381665c34d05b290d2c9eb5b9,2026-09-19T15:30:00Z,Delaware Blue Hens,Coastal Carolina Chanticleers,betmgm,Coastal Carolina Chanticleers,4.5,-120
2026-09-17T16:13:54Z,529a333381665c34d05b290d2c9eb5b9,2026-09-19T15:30:00Z,Delaware Blue Hens,Coastal Carolina Chanticleers,betmgm,Delaware Blue Hens,-4.5,-110
2026-09-17T16:13:54Z,529a333381665c34d05b290d2c9eb5b9,2026-09-19T15:30:00Z,Delaware Blue Hens,Coastal Carolina Chanticleers,betus,Coastal Carolina Chanticleers,4.0,-110
2026-09-17T16:13:54Z,529a333381665c34d05b290d2c9eb5b9,2026-09-19T15:30:00Z,Delaware Blue Hens,Coastal Carolina Chanticleers,betus,Delaware Blue Hens,-4.0,-110
2026-09-17T16:13:54Z,5bc9efd5f27827a26c1cf8744bb8c2b1,2026-09-19T16:00:00Z,Minnesota Golden Gophers,Akron Zips,lowvig,Akron Zips,23.5,-111
2026-09-17T16:13:54Z,5bc9efd5f27827a26c1cf8744bb8c2b1,2026-09-19T16:00:00Z,Minnesota Golden Gophers,Akron Zips,lowvig,Minnesota Golden Gophers,-23.5,-101
2026-09-17T16:13:54Z,5bc9efd5f27827a26c1cf8744bb8c2b1,2026-09-19T16:00:00Z,Minnesota Golden Gophers,Akron Zips,betonlineag,Akron Zips,23.5,-115
2026-09-17T16:13:54Z,5bc9efd5f27827a26c1cf8744bb8c2b1,2026-09-19T16:00:00Z,Minnesota Golden Gophers,Akron Zips,betonlineag,Minnesota Golden Gophers,-23.5,-105
2026-09-17T16:13:54Z,5bc9efd5f27827a26c1cf8744bb8c2b1,2026-09-19T16:00:00Z,Minnesota Golden Gophers,Akron Zips,betmgm,Akron Zips,23.0,-108
2026-09-17T16:13:54Z,5bc9efd5f27827a26c1cf8744bb8c2b1,2026-09-19T16:00:00Z,Minnesota Golden Gophers,Akron Zips,betmgm,Minnesota Golden Gophers,-23.0,-110
2026-09-17T16:13:54Z,a317e3ffe5919c8bff3b9b303054f1b3,2026-09-19T16:00:00Z,Arizona State Sun Devils,Kansas Jayhawks,betrivers,Arizona State Sun Devils,-6.0,-110
2026-09-17T16:13:54Z,a317e3ffe5919c8bff3b9b303054f1b3,2026-09-19T16:00:00Z,Arizona State Sun Devils,Kansas Jayhawks,betrivers,Kansas Jayhawks,6.0,-113
2026-09-17T16:13:54Z,a317e3ffe5919c8bff3b9b303054f1b3,2026-09-19T16:00:00Z,Arizona State Sun Devils,Kansas Jayhawks,lowvig,Arizona State Sun Devils,-5.5,-103
2026-09-17T16:13:54Z,a317e3ffe5919c8bff3b9b303054f1b3,2026-09-19T16:00:00Z,Arizona State Sun Devils,Kansas Jayhawks,lowvig,Kansas Jayhawks,5.5,-109
2026-09-17T16:13:54Z,a317e3ffe5919c8bff3b9b303054f1b3,2026-09-19T16:00:00Z,Arizona State Sun Devils,Kansas Jayhawks,betonlineag,Arizona State Sun Devils,-5.5,-107
2026-09-17T16:13:54Z,a317e3ffe5919c8bff3b9b303054f1b3,2026-09-19T16:00:00Z,Arizona State Sun Devils,Kansas Jayhawks,betonlineag,Kansas Jayhawks,5.5,-113
2026-09-17T16:13:54Z,01e9c4d460a55375a75d025e2b1ddbf5,2026-09-19T16:00:00Z,Arkansas Razorbacks,Georgia Bulldogs,draftkings,Arkansas Razorbacks,24.5,-105
2026-09-17T16:13:54Z,01e9c4d460a55375a75d025e2b1ddbf5,2026-09-19T16:00:00Z,Arkansas Razorbacks,Georgia Bulldogs,draftkings,Georgia Bulldogs,-24.5,-115
2026-09-17T16:13:54Z,01e9c4d460a55375a75d025e2b1ddbf5,2026-09-19T16:00:00Z,Arkansas Razorbacks,Georgia Bulldogs,betrivers,Arkansas Razorbacks,25.0,-114
2026-09-17T16:13:54Z,01e9c4d460a55375a75d025e2b1ddbf5,2026-09-19T16:00:00Z,Arkansas Razorbacks,Georgia Bulldogs,betrivers,Georgia Bulldogs,-25.0,-109
2026-09-17T16:13:54Z,01e9c4d460a55375a75d025e2b1ddbf5,2026-09-19T16:00:00Z,Arkansas Razorbacks,Georgia Bulldogs,lowvig,Arkansas Razorbacks,24.5,-103
2026-09-17T16:13:54Z,01e9c4d460a55375a75d025e2b1ddbf5,2026-09-19T16:00:00Z,Arkansas Razorbacks,Georgia Bulldogs,lowvig,Georgia Bulldogs,-24.5,-109
2026-09-17T16:13:54Z,01e9c4d460a55375a75d025e2b1ddbf5,2026-09-19T16:00:00Z,Arkansas Razorbacks,Georgia Bulldogs,betonlineag,Arkansas Razorbacks,24.5,-107
2026-09-17T16:13:54Z,01e9c4d460a55375a75d025e2b1ddbf5,2026-09-19T16:00:00Z,Arkansas Razorbacks,Georgia Bulldogs,betonlineag,Georgia Bulldogs,-24.5,-113
2026-09-17T16:13:54Z,01e9c4d460a55375a75d025e2b1ddbf5,2026-09-19T16:00:00Z,Arkansas Razorbacks,Georgia Bulldogs,bovada,Arkansas Razorbacks,24.5,-110
2026-09-17T16:13:54Z,01e9c4d460a55375a75d025e2b1ddbf5,2026-09-19T16:00:00Z,Arkansas Razorbacks,Georgia Bulldogs,bovada,Georgia Bulldogs,-24.5,-110
2026-09-17T16:13:54Z,9a69dbd474c6181a4c51f397b9b25d38,2026-09-19T16:00:00Z,Iowa State Cyclones,Bowling Green Falcons,fanduel,Bowling Green Falcons,23.5,100
2026-09-17T16:13:54Z,9a69dbd474c6181a4c51f397b9b25d38,2026-09-19T16:00:00Z,Iowa State Cyclones,Bowling Green Falcons,fanduel,Iowa State Cyclones,-23.5,-122
2026-09-17T16:13:54Z,9a69dbd474c6181a4c51f397b9b25d38,2026-09-19T16:00:00Z,Iowa State Cyclones,Bowling Green Falcons,draftkings,Bowling Green Falcons,23.5,-102
2026-09-17T16:13:54Z,9a69dbd474c6181a4c51f397b9b25d38,2026-09-19T16:00:00Z,Iowa State Cyclones,Bowling Green Falcons,draftkings,Iowa State Cyclones,-23.5,-118
2026-09-17T16:13:54Z,9a69dbd474c6181a4c51f397b9b25d38,2026-09-19T16:00:00Z,Iowa State Cyclones,Bowling Green Falcons,lowvig,Bowling Green Falcons,24.0,-111
2026-09-17T16:13:54Z,9a69dbd474c6181a4c51f397b9b25d38,2026-09-19T16:00:00Z,Iowa State Cyclones,Bowling Green Falcons,lowvig,Iowa State Cyclones,-24.0,-101
2026-09-17T16:13:54Z,9a69dbd474c6181a4c51f397b9b25d38,2026-09-19T16:00:00Z,Iowa State Cyclones,Bowling Green Falcons,betonlineag,Bowling Green Falcons,24.0,-113
2026-09-17T16:13:54Z,9a69dbd474c6181a4c51f397b9b25d38,2026-09-19T16:00:00Z,Iowa State Cyclones,Bowling Green Falcons,betonlineag,Iowa State Cyclones,-24.0,-107
2026-09-17T16:13:54Z,9a69dbd474c6181a4c51f397b9b25d38,2026-09-19T16:00:00Z,Iowa State Cyclones,Bowling Green Falcons,mybookieag,Bowling Green Falcons,23.5,-110
2026-09-17T16:13:54Z,9a69dbd474c6181a4c51f397b9b25d38,2026-09-19T16:00:00Z,Iowa State Cyclones,Bowling Green Falcons,mybookieag,Iowa State Cyclones,-23.5,-110
2026-09-17T16:13:54Z,3fe3d77e009a7f205cce737523609a86,2026-09-19T16:00:00Z,Clemson Tigers,North Carolina Tar Heels,lowvig,Clemson Tigers,-3.0,-111
2026-09-17T16:13:54Z,3fe3d77e009a7f205cce737523609a86,2026-09-19T16:00:00Z,Clemson Tigers,North Carolina Tar Heels,lowvig,North Carolina Tar Heels,3.0,-101
2026-09-17T16:13:54Z,3fe3d77e009a7f205cce737523609a86,2026-09-19T16:00:00Z,Clemson Tigers,North Carolina Tar Heels,betonlineag,Clemson Tigers,-3.5,100
2026-09-17T16:13:54Z,3fe3d77e009a7f205cce737523609a86,2026-09-19T16:00:00Z,Clemson Tigers,North Carolina Tar Heels,betonlineag,North Carolina Tar Heels,3.5,-120
2026-09-17T16:13:54Z,3fe3d77e009a7f205cce737523609a86,2026-09-19T16:00:00Z,Clemson Tigers,North Carolina Tar Heels,betmgm,Clemson Tigers,-3.0,-118
2026-09-17T16:13:54Z,3fe3d77e009a7f205cce737523609a86,2026-09-19T16:00:00Z,Clemson Tigers,North Carolina Tar Heels,betmgm,North Carolina Tar Heels,3.0,-102
2026-09-17T16:13:54Z,3fe3d77e009a7f205cce737523609a86,2026-09-19T16:00:00Z,Clemson Tigers,North Carolina Tar Heels,mybookieag,Clemson Tigers,-3.5,-105
2026-09-17T16:13:54Z,3fe3d77e009a7f205cce737523609a86,2026-09-19T16:00:00Z,Clemson Tigers,North Carolina Tar Heels,mybookieag,North Carolina Tar Heels,3.5,-115
2026-09-17T16:13:54Z,3514404f321e9cf55f11222c8e36233b,2026-09-19T16:00:00Z,Georgia Tech Yellow Jackets,Mercer Bears,betonlineag,Georgia Tech Yellow Jackets,-38.5,-115
2026-09-17T16:13:54Z,3514404f321e9cf55f11222c8e36233b,2026-09-19T16:00:00Z,Georgia Tech Yellow Jackets,Mercer Bears,betonlineag,Mercer Bears,38.5,-115
2026-09-17T16:13:54Z,3514404f321e9cf55f11222c8e36233b,2026-09-19T16:00:00Z,Georgia Tech Yellow Jackets,Mercer Bears,lowvig,Georgia Tech Yellow Jackets,-38.5,-115
2026-09-17T16:13:54Z,3514404f321e9cf55f11222c8e36233b,2026-09-19T16:00:00Z,Georgia Tech Yellow Jackets,Mercer Bears,lowvig,Mercer Bears,38.5,-115
2026-09-17T16:13:54Z,6eee31d7778965a3e617f10146619c1d,2026-09-19T16:00:00Z,Ohio State Buckeyes,Kent State Golden Flashes,draftkings,Kent State Golden Flashes,52.5,-115
2026-09-17T16:13:54Z,6eee31d7778965a3e617f10146619c1d,2026-09-19T16:00:00Z,Ohio State Buckeyes,Kent State Golden Flashes,draftkings,Ohio State Buckeyes,-52.5,-105
2026-09-17T16:13:54Z,6eee31d7778965a3e617f10146619c1d,2026-09-19T16:00:00Z,Ohio State Buckeyes,Kent State Golden Flashes,lowvig,Kent State Golden Flashes,52.5,-106
2026-09-17T16:13:54Z,6eee31d7778965a3e617f10146619c1d,2026-09-19T16:00:00Z,Ohio State Buckeyes,Kent State Golden Flashes,lowvig,Ohio State Buckeyes,-52.5,-106
2026-09-17T16:13:54Z,6eee31d7778965a3e617f10146619c1d,2026-09-19T16:00:00Z,Ohio State Buckeyes,Kent State Golden Flashes,betonlineag,Kent State Golden Flashes,52.5,-110
2026-09-17T16:13:54Z,6eee31d7778965a3e617f10146619c1d,2026-09-19T16:00:00Z,Ohio State Buckeyes,Kent State Golden Flashes,betonlineag,Ohio State Buckeyes,-52.5,-110
2026-09-17T16:13:54Z,6eee31d7778965a3e617f10146619c1d,2026-09-19T16:00:00Z,Ohio State Buckeyes,Kent State Golden Flashes,betmgm,Ohio State Buckeyes,-52.0,-120
2026-09-17T16:13:54Z,b0cd2e8beaf0dc333daa592a0d3d5c3a,2026-09-19T16:00:00Z,Texas State Bobcats,North Texas Mean Green,fanduel,North Texas Mean Green,2.5,-102
2026-09-17T16:13:54Z,b0cd2e8beaf0dc333daa592a0d3d5c3a,2026-09-19T16:00:00Z,Texas State Bobcats,North Texas Mean Green,fanduel,Texas State Bobcats,-2.5,-120
2026-09-17T16:13:54Z,b0cd2e8beaf0dc333daa592a0d3d5c3a,2026-09-19T16:00:00Z,Texas State Bobcats,North Texas Mean Green,draftkings,North Texas Mean Green,3.0,-115
2026-09-17T16:13:54Z,b0cd2e8beaf0dc333daa592a0d3d5c3a,2026-09-19T16:00:00Z,Texas State Bobcats,North Texas Mean Green,draftkings,Texas State Bobcats,-3.0,-105
2026-09-17T16:13:54Z,b0cd2e8beaf0dc333daa592a0d3d5c3a,2026-09-19T16:00:00Z,Texas State Bobcats,North Texas Mean Green,lowvig,North Texas Mean Green,3.0,-110
2026-09-17T16:13:54Z,b0cd2e8beaf0dc333daa592a0d3d5c3a,2026-09-19T16:00:00Z,Texas State Bobcats,North Texas Mean Green,lowvig,Texas State Bobcats,-3.0,-102
2026-09-17T16:13:54Z,b0cd2e8beaf0dc333daa592a0d3d5c3a,2026-09-19T16:00:00Z,Texas State Bobcats,North Texas Mean Green,betonlineag,North Texas Mean Green,3.0,-114
2026-09-17T16:13:54Z,b0cd2e8beaf0dc333daa592a0d3d5c3a,2026-09-19T16:00:00Z,Texas State Bobcats,North Texas Mean Green,betonlineag,Texas State Bobcats,-3.0,-106
2026-09-17T16:13:54Z,b0cd2e8beaf0dc333daa592a0d3d5c3a,2026-09-19T16:00:00Z,Texas State Bobcats,North Texas Mean Green,betmgm,North Texas Mean Green,3.0,-115
2026-09-17T16:13:54Z,b0cd2e8beaf0dc333daa592a0d3d5c3a,2026-09-19T16:00:00Z,Texas State Bobcats,North Texas Mean Green,betmgm,Texas State Bobcats,-3.0,-102
2026-09-17T16:13:54Z,b0cd2e8beaf0dc333daa592a0d3d5c3a,2026-09-19T16:00:00Z,Texas State Bobcats,North Texas Mean Green,mybookieag,North Texas Mean Green,3.0,-115
2026-09-17T16:13:54Z,b0cd2e8beaf0dc333daa592a0d3d5c3a,2026-09-19T16:00:00Z,Texas State Bobcats,North Texas Mean Green,mybookieag,Texas State Bobcats,-3.0,-105
2026-09-17T16:13:54Z,b0cd2e8beaf0dc333daa592a0d3d5c3a,2026-09-19T16:00:00Z,Texas State Bobcats,North Texas Mean Green,betus,North Texas Mean Green,2.5,-105
2026-09-17T16:13:54Z,b0cd2e8beaf0dc333daa592a0d3d5c3a,2026-09-19T16:00:00Z,Texas State Bobcats,North Texas Mean Green,betus,Texas State Bobcats,-2.5,-115
2026-09-17T16:13:54Z,b0cd2e8beaf0dc333daa592a0d3d5c3a,2026-09-19T16:00:00Z,Texas State Bobcats,North Texas Mean Green,bovada,North Texas Mean Green,3.0,-115
2026-09-17T16:13:54Z,b0cd2e8beaf0dc333daa592a0d3d5c3a,2026-09-19T16:00:00Z,Texas State Bobcats,North Texas Mean Green,bovada,Texas State Bobcats,-3.0,-105
2026-09-17T16:13:54Z,bd7ae9e585a6595f7d308d45e1bf35e3,2026-09-19T16:30:00Z,Wisconsin Badgers,Eastern Michigan Eagles,fanduel,Eastern Michigan Eagles,23.5,-105
2026-09-17T16:13:54Z,bd7ae9e585a6595f7d308d45e1bf35e3,2026-09-19T16:30:00Z,Wisconsin Badgers,Eastern Michigan Eagles,fanduel,Wisconsin Badgers,-23.5,-115
2026-09-17T16:13:54Z,bd7ae9e585a6595f7d308d45e1bf35e3,2026-09-19T16:30:00Z,Wisconsin Badgers,Eastern Michigan Eagles,lowvig,Eastern Michigan Eagles,23.5,100
2026-09-17T16:13:54Z,bd7ae9e585a6595f7d308d45e1bf35e3,2026-09-19T16:30:00Z,Wisconsin Badgers,Eastern Michigan Eagles,lowvig,Wisconsin Badgers,-23.5,-112
2026-09-17T16:13:54Z,bd7ae9e585a6595f7d308d45e1bf35e3,2026-09-19T16:30:00Z,Wisconsin Badgers,Eastern Michigan Eagles,betonlineag,Eastern Michigan Eagles,23.5,-104
2026-09-17T16:13:54Z,bd7ae9e585a6595f7d308d45e1bf35e3,2026-09-19T16:30:00Z,Wisconsin Badgers,Eastern Michigan Eagles,betonlineag,Wisconsin Badgers,-23.5,-116
2026-09-17T16:13:54Z,bd7ae9e585a6595f7d308d45e1bf35e3,2026-09-19T16:30:00Z,Wisconsin Badgers,Eastern Michigan Eagles,betmgm,Eastern Michigan Eagles,23.5,-108
2026-09-17T16:13:54Z,bd7ae9e585a6595f7d308d45e1bf35e3,2026-09-19T16:30:00Z,Wisconsin Badgers,Eastern Michigan Eagles,betmgm,Wisconsin Badgers,-23.5,-112
2026-09-17T16:13:54Z,bd7ae9e585a6595f7d308d45e1bf35e3,2026-09-19T16:30:00Z,Wisconsin Badgers,Eastern Michigan Eagles,betus,Eastern Michigan Eagles,23.5,-105
2026-09-17T16:13:54Z,bd7ae9e585a6595f7d308d45e1bf35e3,2026-09-19T16:30:00Z,Wisconsin Badgers,Eastern Michigan Eagles,betus,Wisconsin Badgers,-23.5,-115
2026-09-17T16:13:54Z,2e9835b129f8b8055d4a24f736547363,2026-09-19T16:45:00Z,Vanderbilt Commodores,NC State Wolfpack,betrivers,NC State Wolfpack,3.0,-109
2026-09-17T16:13:54Z,2e9835b129f8b8055d4a24f736547363,2026-09-19T16:45:00Z,Vanderbilt Commodores,NC State Wolfpack,betrivers,Vanderbilt Commodores,-3.0,-115
2026-09-17T16:13:54Z,2e9835b129f8b8055d4a24f736547363,2026-09-19T16:45:00Z,Vanderbilt Commodores,NC State Wolfpack,draftkings,NC State Wolfpack,3.0,-105
2026-09-17T16:13:54Z,2e9835b129f8b8055d4a24f736547363,2026-09-19T16:45:00Z,Vanderbilt Commodores,NC State Wolfpack,draftkings,Vanderbilt Commodores,-3.0,-115
2026-09-17T16:13:54Z,2e9835b129f8b8055d4a24f736547363,2026-09-19T16:45:00Z,Vanderbilt Commodores,NC State Wolfpack,betonlineag,NC State Wolfpack,3.0,-105
2026-09-17T16:13:54Z,2e9835b129f8b8055d4a24f736547363,2026-09-19T16:45:00Z,Vanderbilt Commodores,NC State Wolfpack,betonlineag,Vanderbilt Commodores,-3.0,-115
2026-09-17T16:13:54Z,2e9835b129f8b8055d4a24f736547363,2026-09-19T16:45:00Z,Vanderbilt Commodores,NC State Wolfpack,lowvig,NC State Wolfpack,3.0,-101
2026-09-17T16:13:54Z,2e9835b129f8b8055d4a24f736547363,2026-09-19T16:45:00Z,Vanderbilt Commodores,NC State Wolfpack,lowvig,Vanderbilt Commodores,-3.0,-111
2026-09-17T16:13:54Z,2e9835b129f8b8055d4a24f736547363,2026-09-19T16:45:00Z,Vanderbilt Commodores,NC State Wolfpack,betmgm,NC State Wolfpack,3.0,-108
2026-09-17T16:13:54Z,2e9835b129f8b8055d4a24f736547363,2026-09-19T16:45:00Z,Vanderbilt Commodores,NC State Wolfpack,betmgm,Vanderbilt Commodores,-3.0,-125
2026-09-17T16:13:54Z,26a76b78050ad3953d2d41dbeecd5a07,2026-09-19T17:00:00Z,Central Michigan Chippewas,Wyoming Cowboys,fanduel,Central Michigan Chippewas,1.5,-110
2026-09-17T16:13:54Z,26a76b78050ad3953d2d41dbeecd5a07,2026-09-19T17:00:00Z,Central Michigan Chippewas,Wyoming Cowboys,fanduel,Wyoming Cowboys,-1.5,-110
2026-09-17T16:13:54Z,26a76b78050ad3953d2d41dbeecd5a07,2026-09-19T17:00:00Z,Central Michigan Chippewas,Wyoming Cowboys,draftkings,Central Michigan Chippewas,1.5,-115
2026-09-17T16:13:54Z,26a76b78050ad3953d2d41dbeecd5a07,2026-09-19T17:00:00Z,Central Michigan Chippewas,Wyoming Cowboys,draftkings,Wyoming Cowboys,-1.5,-105
2026-09-17T16:13:54Z,26a76b78050ad3953d2d41dbeecd5a07,2026-09-19T17:00:00Z,Central Michigan Chippewas,Wyoming Cowboys,lowvig,Central Michigan Chippewas,0.0,102
2026-09-17T16:13:54Z,26a76b78050ad3953d2d41dbeecd5a07,2026-09-19T17:00:00Z,Central Michigan Chippewas,Wyoming Cowboys,lowvig,Wyoming Cowboys,0.0,-114
2026-09-17T16:13:54Z,26a76b78050ad3953d2d41dbeecd5a07,2026-09-19T17:00:00Z,Central Michigan Chippewas,Wyoming Cowboys,betonlineag,Central Michigan Chippewas,0.0,-102
2026-09-17T16:13:54Z,26a76b78050ad3953d2d41dbeecd5a07,2026-09-19T17:00:00Z,Central Michigan Chippewas,Wyoming Cowboys,betonlineag,Wyoming Cowboys,0.0,-118
2026-09-17T16:13:54Z,26a76b78050ad3953d2d41dbeecd5a07,2026-09-19T17:00:00Z,Central Michigan Chippewas,Wyoming Cowboys,betrivers,Central Michigan Chippewas,1.0,-112
2026-09-17T16:13:54Z,26a76b78050ad3953d2d41dbeecd5a07,2026-09-19T17:00:00Z,Central Michigan Chippewas,Wyoming Cowboys,betrivers,Wyoming Cowboys,-1.0,-112
2026-09-17T16:13:54Z,26a76b78050ad3953d2d41dbeecd5a07,2026-09-19T17:00:00Z,Central Michigan Chippewas,Wyoming Cowboys,mybookieag,Central Michigan Chippewas,-1.0,-110
2026-09-17T16:13:54Z,26a76b78050ad3953d2d41dbeecd5a07,2026-09-19T17:00:00Z,Central Michigan Chippewas,Wyoming Cowboys,mybookieag,Wyoming Cowboys,1.0,-110
2026-09-17T16:13:54Z,26a76b78050ad3953d2d41dbeecd5a07,2026-09-19T17:00:00Z,Central Michigan Chippewas,Wyoming Cowboys,betmgm,Central Michigan Chippewas,1.5,-110
2026-09-17T16:13:54Z,26a76b78050ad3953d2d41dbeecd5a07,2026-09-19T17:00:00Z,Central Michigan Chippewas,Wyoming Cowboys,betmgm,Wyoming Cowboys,-1.5,-110
2026-09-17T16:13:54Z,26a76b78050ad3953d2d41dbeecd5a07,2026-09-19T17:00:00Z,Central Michigan Chippewas,Wyoming Cowboys,betus,Central Michigan Chippewas,1.0,-110
2026-09-17T16:13:54Z,26a76b78050ad3953d2d41dbeecd5a07,2026-09-19T17:00:00Z,Central Michigan Chippewas,Wyoming Cowboys,betus,Wyoming Cowboys,-1.0,-110
2026-09-17T16:13:54Z,26a76b78050ad3953d2d41dbeecd5a07,2026-09-19T17:00:00Z,Central Michigan Chippewas,Wyoming Cowboys,bovada,Central Michigan Chippewas,1.0,-110
2026-09-17T16:13:54Z,26a76b78050ad3953d2d41dbeecd5a07,2026-09-19T17:00:00Z,Central Michigan Chippewas,Wyoming Cowboys,bovada,Wyoming Cowboys,-1.0,-110
2026-09-17T16:13:54Z,08a2eb7afbd58ee7a8fb47bb4142eded,2026-09-19T18:00:00Z,Boston College Eagles,Maine Black Bears,betrivers,Boston College Eagles,-37.5,-115
2026-09-17T16:13:54Z,08a2eb7afbd58ee7a8fb47bb4142eded,2026-09-19T18:00:00Z,Boston College Eagles,Maine Black Bears,betrivers,Maine Black Bears,37.5,-108
2026-09-17T16:13:54Z,08a2eb7afbd58ee7a8fb47bb4142eded,2026-09-19T18:00:00Z,Boston College Eagles,Maine Black Bears,betonlineag,Boston College Eagles,-38.5,-115
2026-09-17T16:13:54Z,08a2eb7afbd58ee7a8fb47bb4142eded,2026-09-19T18:00:00Z,Boston College Eagles,Maine Black Bears,betonlineag,Maine Black Bears,38.5,-115
2026-09-17T16:13:54Z,08a2eb7afbd58ee7a8fb47bb4142eded,2026-09-19T18:00:00Z,Boston College Eagles,Maine Black Bears,lowvig,Boston College Eagles,-38.5,-115
2026-09-17T16:13:54Z,08a2eb7afbd58ee7a8fb47bb4142eded,2026-09-19T18:00:00Z,Boston College Eagles,Maine Black Bears,lowvig,Maine Black Bears,38.5,-115
2026-09-17T16:13:54Z,578e82a8bc67101e9eba884729ffcc69,2026-09-19T18:00:00Z,Illinois Fighting Illini,Southern Illinois Salukis,lowvig,Illinois Fighting Illini,-38.5,-115
2026-09-17T16:13:54Z,578e82a8bc67101e9eba884729ffcc69,2026-09-19T18:00:00Z,Illinois Fighting Illini,Southern Illinois Salukis,lowvig,Southern Illinois Salukis,38.5,-115
2026-09-17T16:13:54Z,578e82a8bc67101e9eba884729ffcc69,2026-09-19T18:00:00Z,Illinois Fighting Illini,Southern Illinois Salukis,betonlineag,Illinois Fighting Illini,-38.5,-115
2026-09-17T16:13:54Z,578e82a8bc67101e9eba884729ffcc69,2026-09-19T18:00:00Z,Illinois Fighting Illini,Southern Illinois Salukis,betonlineag,Southern Illinois Salukis,38.5,-115
2026-09-17T16:13:54Z,ea8b0414ff464255eef426fd61427030,2026-09-19T19:00:00Z,Toledo Rockets,Temple Owls,fanduel,Temple Owls,5.5,-105
2026-09-17T16:13:54Z,ea8b0414ff464255eef426fd61427030,2026-09-19T19:00:00Z,Toledo Rockets,Temple Owls,fanduel,Toledo Rockets,-5.5,-115
2026-09-17T16:13:54Z,ea8b0414ff464255eef426fd61427030,2026-09-19T19:00:00Z,Toledo Rockets,Temple Owls,betus,Temple Owls,5.5,-105
2026-09-17T16:13:54Z,ea8b0414ff464255eef426fd61427030,2026-09-19T19:00:00Z,Toledo Rockets,Temple Owls,betus,Toledo Rockets,-5.5,-115
2026-09-17T16:13:54Z,ea8b0414ff464255eef426fd61427030,2026-09-19T19:00:00Z,Toledo Rockets,Temple Owls,bovada,Temple Owls,5.5,-105
2026-09-17T16:13:54Z,ea8b0414ff464255eef426fd61427030,2026-09-19T19:00:00Z,Toledo Rockets,Temple Owls,bovada,Toledo Rockets,-5.5,-115
2026-09-17T16:13:54Z,a85cea77fbd44d9135461815777f6a9c,2026-09-19T19:30:00Z,Alabama Crimson Tide,Florida State Seminoles,draftkings,Alabama Crimson Tide,-19.5,-108
2026-09-17T16:13:54Z,a85cea77fbd44d9135461815777f6a9c,2026-09-19T19:30:00Z,Alabama Crimson Tide,Florida State Seminoles,draftkings,Florida State Seminoles,19.5,-112
2026-09-17T16:13:54Z,a85cea77fbd44d9135461815777f6a9c,2026-09-19T19:30:00Z,Alabama Crimson Tide,Florida State Seminoles,mybookieag,Alabama Crimson Tide,-19.5,-110
2026-09-17T16:13:54Z,a85cea77fbd44d9135461815777f6a9c,2026-09-19T19:30:00Z,Alabama Crimson Tide,Florida State Seminoles,mybookieag,Florida State Seminoles,19.5,-110
2026-09-17T16:13:54Z,a85cea77fbd44d9135461815777f6a9c,2026-09-19T19:30:00Z,Alabama Crimson Tide,Florida State Seminoles,betmgm,Alabama Crimson Tide,-19.0,-108
2026-09-17T16:13:54Z,a85cea77fbd44d9135461815777f6a9c,2026-09-19T19:30:00Z,Alabama Crimson Tide,Florida State Seminoles,betmgm,Florida State Seminoles,19.0,-110
2026-09-17T16:13:54Z,a85cea77fbd44d9135461815777f6a9c,2026-09-19T19:30:00Z,Alabama Crimson Tide,Florida State Seminoles,fanduel,Alabama Crimson Tide,-18.5,-110
2026-09-17T16:13:54Z,a85cea77fbd44d9135461815777f6a9c,2026-09-19T19:30:00Z,Alabama Crimson Tide,Florida State Seminoles,fanduel,Florida State Seminoles,18.5,-110
2026-09-17T16:13:54Z,a85cea77fbd44d9135461815777f6a9c,2026-09-19T19:30:00Z,Alabama Crimson Tide,Florida State Seminoles,betrivers,Alabama Crimson Tide,-18.5,-114
2026-09-17T16:13:54Z,a85cea77fbd44d9135461815777f6a9c,2026-09-19T19:30:00Z,Alabama Crimson Tide,Florida State Seminoles,betrivers,Florida State Seminoles,18.5,-109
2026-09-17T16:13:54Z,a85cea77fbd44d9135461815777f6a9c,2026-09-19T19:30:00Z,Alabama Crimson Tide,Florida State Seminoles,bovada,Alabama Crimson Tide,-19.5,-110
2026-09-17T16:13:54Z,a85cea77fbd44d9135461815777f6a9c,2026-09-19T19:30:00Z,Alabama Crimson Tide,Florida State Seminoles,bovada,Florida State Seminoles,19.5,-110
2026-09-17T16:13:54Z,15ebe2df1d91e584d091d509e70a1a71,2026-09-19T19:30:00Z,Cincinnati Bearcats,Miami (OH) RedHawks,fanduel,Cincinnati Bearcats,-15.5,-108
2026-09-17T16:13:54Z,15ebe2df1d91e584d091d509e70a1a71,2026-09-19T19:30:00Z,Cincinnati Bearcats,Miami (OH) RedHawks,fanduel,Miami (OH) RedHawks,15.5,-112
2026-09-17T16:13:54Z,15ebe2df1d91e584d091d509e70a1a71,2026-09-19T19:30:00Z,Cincinnati Bearcats,Miami (OH) RedHawks,draftkings,Cincinnati Bearcats,-16.5,-105
2026-09-17T16:13:54Z,15ebe2df1d91e584d091d509e70a1a71,2026-09-19T19:30:00Z,Cincinnati Bearcats,Miami (OH) RedHawks,draftkings,Miami (OH) RedHawks,16.5,-115
2026-09-17T16:13:54Z,15ebe2df1d91e584d091d509e70a1a71,2026-09-19T19:30:00Z,Cincinnati Bearcats,Miami (OH) RedHawks,lowvig,Cincinnati Bearcats,-16.0,-101
2026-09-17T16:13:54Z,15ebe2df1d91e584d091d509e70a1a71,2026-09-19T19:30:00Z,Cincinnati Bearcats,Miami (OH) RedHawks,lowvig,Miami (OH) RedHawks,16.0,-111
2026-09-17T16:13:54Z,15ebe2df1d91e584d091d509e70a1a71,2026-09-19T19:30:00Z,Cincinnati Bearcats,Miami (OH) RedHawks,betonlineag,Cincinnati Bearcats,-16.0,-105
2026-09-17T16:13:54Z,15ebe2df1d91e584d091d509e70a1a71,2026-09-19T19:30:00Z,Cincinnati Bearcats,Miami (OH) RedHawks,betonlineag,Miami (OH) RedHawks,16.0,-115
2026-09-17T16:13:54Z,15ebe2df1d91e584d091d509e70a1a71,2026-09-19T19:30:00Z,Cincinnati Bearcats,Miami (OH) RedHawks,betmgm,Cincinnati Bearcats,-15.5,-108
2026-09-17T16:13:54Z,15ebe2df1d91e584d091d509e70a1a71,2026-09-19T19:30:00Z,Cincinnati Bearcats,Miami (OH) RedHawks,betmgm,Miami (OH) RedHawks,15.5,-110
2026-09-17T16:13:54Z,15ebe2df1d91e584d091d509e70a1a71,2026-09-19T19:30:00Z,Cincinnati Bearcats,Miami (OH) RedHawks,betus,Cincinnati Bearcats,-16.0,-105
2026-09-17T16:13:54Z,15ebe2df1d91e584d091d509e70a1a71,2026-09-19T19:30:00Z,Cincinnati Bearcats,Miami (OH) RedHawks,betus,Miami (OH) RedHawks,16.0,-115
2026-09-17T16:13:54Z,15ebe2df1d91e584d091d509e70a1a71,2026-09-19T19:30:00Z,Cincinnati Bearcats,Miami (OH) RedHawks,bovada,Cincinnati Bearcats,-15.5,-110
2026-09-17T16:13:54Z,15ebe2df1d91e584d091d509e70a1a71,2026-09-19T19:30:00Z,Cincinnati Bearcats,Miami (OH) RedHawks,bovada,Miami (OH) RedHawks,15.5,-110
2026-09-17T16:13:54Z,8bdb9d65119df877f2e2ec632d28fef1,2026-09-19T19:30:00Z,Washington State Cougars,Duquesne Dukes,betrivers,Duquesne Dukes,38.5,-109
2026-09-17T16:13:54Z,8bdb9d65119df877f2e2ec632d28fef1,2026-09-19T19:30:00Z,Washington State Cougars,Duquesne Dukes,betrivers,Washington State Cougars,-38.5,-114
2026-09-17T16:13:54Z,8bdb9d65119df877f2e2ec632d28fef1,2026-09-19T19:30:00Z,Washington State Cougars,Duquesne Dukes,lowvig,Duquesne Dukes,37.5,-115
2026-09-17T16:13:54Z,8bdb9d65119df877f2e2ec632d28fef1,2026-09-19T19:30:00Z,Washington State Cougars,Duquesne Dukes,lowvig,Washington State Cougars,-37.5,-115
2026-09-17T16:13:54Z,8bdb9d65119df877f2e2ec632d28fef1,2026-09-19T19:30:00Z,Washington State Cougars,Duquesne Dukes,betonlineag,Duquesne Dukes,37.5,-115
2026-09-17T16:13:54Z,8bdb9d65119df877f2e2ec632d28fef1,2026-09-19T19:30:00Z,Washington State Cougars,Duquesne Dukes,betonlineag,Washington State Cougars,-37.5,-115
2026-09-17T16:13:54Z,d2da9e958e6f4800929ff9411b697a4b,2026-09-19T19:30:00Z,Texas A&M Aggies,Kentucky Wildcats,fanduel,Kentucky Wildcats,16.5,100
2026-09-17T16:13:54Z,d2da9e958e6f4800929ff9411b697a4b,2026-09-19T19:30:00Z,Texas A&M Aggies,Kentucky Wildcats,fanduel,Texas A&M Aggies,-16.5,-122
2026-09-17T16:13:54Z,d2da9e958e6f4800929ff9411b697a4b,2026-09-19T19:30:00Z,Texas A&M Aggies,Kentucky Wildcats,draftkings,Kentucky Wildcats,16.5,-102
2026-09-17T16:13:54Z,d2da9e958e6f4800929ff9411b697a4b,2026-09-19T19:30:00Z,Texas A&M Aggies,Kentucky Wildcats,draftkings,Texas A&M Aggies,-16.5,-118
2026-09-17T16:13:54Z,d2da9e958e6f4800929ff9411b697a4b,2026-09-19T19:30:00Z,Texas A&M Aggies,Kentucky Wildcats,betmgm,Kentucky Wildcats,17.0,-110
2026-09-17T16:13:54Z,d2da9e958e6f4800929ff9411b697a4b,2026-09-19T19:30:00Z,Texas A&M Aggies,Kentucky Wildcats,betmgm,Texas A&M Aggies,-17.0,-108
2026-09-17T16:13:54Z,d2da9e958e6f4800929ff9411b697a4b,2026-09-19T19:30:00Z,Texas A&M Aggies,Kentucky Wildcats,lowvig,Kentucky Wildcats,17.0,-106
2026-09-17T16:13:54Z,d2da9e958e6f4800929ff9411b697a4b,2026-09-19T19:30:00Z,Texas A&M Aggies,Kentucky Wildcats,lowvig,Texas A&M Aggies,-17.0,-106
2026-09-17T16:13:54Z,d2da9e958e6f4800929ff9411b697a4b,2026-09-19T19:30:00Z,Texas A&M Aggies,Kentucky Wildcats,betonlineag,Kentucky Wildcats,17.0,-110
2026-09-17T16:13:54Z,d2da9e958e6f4800929ff9411b697a4b,2026-09-19T19:30:00Z,Texas A&M Aggies,Kentucky Wildcats,betonlineag,Texas A&M Aggies,-17.0,-110
2026-09-17T16:13:54Z,d2da9e958e6f4800929ff9411b697a4b,2026-09-19T19:30:00Z,Texas A&M Aggies,Kentucky Wildcats,betus,Kentucky Wildcats,17.0,-110
2026-09-17T16:13:54Z,d2da9e958e6f4800929ff9411b697a4b,2026-09-19T19:30:00Z,Texas A&M Aggies,Kentucky Wildcats,betus,Texas A&M Aggies,-17.0,-110
2026-09-17T16:13:54Z,dbcfc3184e20d1ea45e910b89585071f,2026-09-19T19:30:00Z,Louisville Cardinals,SMU Mustangs,betmgm,SMU Mustangs,1.5,-108
2026-09-17T16:13:54Z,f9b0ff34657875b54ee16b8254168159,2026-09-19T19:30:00Z,Michigan Wolverines,UTEP Miners,fanduel,Michigan Wolverines,-34.5,-122
2026-09-17T16:13:54Z,f9b0ff34657875b54ee16b8254168159,2026-09-19T19:30:00Z,Michigan Wolverines,UTEP Miners,fanduel,UTEP Miners,34.5,100
2026-09-17T16:13:54Z,f9b0ff34657875b54ee16b8254168159,2026-09-19T19:30:00Z,Michigan Wolverines,UTEP Miners,betrivers,Michigan Wolverines,-35.0,-110
2026-09-17T16:13:54Z,f9b0ff34657875b54ee16b8254168159,2026-09-19T19:30:00Z,Michigan Wolverines,UTEP Miners,betrivers,UTEP Miners,35.0,-113
2026-09-17T16:13:54Z,f9b0ff34657875b54ee16b8254168159,2026-09-19T19:30:00Z,Michigan Wolverines,UTEP Miners,betmgm,Michigan Wolverines,-34.5,-110
2026-09-17T16:13:54Z,f9b0ff34657875b54ee16b8254168159,2026-09-19T19:30:00Z,Michigan Wolverines,UTEP Miners,betmgm,UTEP Miners,34.5,-108
2026-09-17T16:13:54Z,8b31d45a11a98ec8e6a9a9a5368a1bf4,2026-09-19T19:30:00Z,Rutgers Scarlet Knights,USC Trojans,fanduel,Rutgers Scarlet Knights,22.5,-110
2026-09-17T16:13:54Z,8b31d45a11a98ec8e6a9a9a5368a1bf4,2026-09-19T19:30:00Z,Rutgers Scarlet Knights,USC Trojans,fanduel,USC Trojans,-22.5,-110
2026-09-17T16:13:54Z,8b31d45a11a98ec8e6a9a9a5368a1bf4,2026-09-19T19:30:00Z,Rutgers Scarlet Knights,USC Trojans,draftkings,Rutgers Scarlet Knights,21.5,-108
2026-09-17T16:13:54Z,8b31d45a11a98ec8e6a9a9a5368a1bf4,2026-09-19T19:30:00Z,Rutgers Scarlet Knights,USC Trojans,draftkings,USC Trojans,-21.5,-112
2026-09-17T16:13:54Z,8b31d45a11a98ec8e6a9a9a5368a1bf4,2026-09-19T19:30:00Z,Rutgers Scarlet Knights,USC Trojans,lowvig,Rutgers Scarlet Knights,21.5,-106
2026-09-17T16:13:54Z,8b31d45a11a98ec8e6a9a9a5368a1bf4,2026-09-19T19:30:00Z,Rutgers Scarlet Knights,USC Trojans,lowvig,USC Trojans,-21.5,-106
2026-09-17T16:13:54Z,8b31d45a11a98ec8e6a9a9a5368a1bf4,2026-09-19T19:30:00Z,Rutgers Scarlet Knights,USC Trojans,betonlineag,Rutgers Scarlet Knights,21.5,-110
2026-09-17T16:13:54Z,8b31d45a11a98ec8e6a9a9a5368a1bf4,2026-09-19T19:30:00Z,Rutgers Scarlet Knights,USC Trojans,betonlineag,USC Trojans,-21.5,-110
2026-09-17T16:13:54Z,8b31d45a11a98ec8e6a9a9a5368a1bf4,2026-09-19T19:30:00Z,Rutgers Scarlet Knights,USC Trojans,betrivers,Rutgers Scarlet Knights,22.5,-110
2026-09-17T16:13:54Z,8b31d45a11a98ec8e6a9a9a5368a1bf4,2026-09-19T19:30:00Z,Rutgers Scarlet Knights,USC Trojans,betrivers,USC Trojans,-22.5,-112
2026-09-17T16:13:54Z,8b31d45a11a98ec8e6a9a9a5368a1bf4,2026-09-19T19:30:00Z,Rutgers Scarlet Knights,USC Trojans,betmgm,Rutgers Scarlet Knights,21.5,-108
2026-09-17T16:13:54Z,8b31d45a11a98ec8e6a9a9a5368a1bf4,2026-09-19T19:30:00Z,Rutgers Scarlet Knights,USC Trojans,betmgm,USC Trojans,-21.5,-110
2026-09-17T16:13:54Z,8b31d45a11a98ec8e6a9a9a5368a1bf4,2026-09-19T19:30:00Z,Rutgers Scarlet Knights,USC Trojans,betus,Rutgers Scarlet Knights,21.5,-110
2026-09-17T16:13:54Z,8b31d45a11a98ec8e6a9a9a5368a1bf4,2026-09-19T19:30:00Z,Rutgers Scarlet Knights,USC Trojans,betus,USC Trojans,-21.5,-110
2026-09-17T16:13:54Z,a25ab1dfd8fdb11a06a6a4b5c707d266,2026-09-19T19:30:00Z,UMass Minutemen,Stonehill Skyhawks,lowvig,Stonehill Skyhawks,33.5,-115
2026-09-17T16:13:54Z,a25ab1dfd8fdb11a06a6a4b5c707d266,2026-09-19T19:30:00Z,UMass Minutemen,Stonehill Skyhawks,lowvig,UMass Minutemen,-33.5,-115
2026-09-17T16:13:54Z,a25ab1dfd8fdb11a06a6a4b5c707d266,2026-09-19T19:30:00Z,UMass Minutemen,Stonehill Skyhawks,betonlineag,Stonehill Skyhawks,33.5,-115
2026-09-17T16:13:54Z,a25ab1dfd8fdb11a06a6a4b5c707d266,2026-09-19T19:30:00Z,UMass Minutemen,Stonehill Skyhawks,betonlineag,UMass Minutemen,-33.5,-115
2026-09-17T16:13:54Z,9a94b95365b9c78fbfb612ce4c859eda,2026-09-19T19:30:00Z,Utah Utes,Utah State Aggies,betonlineag,Utah State Aggies,28.0,-115
2026-09-17T16:13:54Z,9a94b95365b9c78fbfb612ce4c859eda,2026-09-19T19:30:00Z,Utah Utes,Utah State Aggies,betonlineag,Utah Utes,-28.0,-105
2026-09-17T16:13:54Z,089e1a60578160dd6828794656461ba5,2026-09-19T20:00:00Z,Liberty Flames,Ball State Cardinals,fanduel,Ball State Cardinals,14.5,-115
2026-09-17T16:13:54Z,089e1a60578160dd6828794656461ba5,2026-09-19T20:00:00Z,Liberty Flames,Ball State Cardinals,fanduel,Liberty Flames,-14.5,-105
2026-09-17T16:13:54Z,089e1a60578160dd6828794656461ba5,2026-09-19T20:00:00Z,Liberty Flames,Ball State Cardinals,lowvig,Ball State Cardinals,14.0,-101
2026-09-17T16:13:54Z,089e1a60578160dd6828794656461ba5,2026-09-19T20:00:00Z,Liberty Flames,Ball State Cardinals,lowvig,Liberty Flames,-14.0,-111
2026-09-17T16:13:54Z,089e1a60578160dd6828794656461ba5,2026-09-19T20:00:00Z,Liberty Flames,Ball State Cardinals,betmgm,Ball State Cardinals,14.0,-110
2026-09-17T16:13:54Z,089e1a60578160dd6828794656461ba5,2026-09-19T20:00:00Z,Liberty Flames,Ball State Cardinals,betmgm,Liberty Flames,-14.0,-108
2026-09-17T16:13:54Z,089e1a60578160dd6828794656461ba5,2026-09-19T20:00:00Z,Liberty Flames,Ball State Cardinals,bovada,Ball State Cardinals,14.0,-105
2026-09-17T16:13:54Z,089e1a60578160dd6828794656461ba5,2026-09-19T20:00:00Z,Liberty Flames,Ball State Cardinals,bovada,Liberty Flames,-14.0,-115
2026-09-17T16:13:54Z,790266884d07b6c2aeed8efc216ba610,2026-09-19T20:00:00Z,Baylor Bears,Louisiana Tech Bulldogs,fanduel,Baylor Bears,-17.5,-105
2026-09-17T16:13:54Z,790266884d07b6c2aeed8efc216ba610,2026-09-19T20:00:00Z,Baylor Bears,Louisiana Tech Bulldogs,fanduel,Louisiana Tech Bulldogs,17.5,-115
2026-09-17T16:13:54Z,790266884d07b6c2aeed8efc216ba610,2026-09-19T20:00:00Z,Baylor Bears,Louisiana Tech Bulldogs,draftkings,Baylor Bears,-17.5,-118
2026-09-17T16:13:54Z,790266884d07b6c2aeed8efc216ba610,2026-09-19T20:00:00Z,Baylor Bears,Louisiana Tech Bulldogs,draftkings,Louisiana Tech Bulldogs,17.5,-102
2026-09-17T16:13:54Z,790266884d07b6c2aeed8efc216ba610,2026-09-19T20:00:00Z,Baylor Bears,Louisiana Tech Bulldogs,lowvig,Baylor Bears,-17.5,-109
2026-09-17T16:13:54Z,790266884d07b6c2aeed8efc216ba610,2026-09-19T20:00:00Z,Baylor Bears,Louisiana Tech Bulldogs,lowvig,Louisiana Tech Bulldogs,17.5,-103
2026-09-17T16:13:54Z,790266884d07b6c2aeed8efc216ba610,2026-09-19T20:00:00Z,Baylor Bears,Louisiana Tech Bulldogs,betonlineag,Baylor Bears,-17.5,-113
2026-09-17T16:13:54Z,790266884d07b6c2aeed8efc216ba610,2026-09-19T20:00:00Z,Baylor Bears,Louisiana Tech Bulldogs,betonlineag,Louisiana Tech Bulldogs,17.5,-107
2026-09-17T16:13:54Z,790266884d07b6c2aeed8efc216ba610,2026-09-19T20:00:00Z,Baylor Bears,Louisiana Tech Bulldogs,betmgm,Baylor Bears,-17.5,-110
2026-09-17T16:13:54Z,790266884d07b6c2aeed8efc216ba610,2026-09-19T20:00:00Z,Baylor Bears,Louisiana Tech Bulldogs,betmgm,Louisiana Tech Bulldogs,17.5,-108
2026-09-17T16:13:54Z,790266884d07b6c2aeed8efc216ba610,2026-09-19T20:00:00Z,Baylor Bears,Louisiana Tech Bulldogs,mybookieag,Baylor Bears,-18.0,-110
2026-09-17T16:13:54Z,790266884d07b6c2aeed8efc216ba610,2026-09-19T20:00:00Z,Baylor Bears,Louisiana Tech Bulldogs,mybookieag,Louisiana Tech Bulldogs,18.0,-110
2026-09-17T16:13:54Z,790266884d07b6c2aeed8efc216ba610,2026-09-19T20:00:00Z,Baylor Bears,Louisiana Tech Bulldogs,betrivers,Baylor Bears,-18.0,-109
2026-09-17T16:13:54Z,790266884d07b6c2aeed8efc216ba610,2026-09-19T20:00:00Z,Baylor Bears,Louisiana Tech Bulldogs,betrivers,Louisiana Tech Bulldogs,18.0,-114
2026-09-17T16:13:54Z,790266884d07b6c2aeed8efc216ba610,2026-09-19T20:00:00Z,Baylor Bears,Louisiana Tech Bulldogs,betus,Baylor Bears,-17.5,-115
2026-09-17T16:13:54Z,790266884d07b6c2aeed8efc216ba610,2026-09-19T20:00:00Z,Baylor Bears,Louisiana Tech Bulldogs,betus,Louisiana Tech Bulldogs,17.5,-105
2026-09-17T16:13:54Z,790266884d07b6c2aeed8efc216ba610,2026-09-19T20:00:00Z,Baylor Bears,Louisiana Tech Bulldogs,bovada,Baylor Bears,-18.0,-110
2026-09-17T16:13:54Z,790266884d07b6c2aeed8efc216ba610,2026-09-19T20:00:00Z,Baylor Bears,Louisiana Tech Bulldogs,bovada,Louisiana Tech Bulldogs,18.0,-110
2026-09-17T16:13:54Z,3c742aa7dc1c1da030846964a72de370,2026-09-19T20:00:00Z,Duke Blue Devils,Stanford Cardinal,fanduel,Duke Blue Devils,-10.5,-110
2026-09-17T16:13:54Z,3c742aa7dc1c1da030846964a72de370,2026-09-19T20:00:00Z,Duke Blue Devils,Stanford Cardinal,fanduel,Stanford Cardinal,10.5,-110
2026-09-17T16:13:54Z,3c742aa7dc1c1da030846964a72de370,2026-09-19T20:00:00Z,Duke Blue Devils,Stanford Cardinal,lowvig,Duke Blue Devils,-10.0,-108
2026-09-17T16:13:54Z,3c742aa7dc1c1da030846964a72de370,2026-09-19T20:00:00Z,Duke Blue Devils,Stanford Cardinal,lowvig,Stanford Cardinal,10.0,-104
2026-09-17T16:13:54Z,3c742aa7dc1c1da030846964a72de370,2026-09-19T20:00:00Z,Duke Blue Devils,Stanford Cardinal,betonlineag,Duke Blue Devils,-10.0,-112
2026-09-17T16:13:54Z,3c742aa7dc1c1da030846964a72de370,2026-09-19T20:00:00Z,Duke Blue Devils,Stanford Cardinal,betonlineag,Stanford Cardinal,10.0,-108
2026-09-17T16:13:54Z,3c742aa7dc1c1da030846964a72de370,2026-09-19T20:00:00Z,Duke Blue Devils,Stanford Cardinal,betmgm,Duke Blue Devils,-10.0,-110
2026-09-17T16:13:54Z,3c742aa7dc1c1da030846964a72de370,2026-09-19T20:00:00Z,Duke Blue Devils,Stanford Cardinal,betmgm,Stanford Cardinal,10.0,-108
2026-09-17T16:13:54Z,f459decff5e212a417df01fead33b180,2026-09-19T20:00:00Z,Indiana Hoosiers,Western Kentucky Hilltoppers,lowvig,Indiana Hoosiers,-44.5,-106
2026-09-17T16:13:54Z,f459decff5e212a417df01fead33b180,2026-09-19T20:00:00Z,Indiana Hoosiers,Western Kentucky Hilltoppers,lowvig,Western Kentucky Hilltoppers,44.5,-106
2026-09-17T16:13:54Z,f459decff5e212a417df01fead33b180,2026-09-19T20:00:00Z,Indiana Hoosiers,Western Kentucky Hilltoppers,betonlineag,Indiana Hoosiers,-44.5,-110
2026-09-17T16:13:54Z,f459decff5e212a417df01fead33b180,2026-09-19T20:00:00Z,Indiana Hoosiers,Western Kentucky Hilltoppers,betonlineag,Western Kentucky Hilltoppers,44.5,-110
2026-09-17T16:13:54Z,1d773c6e9934d12970ba222e96ec4c80,2026-09-19T20:00:00Z,Iowa Hawkeyes,Northern Iowa Panthers,betrivers,Iowa Hawkeyes,-40.0,-112
2026-09-17T16:13:54Z,1d773c6e9934d12970ba222e96ec4c80,2026-09-19T20:00:00Z,Iowa Hawkeyes,Northern Iowa Panthers,betrivers,Northern Iowa Panthers,40.0,-112
2026-09-17T16:13:54Z,1d773c6e9934d12970ba222e96ec4c80,2026-09-19T20:00:00Z,Iowa Hawkeyes,Northern Iowa Panthers,lowvig,Iowa Hawkeyes,-40.5,-115
2026-09-17T16:13:54Z,1d773c6e9934d12970ba222e96ec4c80,2026-09-19T20:00:00Z,Iowa Hawkeyes,Northern Iowa Panthers,lowvig,Northern Iowa Panthers,40.5,-115
2026-09-17T16:13:54Z,1d773c6e9934d12970ba222e96ec4c80,2026-09-19T20:00:00Z,Iowa Hawkeyes,Northern Iowa Panthers,betonlineag,Iowa Hawkeyes,-40.5,-115
2026-09-17T16:13:54Z,1d773c6e9934d12970ba222e96ec4c80,2026-09-19T20:00:00Z,Iowa Hawkeyes,Northern Iowa Panthers,betonlineag,Northern Iowa Panthers,40.5,-115
2026-09-17T16:13:54Z,a4e7771497976db67e6a81bc3700b32f,2026-09-19T20:15:00Z,South Carolina Gamecocks,Mississippi State Bulldogs,lowvig,Mississippi State Bulldogs,3.5,-101
2026-09-17T16:13:54Z,a4e7771497976db67e6a81bc3700b32f,2026-09-19T20:15:00Z,South Carolina Gamecocks,Mississippi State Bulldogs,lowvig,South Carolina Gamecocks,-3.5,-111
2026-09-17T16:13:54Z,a4e7771497976db67e6a81bc3700b32f,2026-09-19T20:15:00Z,South Carolina Gamecocks,Mississippi State Bulldogs,betonlineag,Mississippi State Bulldogs,3.5,-105
2026-09-17T16:13:54Z,a4e7771497976db67e6a81bc3700b32f,2026-09-19T20:15:00Z,South Carolina Gamecocks,Mississippi State Bulldogs,betonlineag,South Carolina Gamecocks,-3.5,-115
2026-09-17T16:13:54Z,a4e7771497976db67e6a81bc3700b32f,2026-09-19T20:15:00Z,South Carolina Gamecocks,Mississippi State Bulldogs,betmgm,Mississippi State Bulldogs,4.0,-110
2026-09-17T16:13:54Z,a4e7771497976db67e6a81bc3700b32f,2026-09-19T20:15:00Z,South Carolina Gamecocks,Mississippi State Bulldogs,betmgm,South Carolina Gamecocks,-4.0,-108
2026-09-17T16:13:54Z,09e86b2dd47d075b2fddb3174d21b1ac,2026-09-19T20:30:00Z,UL Monroe Warhawks,Southeastern Louisiana Lions,lowvig,Southeastern Louisiana Lions,10.5,-115
2026-09-17T16:13:54Z,09e86b2dd47d075b2fddb3174d21b1ac,2026-09-19T20:30:00Z,UL Monroe Warhawks,Southeastern Louisiana Lions,lowvig,UL Monroe Warhawks,-10.5,-115
2026-09-17T16:13:54Z,09e86b2dd47d075b2fddb3174d21b1ac,2026-09-19T20:30:00Z,UL Monroe Warhawks,Southeastern Louisiana Lions,betonlineag,Southeastern Louisiana Lions,10.5,-115
2026-09-17T16:13:54Z,09e86b2dd47d075b2fddb3174d21b1ac,2026-09-19T20:30:00Z,UL Monroe Warhawks,Southeastern Louisiana Lions,betonlineag,UL Monroe Warhawks,-10.5,-115
2026-09-17T16:13:54Z,3db3de2fb9101f01f676c1f319837667,2026-09-19T22:00:00Z,Appalachian State Mountaineers,Charlotte 49ers,draftkings,Appalachian State Mountaineers,-17.5,-105
2026-09-17T16:13:54Z,3db3de2fb9101f01f676c1f319837667,2026-09-19T22:00:00Z,Appalachian State Mountaineers,Charlotte 49ers,draftkings,Charlotte 49ers,17.5,-115
2026-09-17T16:13:54Z,3db3de2fb9101f01f676c1f319837667,2026-09-19T22:00:00Z,Appalachian State Mountaineers,Charlotte 49ers,betmgm,Appalachian State Mountaineers,-17.5,-110
2026-09-17T16:13:54Z,3db3de2fb9101f01f676c1f319837667,2026-09-19T22:00:00Z,Appalachian State Mountaineers,Charlotte 49ers,betmgm,Charlotte 49ers,17.5,-120
2026-09-17T16:13:54Z,3db3de2fb9101f01f676c1f319837667,2026-09-19T22:00:00Z,Appalachian State Mountaineers,Charlotte 49ers,lowvig,Appalachian State Mountaineers,-17.5,-101
2026-09-17T16:13:54Z,3db3de2fb9101f01f676c1f319837667,2026-09-19T22:00:00Z,Appalachian State Mountaineers,Charlotte 49ers,lowvig,Charlotte 49ers,17.5,-111
2026-09-17T16:13:54Z,3db3de2fb9101f01f676c1f319837667,2026-09-19T22:00:00Z,Appalachian State Mountaineers,Charlotte 49ers,betonlineag,Appalachian State Mountaineers,-17.5,100
2026-09-17T16:13:54Z,3db3de2fb9101f01f676c1f319837667,2026-09-19T22:00:00Z,Appalachian State Mountaineers,Charlotte 49ers,betonlineag,Charlotte 49ers,17.5,-120
2026-09-17T16:13:54Z,3db3de2fb9101f01f676c1f319837667,2026-09-19T22:00:00Z,Appalachian State Mountaineers,Charlotte 49ers,betus,Appalachian State Mountaineers,-17.5,-105
2026-09-17T16:13:54Z,3db3de2fb9101f01f676c1f319837667,2026-09-19T22:00:00Z,Appalachian State Mountaineers,Charlotte 49ers,betus,Charlotte 49ers,17.5,-115
2026-09-17T16:13:54Z,3db3de2fb9101f01f676c1f319837667,2026-09-19T22:00:00Z,Appalachian State Mountaineers,Charlotte 49ers,bovada,Appalachian State Mountaineers,-17.0,-110
2026-09-17T16:13:54Z,3db3de2fb9101f01f676c1f319837667,2026-09-19T22:00:00Z,Appalachian State Mountaineers,Charlotte 49ers,bovada,Charlotte 49ers,17.0,-110
2026-09-17T16:13:54Z,436d9422da324c807b9d2fb50a2ef62a,2026-09-19T22:00:00Z,Old Dominion Monarchs,East Carolina Pirates,draftkings,East Carolina Pirates,3.0,-115
2026-09-17T16:13:54Z,436d9422da324c807b9d2fb50a2ef62a,2026-09-19T22:00:00Z,Old Dominion Monarchs,East Carolina Pirates,draftkings,Old Dominion Monarchs,-3.0,-105
2026-09-17T16:13:54Z,436d9422da324c807b9d2fb50a2ef62a,2026-09-19T22:00:00Z,Old Dominion Monarchs,East Carolina Pirates,betonlineag,East Carolina Pirates,3.0,-115
2026-09-17T16:13:54Z,436d9422da324c807b9d2fb50a2ef62a,2026-09-19T22:00:00Z,Old Dominion Monarchs,East Carolina Pirates,betonlineag,Old Dominion Monarchs,-3.0,-105
2026-09-17T16:13:54Z,436d9422da324c807b9d2fb50a2ef62a,2026-09-19T22:00:00Z,Old Dominion Monarchs,East Carolina Pirates,lowvig,East Carolina Pirates,3.0,-111
2026-09-17T16:13:54Z,436d9422da324c807b9d2fb50a2ef62a,2026-09-19T22:00:00Z,Old Dominion Monarchs,East Carolina Pirates,lowvig,Old Dominion Monarchs,-3.0,-101
2026-09-17T16:13:54Z,436d9422da324c807b9d2fb50a2ef62a,2026-09-19T22:00:00Z,Old Dominion Monarchs,East Carolina Pirates,betmgm,East Carolina Pirates,3.0,-115
2026-09-17T16:13:54Z,436d9422da324c807b9d2fb50a2ef62a,2026-09-19T22:00:00Z,Old Dominion Monarchs,East Carolina Pirates,betmgm,Old Dominion Monarchs,-3.0,-102
2026-09-17T16:13:54Z,436d9422da324c807b9d2fb50a2ef62a,2026-09-19T22:00:00Z,Old Dominion Monarchs,East Carolina Pirates,betus,East Carolina Pirates,3.0,-115
2026-09-17T16:13:54Z,436d9422da324c807b9d2fb50a2ef62a,2026-09-19T22:00:00Z,Old Dominion Monarchs,East Carolina Pirates,betus,Old Dominion Monarchs,-3.0,-105
2026-09-17T16:13:54Z,da4cee8b35281f4528d3dd939d42814d,2026-09-19T22:00:00Z,Florida Atlantic Owls,Florida International Panthers,lowvig,Florida Atlantic Owls,-7.0,103
2026-09-17T16:13:54Z,da4cee8b35281f4528d3dd939d42814d,2026-09-19T22:00:00Z,Florida Atlantic Owls,Florida International Panthers,lowvig,Florida International Panthers,7.0,-115
2026-09-17T16:13:54Z,da4cee8b35281f4528d3dd939d42814d,2026-09-19T22:00:00Z,Florida Atlantic Owls,Florida International Panthers,betonlineag,Florida Atlantic Owls,-7.0,-105
2026-09-17T16:13:54Z,da4cee8b35281f4528d3dd939d42814d,2026-09-19T22:00:00Z,Florida Atlantic Owls,Florida International Panthers,betonlineag,Florida International Panthers,7.0,-115
2026-09-17T16:13:54Z,da4cee8b35281f4528d3dd939d42814d,2026-09-19T22:00:00Z,Florida Atlantic Owls,Florida International Panthers,betrivers,Florida Atlantic Owls,-7.0,-109
2026-09-17T16:13:54Z,da4cee8b35281f4528d3dd939d42814d,2026-09-19T22:00:00Z,Florida Atlantic Owls,Florida International Panthers,betrivers,Florida International Panthers,7.0,-114
2026-09-17T16:13:54Z,fa9113ed354c9a40e487f5b923b4238f,2026-09-19T22:30:00Z,Missouri State Bears,Marshall Thundering Herd,fanduel,Marshall Thundering Herd,-4.5,-102
2026-09-17T16:13:54Z,fa9113ed354c9a40e487f5b923b4238f,2026-09-19T22:30:00Z,Missouri State Bears,Marshall Thundering Herd,fanduel,Missouri State Bears,4.5,-120
2026-09-17T16:13:54Z,d72de7a6a2387f86edc530bbe90a7664,2026-09-19T23:00:00Z,South Florida Bulls,Delaware State Hornets,betonlineag,Delaware State Hornets,36.5,-115
2026-09-17T16:13:54Z,d72de7a6a2387f86edc530bbe90a7664,2026-09-19T23:00:00Z,South Florida Bulls,Delaware State Hornets,betonlineag,South Florida Bulls,-36.5,-115
2026-09-17T16:13:54Z,d72de7a6a2387f86edc530bbe90a7664,2026-09-19T23:00:00Z,South Florida Bulls,Delaware State Hornets,lowvig,Delaware State Hornets,36.5,-115
2026-09-17T16:13:54Z,d72de7a6a2387f86edc530bbe90a7664,2026-09-19T23:00:00Z,South Florida Bulls,Delaware State Hornets,lowvig,South Florida Bulls,-36.5,-115
2026-09-17T16:13:54Z,60c8d1fde1467bde9f2a20b5d4cb7c90,2026-09-19T23:00:00Z,Jacksonville State Gamecocks,Georgia Southern Eagles,draftkings,Georgia Southern Eagles,3.5,-118
2026-09-17T16:13:54Z,60c8d1fde1467bde9f2a20b5d4cb7c90,2026-09-19T23:00:00Z,Jacksonville State Gamecocks,Georgia Southern Eagles,draftkings,Jacksonville State Gamecocks,-3.5,-102
2026-09-17T16:13:54Z,60c8d1fde1467bde9f2a20b5d4cb7c90,2026-09-19T23:00:00Z,Jacksonville State Gamecocks,Georgia Southern Eagles,betmgm,Georgia Southern Eagles,3.5,-112
2026-09-17T16:13:54Z,4a9e833f32775e201ee648c51840df85,2026-09-19T23:00:00Z,UCF Knights,Georgia State Panthers,fanduel,Georgia State Panthers,17.5,-110
2026-09-17T16:13:54Z,4a9e833f32775e201ee648c51840df85,2026-09-19T23:00:00Z,UCF Knights,Georgia State Panthers,fanduel,UCF Knights,-17.5,-110
2026-09-17T16:13:54Z,4a9e833f32775e201ee648c51840df85,2026-09-19T23:00:00Z,UCF Knights,Georgia State Panthers,betonlineag,Georgia State Panthers,18.0,-115
2026-09-17T16:13:54Z,4a9e833f32775e201ee648c51840df85,2026-09-19T23:00:00Z,UCF Knights,Georgia State Panthers,betonlineag,UCF Knights,-18.0,-105
2026-09-17T16:13:54Z,36bb6ea150432c9958bd533c49b06f23,2026-09-19T23:00:00Z,Memphis Tigers,UT Martin Skyhawks,betrivers,Memphis Tigers,-35.0,-115
2026-09-17T16:13:54Z,36bb6ea150432c9958bd533c49b06f23,2026-09-19T23:00:00Z,Memphis Tigers,UT Martin Skyhawks,betrivers,UT Martin Skyhawks,35.0,-108
2026-09-17T16:13:54Z,36bb6ea150432c9958bd533c49b06f23,2026-09-19T23:00:00Z,Memphis Tigers,UT Martin Skyhawks,betonlineag,Memphis Tigers,-34.5,-115
2026-09-17T16:13:54Z,36bb6ea150432c9958bd533c49b06f23,2026-09-19T23:00:00Z,Memphis Tigers,UT Martin Skyhawks,betonlineag,UT Martin Skyhawks,34.5,-115
2026-09-17T16:13:54Z,36bb6ea150432c9958bd533c49b06f23,2026-09-19T23:00:00Z,Memphis Tigers,UT Martin Skyhawks,lowvig,Memphis Tigers,-34.5,-115
2026-09-17T16:13:54Z,36bb6ea150432c9958bd533c49b06f23,2026-09-19T23:00:00Z,Memphis Tigers,UT Martin Skyhawks,lowvig,UT Martin Skyhawks,34.5,-115
2026-09-17T16:13:54Z,b8810f15896c1fbe1ca25054585612f0,2026-09-19T23:00:00Z,Middle Tennessee Blue Raiders,Nevada Wolf Pack,fanduel,Middle Tennessee Blue Raiders,3.5,-105
2026-09-17T16:13:54Z,b8810f15896c1fbe1ca25054585612f0,2026-09-19T23:00:00Z,Middle Tennessee Blue Raiders,Nevada Wolf Pack,fanduel,Nevada Wolf Pack,-3.5,-115
2026-09-17T16:13:54Z,b8810f15896c1fbe1ca25054585612f0,2026-09-19T23:00:00Z,Middle Tennessee Blue Raiders,Nevada Wolf Pack,bovada,Middle Tennessee Blue Raiders,4.0,-115
2026-09-17T16:13:54Z,b8810f15896c1fbe1ca25054585612f0,2026-09-19T23:00:00Z,Middle Tennessee Blue Raiders,Nevada Wolf Pack,bovada,Nevada Wolf Pack,-4.0,-105
2026-09-17T16:13:54Z,6c41bd5edc806bb66ae3038c8bfa3df0,2026-09-19T23:00:00Z,Oklahoma State Cowboys,Murray State Racers,betrivers,Murray State Racers,55.5,-113
2026-09-17T16:13:54Z,6c41bd5edc806bb66ae3038c8bfa3df0,2026-09-19T23:00:00Z,Oklahoma State Cowboys,Murray State Racers,betrivers,Oklahoma State Cowboys,-55.5,-110
2026-09-17T16:13:54Z,6c41bd5edc806bb66ae3038c8bfa3df0,2026-09-19T23:00:00Z,Oklahoma State Cowboys,Murray State Racers,betonlineag,Murray State Racers,56.5,-115
2026-09-17T16:13:54Z,6c41bd5edc806bb66ae3038c8bfa3df0,2026-09-19T23:00:00Z,Oklahoma State Cowboys,Murray State Racers,betonlineag,Oklahoma State Cowboys,-56.5,-115
2026-09-17T16:13:54Z,6c41bd5edc806bb66ae3038c8bfa3df0,2026-09-19T23:00:00Z,Oklahoma State Cowboys,Murray State Racers,lowvig,Murray State Racers,56.5,-115
2026-09-17T16:13:54Z,6c41bd5edc806bb66ae3038c8bfa3df0,2026-09-19T23:00:00Z,Oklahoma State Cowboys,Murray State Racers,lowvig,Oklahoma State Cowboys,-56.5,-115
2026-09-17T16:13:54Z,0ce2e66203e1c66f3f2687fdccd37408,2026-09-19T23:00:00Z,Sam Houston State Bearkats,Nicholls State Colonels,betonlineag,Nicholls State Colonels,17.5,-115
2026-09-17T16:13:54Z,0ce2e66203e1c66f3f2687fdccd37408,2026-09-19T23:00:00Z,Sam Houston State Bearkats,Nicholls State Colonels,betonlineag,Sam Houston State Bearkats,-17.5,-115
2026-09-17T16:13:54Z,0ce2e66203e1c66f3f2687fdccd37408,2026-09-19T23:00:00Z,Sam Houston State Bearkats,Nicholls State Colonels,lowvig,Nicholls State Colonels,17.5,-115
2026-09-17T16:13:54Z,0ce2e66203e1c66f3f2687fdccd37408,2026-09-19T23:00:00Z,Sam Houston State Bearkats,Nicholls State Colonels,lowvig,Sam Houston State Bearkats,-17.5,-115
2026-09-17T16:13:54Z,bcc250cd218a520bcd287c120644ba05,2026-09-19T23:00:00Z,South Alabama Jaguars,Ohio Bobcats,draftkings,Ohio Bobcats,7.0,-112
2026-09-17T16:13:54Z,bcc250cd218a520bcd287c120644ba05,2026-09-19T23:00:00Z,South Alabama Jaguars,Ohio Bobcats,draftkings,South Alabama Jaguars,-7.0,-108
2026-09-17T16:13:54Z,bcc250cd218a520bcd287c120644ba05,2026-09-19T23:00:00Z,South Alabama Jaguars,Ohio Bobcats,lowvig,Ohio Bobcats,7.0,-108
2026-09-17T16:13:54Z,bcc250cd218a520bcd287c120644ba05,2026-09-19T23:00:00Z,South Alabama Jaguars,Ohio Bobcats,lowvig,South Alabama Jaguars,-7.0,-104
2026-09-17T16:13:54Z,bcc250cd218a520bcd287c120644ba05,2026-09-19T23:00:00Z,South Alabama Jaguars,Ohio Bobcats,betonlineag,Ohio Bobcats,7.0,-112
2026-09-17T16:13:54Z,bcc250cd218a520bcd287c120644ba05,2026-09-19T23:00:00Z,South Alabama Jaguars,Ohio Bobcats,betonlineag,South Alabama Jaguars,-7.0,-108
2026-09-17T16:13:54Z,bcc250cd218a520bcd287c120644ba05,2026-09-19T23:00:00Z,South Alabama Jaguars,Ohio Bobcats,betrivers,Ohio Bobcats,7.0,-113
2026-09-17T16:13:54Z,bcc250cd218a520bcd287c120644ba05,2026-09-19T23:00:00Z,South Alabama Jaguars,Ohio Bobcats,betrivers,South Alabama Jaguars,-7.0,-110
2026-09-17T16:13:54Z,bcc250cd218a520bcd287c120644ba05,2026-09-19T23:00:00Z,South Alabama Jaguars,Ohio Bobcats,betus,Ohio Bobcats,7.0,-110
2026-09-17T16:13:54Z,bcc250cd218a520bcd287c120644ba05,2026-09-19T23:00:00Z,South Alabama Jaguars,Ohio Bobcats,betus,South Alabama Jaguars,-7.0,-110
2026-09-17T16:13:54Z,be8b2e012b50c86775a87bb633e330e6,2026-09-19T23:00:00Z,Rice Owls,Western Michigan Broncos,betonlineag,Rice Owls,9.5,-110
2026-09-17T16:13:54Z,be8b2e012b50c86775a87bb633e330e6,2026-09-19T23:00:00Z,Rice Owls,Western Michigan Broncos,betonlineag,Western Michigan Broncos,-9.5,-110
2026-09-17T16:13:54Z,be8b2e012b50c86775a87bb633e330e6,2026-09-19T23:00:00Z,Rice Owls,Western Michigan Broncos,lowvig,Rice Owls,9.5,-106
2026-09-17T16:13:54Z,be8b2e012b50c86775a87bb633e330e6,2026-09-19T23:00:00Z,Rice Owls,Western Michigan Broncos,lowvig,Western Michigan Broncos,-9.5,-106
2026-09-17T16:13:54Z,be8b2e012b50c86775a87bb633e330e6,2026-09-19T23:00:00Z,Rice Owls,Western Michigan Broncos,betus,Rice Owls,9.5,-110
2026-09-17T16:13:54Z,be8b2e012b50c86775a87bb633e330e6,2026-09-19T23:00:00Z,Rice Owls,Western Michigan Broncos,betus,Western Michigan Broncos,-9.5,-110
2026-09-17T16:13:54Z,1088ecb8a4c34880f9fb0b9274a8d3e4,2026-09-19T23:00:00Z,Southern Mississippi Golden Eagles,UConn Huskies,lowvig,Southern Mississippi Golden Eagles,3.0,-101
2026-09-17T16:13:54Z,1088ecb8a4c34880f9fb0b9274a8d3e4,2026-09-19T23:00:00Z,Southern Mississippi Golden Eagles,UConn Huskies,lowvig,UConn Huskies,-3.0,-111
2026-09-17T16:13:54Z,1088ecb8a4c34880f9fb0b9274a8d3e4,2026-09-19T23:00:00Z,Southern Mississippi Golden Eagles,UConn Huskies,betonlineag,Southern Mississippi Golden Eagles,3.0,-105
2026-09-17T16:13:54Z,1088ecb8a4c34880f9fb0b9274a8d3e4,2026-09-19T23:00:00Z,Southern Mississippi Golden Eagles,UConn Huskies,betonlineag,UConn Huskies,-3.0,-115
2026-09-17T16:13:54Z,1088ecb8a4c34880f9fb0b9274a8d3e4,2026-09-19T23:00:00Z,Southern Mississippi Golden Eagles,UConn Huskies,betmgm,UConn Huskies,-3.0,-112
2026-09-17T16:13:54Z,1088ecb8a4c34880f9fb0b9274a8d3e4,2026-09-19T23:00:00Z,Southern Mississippi Golden Eagles,UConn Huskies,betrivers,Southern Mississippi Golden Eagles,3.0,-117
2026-09-17T16:13:54Z,1088ecb8a4c34880f9fb0b9274a8d3e4,2026-09-19T23:00:00Z,Southern Mississippi Golden Eagles,UConn Huskies,betrivers,UConn Huskies,-3.0,-106
2026-09-17T16:13:54Z,1088ecb8a4c34880f9fb0b9274a8d3e4,2026-09-19T23:00:00Z,Southern Mississippi Golden Eagles,UConn Huskies,betus,Southern Mississippi Golden Eagles,3.0,-105
2026-09-17T16:13:54Z,1088ecb8a4c34880f9fb0b9274a8d3e4,2026-09-19T23:00:00Z,Southern Mississippi Golden Eagles,UConn Huskies,betus,UConn Huskies,-3.0,-115
2026-09-17T16:13:54Z,e68b359be33a1855ff582d9dde87faac,2026-09-19T23:15:00Z,Washington Huskies,Eastern Washington Eagles,betrivers,Eastern Washington Eagles,42.5,-112
2026-09-17T16:13:54Z,e68b359be33a1855ff582d9dde87faac,2026-09-19T23:15:00Z,Washington Huskies,Eastern Washington Eagles,betrivers,Washington Huskies,-42.5,-112
2026-09-17T16:13:54Z,e68b359be33a1855ff582d9dde87faac,2026-09-19T23:15:00Z,Washington Huskies,Eastern Washington Eagles,lowvig,Eastern Washington Eagles,42.5,-115
2026-09-17T16:13:54Z,e68b359be33a1855ff582d9dde87faac,2026-09-19T23:15:00Z,Washington Huskies,Eastern Washington Eagles,lowvig,Washington Huskies,-42.5,-115
2026-09-17T16:13:54Z,e68b359be33a1855ff582d9dde87faac,2026-09-19T23:15:00Z,Washington Huskies,Eastern Washington Eagles,betonlineag,Eastern Washington Eagles,42.5,-115
2026-09-17T16:13:54Z,e68b359be33a1855ff582d9dde87faac,2026-09-19T23:15:00Z,Washington Huskies,Eastern Washington Eagles,betonlineag,Washington Huskies,-42.5,-115
2026-09-17T16:13:54Z,55699549855efd1bed7b9d6ae1c7aded,2026-09-19T23:15:00Z,Nebraska Cornhuskers,North Dakota Fighting Hawks,betrivers,Nebraska Cornhuskers,-24.5,-109
2026-09-17T16:13:54Z,55699549855efd1bed7b9d6ae1c7aded,2026-09-19T23:15:00Z,Nebraska Cornhuskers,North Dakota Fighting Hawks,betrivers,North Dakota Fighting Hawks,24.5,-114
2026-09-17T16:13:54Z,55699549855efd1bed7b9d6ae1c7aded,2026-09-19T23:15:00Z,Nebraska Cornhuskers,North Dakota Fighting Hawks,lowvig,Nebraska Cornhuskers,-24.0,-115
2026-09-17T16:13:54Z,55699549855efd1bed7b9d6ae1c7aded,2026-09-19T23:15:00Z,Nebraska Cornhuskers,North Dakota Fighting Hawks,lowvig,North Dakota Fighting Hawks,24.0,-115
2026-09-17T16:13:54Z,55699549855efd1bed7b9d6ae1c7aded,2026-09-19T23:15:00Z,Nebraska Cornhuskers,North Dakota Fighting Hawks,betonlineag,Nebraska Cornhuskers,-24.0,-115
2026-09-17T16:13:54Z,55699549855efd1bed7b9d6ae1c7aded,2026-09-19T23:15:00Z,Nebraska Cornhuskers,North Dakota Fighting Hawks,betonlineag,North Dakota Fighting Hawks,24.0,-115
2026-09-17T16:13:54Z,03297aa8a399c223aa1cc6aa923d9bc6,2026-09-19T23:30:00Z,Northwestern Wildcats,Colorado Buffaloes,betmgm,Colorado Buffaloes,3.5,-112
2026-09-17T16:13:54Z,03297aa8a399c223aa1cc6aa923d9bc6,2026-09-19T23:30:00Z,Northwestern Wildcats,Colorado Buffaloes,betmgm,Northwestern Wildcats,-3.5,-105
2026-09-17T16:13:54Z,65571f1cab1a260aae4a220e38dbbc1d,2026-09-19T23:30:00Z,Ole Miss Rebels,LSU Tigers,fanduel,LSU Tigers,-2.5,-110
2026-09-17T16:13:54Z,65571f1cab1a260aae4a220e38dbbc1d,2026-09-19T23:30:00Z,Ole Miss Rebels,LSU Tigers,fanduel,Ole Miss Rebels,2.5,-110
2026-09-17T16:13:54Z,65571f1cab1a260aae4a220e38dbbc1d,2026-09-19T23:30:00Z,Ole Miss Rebels,LSU Tigers,betmgm,LSU Tigers,-2.0,-118
2026-09-17T16:13:54Z,65571f1cab1a260aae4a220e38dbbc1d,2026-09-19T23:30:00Z,Ole Miss Rebels,LSU Tigers,betmgm,Ole Miss Rebels,2.0,-110
2026-09-17T16:13:54Z,65571f1cab1a260aae4a220e38dbbc1d,2026-09-19T23:30:00Z,Ole Miss Rebels,LSU Tigers,betrivers,LSU Tigers,-2.0,-109
2026-09-17T16:13:54Z,65571f1cab1a260aae4a220e38dbbc1d,2026-09-19T23:30:00Z,Ole Miss Rebels,LSU Tigers,bovada,LSU Tigers,-2.0,-110
2026-09-17T16:13:54Z,65571f1cab1a260aae4a220e38dbbc1d,2026-09-19T23:30:00Z,Ole Miss Rebels,LSU Tigers,bovada,Ole Miss Rebels,2.0,-110
2026-09-17T16:13:54Z,b7cdc05f280bede1f19b996cc9b95753,2026-09-19T23:30:00Z,Maryland Terrapins,Virginia Tech Hokies,lowvig,Maryland Terrapins,3.0,-106
2026-09-17T16:13:54Z,b7cdc05f280bede1f19b996cc9b95753,2026-09-19T23:30:00Z,Maryland Terrapins,Virginia Tech Hokies,lowvig,Virginia Tech Hokies,-3.0,-106
2026-09-17T16:13:54Z,b7cdc05f280bede1f19b996cc9b95753,2026-09-19T23:30:00Z,Maryland Terrapins,Virginia Tech Hokies,betonlineag,Maryland Terrapins,3.0,-115
2026-09-17T16:13:54Z,b7cdc05f280bede1f19b996cc9b95753,2026-09-19T23:30:00Z,Maryland Terrapins,Virginia Tech Hokies,betonlineag,Virginia Tech Hokies,-3.0,-105
2026-09-17T16:13:54Z,b7cdc05f280bede1f19b996cc9b95753,2026-09-19T23:30:00Z,Maryland Terrapins,Virginia Tech Hokies,betmgm,Maryland Terrapins,3.0,-115
2026-09-17T16:13:54Z,b7cdc05f280bede1f19b996cc9b95753,2026-09-19T23:30:00Z,Maryland Terrapins,Virginia Tech Hokies,betmgm,Virginia Tech Hokies,-3.0,-102
2026-09-17T16:13:54Z,b7cdc05f280bede1f19b996cc9b95753,2026-09-19T23:30:00Z,Maryland Terrapins,Virginia Tech Hokies,betus,Maryland Terrapins,3.0,-110
2026-09-17T16:13:54Z,b7cdc05f280bede1f19b996cc9b95753,2026-09-19T23:30:00Z,Maryland Terrapins,Virginia Tech Hokies,betus,Virginia Tech Hokies,-3.0,-110
2026-09-17T16:13:54Z,b7cdc05f280bede1f19b996cc9b95753,2026-09-19T23:30:00Z,Maryland Terrapins,Virginia Tech Hokies,bovada,Maryland Terrapins,3.0,-115
2026-09-17T16:13:54Z,b7cdc05f280bede1f19b996cc9b95753,2026-09-19T23:30:00Z,Maryland Terrapins,Virginia Tech Hokies,bovada,Virginia Tech Hokies,-3.0,-105
2026-09-17T16:13:54Z,7e3b8cd721f0817d0a6c3111221e8a91,2026-09-19T23:30:00Z,Notre Dame Fighting Irish,Michigan State Spartans,draftkings,Michigan State Spartans,29.5,-118
2026-09-17T16:13:54Z,7e3b8cd721f0817d0a6c3111221e8a91,2026-09-19T23:30:00Z,Notre Dame Fighting Irish,Michigan State Spartans,draftkings,Notre Dame Fighting Irish,-29.5,-102
2026-09-17T16:13:54Z,47892b65c28a830d83bbe465b070ce01,2026-09-19T23:30:00Z,Oklahoma Sooners,New Mexico Lobos,fanduel,New Mexico Lobos,21.5,-110
2026-09-17T16:13:54Z,47892b65c28a830d83bbe465b070ce01,2026-09-19T23:30:00Z,Oklahoma Sooners,New Mexico Lobos,fanduel,Oklahoma Sooners,-21.5,-110
2026-09-17T16:13:54Z,47892b65c28a830d83bbe465b070ce01,2026-09-19T23:30:00Z,Oklahoma Sooners,New Mexico Lobos,draftkings,New Mexico Lobos,21.5,-115
2026-09-17T16:13:54Z,47892b65c28a830d83bbe465b070ce01,2026-09-19T23:30:00Z,Oklahoma Sooners,New Mexico Lobos,draftkings,Oklahoma Sooners,-21.5,-105
2026-09-17T16:13:54Z,47892b65c28a830d83bbe465b070ce01,2026-09-19T23:30:00Z,Oklahoma Sooners,New Mexico Lobos,betmgm,New Mexico Lobos,21.5,-112
2026-09-17T16:13:54Z,47892b65c28a830d83bbe465b070ce01,2026-09-19T23:30:00Z,Oklahoma Sooners,New Mexico Lobos,betmgm,Oklahoma Sooners,-21.5,-108
2026-09-17T16:13:54Z,47892b65c28a830d83bbe465b070ce01,2026-09-19T23:30:00Z,Oklahoma Sooners,New Mexico Lobos,betrivers,New Mexico Lobos,21.5,-115
2026-09-17T16:13:54Z,47892b65c28a830d83bbe465b070ce01,2026-09-19T23:30:00Z,Oklahoma Sooners,New Mexico Lobos,betrivers,Oklahoma Sooners,-21.5,-108
2026-09-17T16:13:54Z,47892b65c28a830d83bbe465b070ce01,2026-09-19T23:30:00Z,Oklahoma Sooners,New Mexico Lobos,bovada,New Mexico Lobos,22.0,-115
2026-09-17T16:13:54Z,47892b65c28a830d83bbe465b070ce01,2026-09-19T23:30:00Z,Oklahoma Sooners,New Mexico Lobos,bovada,Oklahoma Sooners,-22.0,-105
2026-09-17T16:13:54Z,eda972dc55ded05916deafa37efab9c3,2026-09-19T23:30:00Z,West Virginia Mountaineers,Virginia Cavaliers,fanduel,Virginia Cavaliers,-10.5,-104
2026-09-17T16:13:54Z,eda972dc55ded05916deafa37efab9c3,2026-09-19T23:30:00Z,West Virginia Mountaineers,Virginia Cavaliers,fanduel,West Virginia Mountaineers,10.5,-118
2026-09-17T16:13:54Z,cc6953f45fe5acfc853fdf5e5e28a0e7,2026-09-19T23:45:00Z,Tennessee Volunteers,Kennesaw State Owls,lowvig,Kennesaw State Owls,34.5,-101
2026-09-17T16:13:54Z,cc6953f45fe5acfc853fdf5e5e28a0e7,2026-09-19T23:45:00Z,Tennessee Volunteers,Kennesaw State Owls,lowvig,Tennessee Volunteers,-34.5,-111
2026-09-17T16:13:54Z,cc6953f45fe5acfc853fdf5e5e28a0e7,2026-09-19T23:45:00Z,Tennessee Volunteers,Kennesaw State Owls,betonlineag,Kennesaw State Owls,34.5,-102
2026-09-17T16:13:54Z,cc6953f45fe5acfc853fdf5e5e28a0e7,2026-09-19T23:45:00Z,Tennessee Volunteers,Kennesaw State Owls,betonlineag,Tennessee Volunteers,-34.5,-118
2026-09-17T16:13:54Z,cc6953f45fe5acfc853fdf5e5e28a0e7,2026-09-19T23:45:00Z,Tennessee Volunteers,Kennesaw State Owls,betmgm,Kennesaw State Owls,34.5,-105
2026-09-17T16:13:54Z,cc6953f45fe5acfc853fdf5e5e28a0e7,2026-09-19T23:45:00Z,Tennessee Volunteers,Kennesaw State Owls,betmgm,Tennessee Volunteers,-34.5,-112
2026-09-17T16:13:54Z,cc6953f45fe5acfc853fdf5e5e28a0e7,2026-09-19T23:45:00Z,Tennessee Volunteers,Kennesaw State Owls,betus,Kennesaw State Owls,34.5,100
2026-09-17T16:13:54Z,cc6953f45fe5acfc853fdf5e5e28a0e7,2026-09-19T23:45:00Z,Tennessee Volunteers,Kennesaw State Owls,betus,Tennessee Volunteers,-34.5,-120
2026-09-17T16:13:54Z,a64b980a572375c0cc1adba3c3fc2811,2026-09-20T00:00:00Z,TCU Horned Frogs,Arkansas State Red Wolves,draftkings,Arkansas State Red Wolves,19.5,-108
2026-09-17T16:13:54Z,a64b980a572375c0cc1adba3c3fc2811,2026-09-20T00:00:00Z,TCU Horned Frogs,Arkansas State Red Wolves,draftkings,TCU Horned Frogs,-19.5,-112
2026-09-17T16:13:54Z,a64b980a572375c0cc1adba3c3fc2811,2026-09-20T00:00:00Z,TCU Horned Frogs,Arkansas State Red Wolves,lowvig,Arkansas State Red Wolves,20.0,-111
2026-09-17T16:13:54Z,a64b980a572375c0cc1adba3c3fc2811,2026-09-20T00:00:00Z,TCU Horned Frogs,Arkansas State Red Wolves,lowvig,TCU Horned Frogs,-20.0,-101
2026-09-17T16:13:54Z,a64b980a572375c0cc1adba3c3fc2811,2026-09-20T00:00:00Z,TCU Horned Frogs,Arkansas State Red Wolves,betonlineag,Arkansas State Red Wolves,20.0,-115
2026-09-17T16:13:54Z,a64b980a572375c0cc1adba3c3fc2811,2026-09-20T00:00:00Z,TCU Horned Frogs,Arkansas State Red Wolves,betonlineag,TCU Horned Frogs,-20.0,-105
2026-09-17T16:13:54Z,a64b980a572375c0cc1adba3c3fc2811,2026-09-20T00:00:00Z,TCU Horned Frogs,Arkansas State Red Wolves,betmgm,Arkansas State Red Wolves,19.5,-110
2026-09-17T16:13:54Z,a64b980a572375c0cc1adba3c3fc2811,2026-09-20T00:00:00Z,TCU Horned Frogs,Arkansas State Red Wolves,betmgm,TCU Horned Frogs,-19.5,-108
2026-09-17T16:13:54Z,a64b980a572375c0cc1adba3c3fc2811,2026-09-20T00:00:00Z,TCU Horned Frogs,Arkansas State Red Wolves,bovada,Arkansas State Red Wolves,19.0,-110
2026-09-17T16:13:54Z,a64b980a572375c0cc1adba3c3fc2811,2026-09-20T00:00:00Z,TCU Horned Frogs,Arkansas State Red Wolves,bovada,TCU Horned Frogs,-19.0,-110
2026-09-17T16:13:54Z,0fff6569a000494c8821a53d886df670,2026-09-20T00:00:00Z,Tulsa Golden Hurricane,East Texas A&M Lions,lowvig,East Texas A&M Lions,42.5,-115
2026-09-17T16:13:54Z,0fff6569a000494c8821a53d886df670,2026-09-20T00:00:00Z,Tulsa Golden Hurricane,East Texas A&M Lions,lowvig,Tulsa Golden Hurricane,-42.5,-115
2026-09-17T16:13:54Z,0fff6569a000494c8821a53d886df670,2026-09-20T00:00:00Z,Tulsa Golden Hurricane,East Texas A&M Lions,betonlineag,East Texas A&M Lions,42.5,-115
2026-09-17T16:13:54Z,0fff6569a000494c8821a53d886df670,2026-09-20T00:00:00Z,Tulsa Golden Hurricane,East Texas A&M Lions,betonlineag,Tulsa Golden Hurricane,-42.5,-115
2026-09-17T16:13:54Z,828ceb39d7fd7da80c98174ae5f02dcd,2026-09-20T00:00:00Z,Louisiana Ragin Cajuns,UAB Blazers,fanduel,Louisiana Ragin Cajuns,-7.5,-115
2026-09-17T16:13:54Z,828ceb39d7fd7da80c98174ae5f02dcd,2026-09-20T00:00:00Z,Louisiana Ragin Cajuns,UAB Blazers,fanduel,UAB Blazers,7.5,-105
2026-09-17T16:13:54Z,6d109b8538a3588ad21a393896d32efc,2026-09-20T02:00:00Z,Boise State Broncos,South Dakota Coyotes,betrivers,Boise State Broncos,-24.0,-114
2026-09-17T16:13:54Z,6d109b8538a3588ad21a393896d32efc,2026-09-20T02:00:00Z,Boise State Broncos,South Dakota Coyotes,betrivers,South Dakota Coyotes,24.0,-109
2026-09-17T16:13:54Z,6d109b8538a3588ad21a393896d32efc,2026-09-20T02:00:00Z,Boise State Broncos,South Dakota Coyotes,betonlineag,Boise State Broncos,-24.0,-125
2026-09-17T16:13:54Z,6d109b8538a3588ad21a393896d32efc,2026-09-20T02:00:00Z,Boise State Broncos,South Dakota Coyotes,betonlineag,South Dakota Coyotes,24.0,-105
2026-09-17T16:13:54Z,0cdf27f150204b8512bca1e2d7cce051,2026-09-20T02:00:00Z,San Diego State Aztecs,James Madison Dukes,draftkings,James Madison Dukes,1.5,-105
2026-09-17T16:13:54Z,0cdf27f150204b8512bca1e2d7cce051,2026-09-20T02:00:00Z,San Diego State Aztecs,James Madison Dukes,draftkings,San Diego State Aztecs,-1.5,-115
2026-09-17T16:13:54Z,0cdf27f150204b8512bca1e2d7cce051,2026-09-20T02:00:00Z,San Diego State Aztecs,James Madison Dukes,betmgm,James Madison Dukes,2.0,-110
2026-09-17T16:13:54Z,0cdf27f150204b8512bca1e2d7cce051,2026-09-20T02:00:00Z,San Diego State Aztecs,James Madison Dukes,betmgm,San Diego State Aztecs,-2.0,-108
2026-09-17T16:13:54Z,0cdf27f150204b8512bca1e2d7cce051,2026-09-20T02:00:00Z,San Diego State Aztecs,James Madison Dukes,fanduel,James Madison Dukes,1.5,-105
2026-09-17T16:13:54Z,0cdf27f150204b8512bca1e2d7cce051,2026-09-20T02:00:00Z,San Diego State Aztecs,James Madison Dukes,fanduel,San Diego State Aztecs,-1.5,-115
2026-09-17T16:13:54Z,93de8127b5d37170dff2b88deca0b95e,2026-09-20T02:30:00Z,Arizona Wildcats,Northern Illinois Huskies,lowvig,Arizona Wildcats,-33.5,-111
2026-09-17T16:13:54Z,93de8127b5d37170dff2b88deca0b95e,2026-09-20T02:30:00Z,Arizona Wildcats,Northern Illinois Huskies,lowvig,Northern Illinois Huskies,33.5,-101
2026-09-17T16:13:54Z,93de8127b5d37170dff2b88deca0b95e,2026-09-20T02:30:00Z,Arizona Wildcats,Northern Illinois Huskies,betonlineag,Arizona Wildcats,-33.5,-115
2026-09-17T16:13:54Z,93de8127b5d37170dff2b88deca0b95e,2026-09-20T02:30:00Z,Arizona Wildcats,Northern Illinois Huskies,betonlineag,Northern Illinois Huskies,33.5,-105
2026-09-17T16:13:54Z,93de8127b5d37170dff2b88deca0b95e,2026-09-20T02:30:00Z,Arizona Wildcats,Northern Illinois Huskies,betmgm,Arizona Wildcats,-33.5,-110
2026-09-17T16:13:54Z,93de8127b5d37170dff2b88deca0b95e,2026-09-20T02:30:00Z,Arizona Wildcats,Northern Illinois Huskies,betmgm,Northern Illinois Huskies,33.5,-108
2026-09-17T16:13:54Z,93de8127b5d37170dff2b88deca0b95e,2026-09-20T02:30:00Z,Arizona Wildcats,Northern Illinois Huskies,betus,Arizona Wildcats,-33.5,-115
2026-09-17T16:13:54Z,93de8127b5d37170dff2b88deca0b95e,2026-09-20T02:30:00Z,Arizona Wildcats,Northern Illinois Huskies,betus,Northern Illinois Huskies,33.5,-105
2026-09-17T16:13:54Z,93de8127b5d37170dff2b88deca0b95e,2026-09-20T02:30:00Z,Arizona Wildcats,Northern Illinois Huskies,betrivers,Arizona Wildcats,-33.5,-113
2026-09-17T16:13:54Z,93de8127b5d37170dff2b88deca0b95e,2026-09-20T02:30:00Z,Arizona Wildcats,Northern Illinois Huskies,betrivers,Northern Illinois Huskies,33.5,-110
2026-09-17T16:13:54Z,381e5c97af94a83e03eae0ac6f11ed38,2026-09-20T03:00:00Z,Oregon State Beavers,Montana Grizzlies,betrivers,Oregon State Beavers,-17.5,-113
2026-09-17T16:13:54Z,381e5c97af94a83e03eae0ac6f11ed38,2026-09-20T03:00:00Z,Oregon State Beavers,Montana Grizzlies,lowvig,Montana Grizzlies,17.0,-120
2026-09-17T16:13:54Z,381e5c97af94a83e03eae0ac6f11ed38,2026-09-20T03:00:00Z,Oregon State Beavers,Montana Grizzlies,lowvig,Oregon State Beavers,-17.0,-110
2026-09-17T16:13:54Z,381e5c97af94a83e03eae0ac6f11ed38,2026-09-20T03:00:00Z,Oregon State Beavers,Montana Grizzlies,betonlineag,Montana Grizzlies,17.0,-120
2026-09-17T16:13:54Z,381e5c97af94a83e03eae0ac6f11ed38,2026-09-20T03:00:00Z,Oregon State Beavers,Montana Grizzlies,betonlineag,Oregon State Beavers,-17.0,-110
2026-09-17T16:13:54Z,7a6a2035bf5d7abd30d6cc8b76d59e3e,2026-09-20T03:00:00Z,UCLA Bruins,Purdue Boilermakers,betrivers,Purdue Boilermakers,14.0,-113
2026-09-17T16:13:54Z,7a6a2035bf5d7abd30d6cc8b76d59e3e,2026-09-20T03:00:00Z,UCLA Bruins,Purdue Boilermakers,betrivers,UCLA Bruins,-14.0,-109
2026-09-17T20:56:33Z,f06e90b4212fb514f3564ded9f190107,2026-09-17T23:30:00Z,Pittsburgh Panthers,Syracuse Orange,draftkings,Pittsburgh Panthers,-10.5,-105
2026-09-17T20:56:33Z,f06e90b4212fb514f3564ded9f190107,2026-09-17T23:30:00Z,Pittsburgh Panthers,Syracuse Orange,draftkings,Syracuse Orange,10.5,-115
2026-09-17T20:56:33Z,f06e90b4212fb514f3564ded9f190107,2026-09-17T23:30:00Z,Pittsburgh Panthers,Syracuse Orange,fanduel,Pittsburgh Panthers,-10.5,-105
2026-09-17T20:56:33Z,f06e90b4212fb514f3564ded9f190107,2026-09-17T23:30:00Z,Pittsburgh Panthers,Syracuse Orange,fanduel,Syracuse Orange,10.5,-115
2026-09-17T20:56:33Z,f06e90b4212fb514f3564ded9f190107,2026-09-17T23:30:00Z,Pittsburgh Panthers,Syracuse Orange,betrivers,Pittsburgh Panthers,-10.0,-117
2026-09-17T20:56:33Z,f06e90b4212fb514f3564ded9f190107,2026-09-17T23:30:00Z,Pittsburgh Panthers,Syracuse Orange,betrivers,Syracuse Orange,10.0,-108
2026-09-17T20:56:33Z,f06e90b4212fb514f3564ded9f190107,2026-09-17T23:30:00Z,Pittsburgh Panthers,Syracuse Orange,lowvig,Pittsburgh Panthers,-10.5,-102
2026-09-17T20:56:33Z,f06e90b4212fb514f3564ded9f190107,2026-09-17T23:30:00Z,Pittsburgh Panthers,Syracuse Orange,lowvig,Syracuse Orange,10.5,-110
2026-09-17T20:56:33Z,f06e90b4212fb514f3564ded9f190107,2026-09-17T23:30:00Z,Pittsburgh Panthers,Syracuse Orange,betonlineag,Pittsburgh Panthers,-10.5,-106
2026-09-17T20:56:33Z,f06e90b4212fb514f3564ded9f190107,2026-09-17T23:30:00Z,Pittsburgh Panthers,Syracuse Orange,betonlineag,Syracuse Orange,10.5,-114
2026-09-17T20:56:33Z,f06e90b4212fb514f3564ded9f190107,2026-09-17T23:30:00Z,Pittsburgh Panthers,Syracuse Orange,betmgm,Pittsburgh Panthers,-10.0,-110
2026-09-17T20:56:33Z,f06e90b4212fb514f3564ded9f190107,2026-09-17T23:30:00Z,Pittsburgh Panthers,Syracuse Orange,betmgm,Syracuse Orange,10.0,-108
2026-09-17T20:56:33Z,f06e90b4212fb514f3564ded9f190107,2026-09-17T23:30:00Z,Pittsburgh Panthers,Syracuse Orange,betus,Pittsburgh Panthers,-10.5,-105
2026-09-17T20:56:33Z,f06e90b4212fb514f3564ded9f190107,2026-09-17T23:30:00Z,Pittsburgh Panthers,Syracuse Orange,betus,Syracuse Orange,10.5,-115
2026-09-17T20:56:33Z,720451b07d54e435c9be484ef73ea211,2026-09-18T23:30:00Z,Wake Forest Demon Deacons,Miami Hurricanes,betmgm,Miami Hurricanes,-20.5,-112
2026-09-17T20:56:33Z,720451b07d54e435c9be484ef73ea211,2026-09-18T23:30:00Z,Wake Forest Demon Deacons,Miami Hurricanes,betrivers,Miami Hurricanes,-20.5,-115
2026-09-17T20:56:33Z,720451b07d54e435c9be484ef73ea211,2026-09-18T23:30:00Z,Wake Forest Demon Deacons,Miami Hurricanes,betrivers,Wake Forest Demon Deacons,20.5,-108
2026-09-17T20:56:33Z,7311bf775464ae97893928e22512bb47,2026-09-19T00:00:00Z,Texas Tech Red Raiders,Houston Cougars,fanduel,Houston Cougars,7.5,-105
2026-09-17T20:56:33Z,7311bf775464ae97893928e22512bb47,2026-09-19T00:00:00Z,Texas Tech Red Raiders,Houston Cougars,fanduel,Texas Tech Red Raiders,-7.5,-115
2026-09-17T20:56:33Z,7311bf775464ae97893928e22512bb47,2026-09-19T00:00:00Z,Texas Tech Red Raiders,Houston Cougars,betrivers,Houston Cougars,7.5,-113
2026-09-17T20:56:33Z,7311bf775464ae97893928e22512bb47,2026-09-19T00:00:00Z,Texas Tech Red Raiders,Houston Cougars,betrivers,Texas Tech Red Raiders,-7.5,-110
2026-09-17T20:56:33Z,7311bf775464ae97893928e22512bb47,2026-09-19T00:00:00Z,Texas Tech Red Raiders,Houston Cougars,betmgm,Houston Cougars,7.5,-105
2026-09-17T20:56:33Z,7311bf775464ae97893928e22512bb47,2026-09-19T00:00:00Z,Texas Tech Red Raiders,Houston Cougars,betmgm,Texas Tech Red Raiders,-7.5,-112
2026-09-17T20:56:33Z,529a333381665c34d05b290d2c9eb5b9,2026-09-19T15:30:00Z,Delaware Blue Hens,Coastal Carolina Chanticleers,draftkings,Coastal Carolina Chanticleers,4.0,-105
2026-09-17T20:56:33Z,529a333381665c34d05b290d2c9eb5b9,2026-09-19T15:30:00Z,Delaware Blue Hens,Coastal Carolina Chanticleers,draftkings,Delaware Blue Hens,-4.0,-115
2026-09-17T20:56:33Z,529a333381665c34d05b290d2c9eb5b9,2026-09-19T15:30:00Z,Delaware Blue Hens,Coastal Carolina Chanticleers,betonlineag,Coastal Carolina Chanticleers,4.0,-105
2026-09-17T20:56:33Z,529a333381665c34d05b290d2c9eb5b9,2026-09-19T15:30:00Z,Delaware Blue Hens,Coastal Carolina Chanticleers,betonlineag,Delaware Blue Hens,-4.0,-115
2026-09-17T20:56:33Z,529a333381665c34d05b290d2c9eb5b9,2026-09-19T15:30:00Z,Delaware Blue Hens,Coastal Carolina Chanticleers,lowvig,Coastal Carolina Chanticleers,4.0,-101
2026-09-17T20:56:33Z,529a333381665c34d05b290d2c9eb5b9,2026-09-19T15:30:00Z,Delaware Blue Hens,Coastal Carolina Chanticleers,lowvig,Delaware Blue Hens,-4.0,-111
2026-09-17T20:56:33Z,529a333381665c34d05b290d2c9eb5b9,2026-09-19T15:30:00Z,Delaware Blue Hens,Coastal Carolina Chanticleers,betmgm,Coastal Carolina Chanticleers,4.0,-108
2026-09-17T20:56:33Z,529a333381665c34d05b290d2c9eb5b9,2026-09-19T15:30:00Z,Delaware Blue Hens,Coastal Carolina Chanticleers,betmgm,Delaware Blue Hens,-4.0,-112
2026-09-17T20:56:33Z,529a333381665c34d05b290d2c9eb5b9,2026-09-19T15:30:00Z,Delaware Blue Hens,Coastal Carolina Chanticleers,betus,Coastal Carolina Chanticleers,4.0,-105
2026-09-17T20:56:33Z,529a333381665c34d05b290d2c9eb5b9,2026-09-19T15:30:00Z,Delaware Blue Hens,Coastal Carolina Chanticleers,betus,Delaware Blue Hens,-4.0,-115
2026-09-17T20:56:33Z,5bc9efd5f27827a26c1cf8744bb8c2b1,2026-09-19T16:00:00Z,Minnesota Golden Gophers,Akron Zips,draftkings,Akron Zips,23.5,-110
2026-09-17T20:56:33Z,5bc9efd5f27827a26c1cf8744bb8c2b1,2026-09-19T16:00:00Z,Minnesota Golden Gophers,Akron Zips,draftkings,Minnesota Golden Gophers,-23.5,-110
2026-09-17T20:56:33Z,a317e3ffe5919c8bff3b9b303054f1b3,2026-09-19T16:00:00Z,Arizona State Sun Devils,Kansas Jayhawks,betrivers,Arizona State Sun Devils,-6.0,-112
2026-09-17T20:56:33Z,a317e3ffe5919c8bff3b9b303054f1b3,2026-09-19T16:00:00Z,Arizona State Sun Devils,Kansas Jayhawks,betrivers,Kansas Jayhawks,6.0,-112
2026-09-17T20:56:33Z,a317e3ffe5919c8bff3b9b303054f1b3,2026-09-19T16:00:00Z,Arizona State Sun Devils,Kansas Jayhawks,betus,Arizona State Sun Devils,-5.0,-110
2026-09-17T20:56:33Z,a317e3ffe5919c8bff3b9b303054f1b3,2026-09-19T16:00:00Z,Arizona State Sun Devils,Kansas Jayhawks,betus,Kansas Jayhawks,5.0,-110
2026-09-17T20:56:33Z,01e9c4d460a55375a75d025e2b1ddbf5,2026-09-19T16:00:00Z,Arkansas Razorbacks,Georgia Bulldogs,draftkings,Arkansas Razorbacks,24.5,-108
2026-09-17T20:56:33Z,01e9c4d460a55375a75d025e2b1ddbf5,2026-09-19T16:00:00Z,Arkansas Razorbacks,Georgia Bulldogs,draftkings,Georgia Bulldogs,-24.5,-112
2026-09-17T20:56:33Z,01e9c4d460a55375a75d025e2b1ddbf5,2026-09-19T16:00:00Z,Arkansas Razorbacks,Georgia Bulldogs,betrivers,Arkansas Razorbacks,24.5,-109
2026-09-17T20:56:33Z,01e9c4d460a55375a75d025e2b1ddbf5,2026-09-19T16:00:00Z,Arkansas Razorbacks,Georgia Bulldogs,betrivers,Georgia Bulldogs,-24.5,-114
2026-09-17T20:56:33Z,01e9c4d460a55375a75d025e2b1ddbf5,2026-09-19T16:00:00Z,Arkansas Razorbacks,Georgia Bulldogs,lowvig,Arkansas Razorbacks,24.5,-101
2026-09-17T20:56:33Z,01e9c4d460a55375a75d025e2b1ddbf5,2026-09-19T16:00:00Z,Arkansas Razorbacks,Georgia Bulldogs,lowvig,Georgia Bulldogs,-24.5,-111
2026-09-17T20:56:33Z,01e9c4d460a55375a75d025e2b1ddbf5,2026-09-19T16:00:00Z,Arkansas Razorbacks,Georgia Bulldogs,betonlineag,Arkansas Razorbacks,24.5,-105
2026-09-17T20:56:33Z,01e9c4d460a55375a75d025e2b1ddbf5,2026-09-19T16:00:00Z,Arkansas Razorbacks,Georgia Bulldogs,betonlineag,Georgia Bulldogs,-24.5,-115
2026-09-17T20:56:33Z,01e9c4d460a55375a75d025e2b1ddbf5,2026-09-19T16:00:00Z,Arkansas Razorbacks,Georgia Bulldogs,betmgm,Arkansas Razorbacks,24.5,-110
2026-09-17T20:56:33Z,01e9c4d460a55375a75d025e2b1ddbf5,2026-09-19T16:00:00Z,Arkansas Razorbacks,Georgia Bulldogs,betmgm,Georgia Bulldogs,-24.5,-118
2026-09-17T20:56:33Z,01e9c4d460a55375a75d025e2b1ddbf5,2026-09-19T16:00:00Z,Arkansas Razorbacks,Georgia Bulldogs,bovada,Arkansas Razorbacks,24.5,-105
2026-09-17T20:56:33Z,01e9c4d460a55375a75d025e2b1ddbf5,2026-09-19T16:00:00Z,Arkansas Razorbacks,Georgia Bulldogs,bovada,Georgia Bulldogs,-24.5,-115
2026-09-17T20:56:33Z,9a69dbd474c6181a4c51f397b9b25d38,2026-09-19T16:00:00Z,Iowa State Cyclones,Bowling Green Falcons,betrivers,Bowling Green Falcons,23.5,-110
2026-09-17T20:56:33Z,9a69dbd474c6181a4c51f397b9b25d38,2026-09-19T16:00:00Z,Iowa State Cyclones,Bowling Green Falcons,betrivers,Iowa State Cyclones,-23.5,-112
2026-09-17T20:56:33Z,9a69dbd474c6181a4c51f397b9b25d38,2026-09-19T16:00:00Z,Iowa State Cyclones,Bowling Green Falcons,draftkings,Bowling Green Falcons,24.5,-118
2026-09-17T20:56:33Z,9a69dbd474c6181a4c51f397b9b25d38,2026-09-19T16:00:00Z,Iowa State Cyclones,Bowling Green Falcons,draftkings,Iowa State Cyclones,-24.5,-102
2026-09-17T20:56:33Z,9a69dbd474c6181a4c51f397b9b25d38,2026-09-19T16:00:00Z,Iowa State Cyclones,Bowling Green Falcons,betmgm,Iowa State Cyclones,-24.0,-108
2026-09-17T20:56:33Z,9a69dbd474c6181a4c51f397b9b25d38,2026-09-19T16:00:00Z,Iowa State Cyclones,Bowling Green Falcons,bovada,Bowling Green Falcons,23.5,-105
2026-09-17T20:56:33Z,9a69dbd474c6181a4c51f397b9b25d38,2026-09-19T16:00:00Z,Iowa State Cyclones,Bowling Green Falcons,bovada,Iowa State Cyclones,-23.5,-115
2026-09-17T20:56:33Z,3fe3d77e009a7f205cce737523609a86,2026-09-19T16:00:00Z,Clemson Tigers,North Carolina Tar Heels,draftkings,Clemson Tigers,-3.0,-112
2026-09-17T20:56:33Z,3fe3d77e009a7f205cce737523609a86,2026-09-19T16:00:00Z,Clemson Tigers,North Carolina Tar Heels,draftkings,North Carolina Tar Heels,3.0,-108
2026-09-17T20:56:33Z,3fe3d77e009a7f205cce737523609a86,2026-09-19T16:00:00Z,Clemson Tigers,North Carolina Tar Heels,fanduel,Clemson Tigers,-3.5,-102
2026-09-17T20:56:33Z,3fe3d77e009a7f205cce737523609a86,2026-09-19T16:00:00Z,Clemson Tigers,North Carolina Tar Heels,fanduel,North Carolina Tar Heels,3.5,-120
2026-09-17T20:56:33Z,3fe3d77e009a7f205cce737523609a86,2026-09-19T16:00:00Z,Clemson Tigers,North Carolina Tar Heels,betmgm,Clemson Tigers,-3.0,-115
2026-09-17T20:56:33Z,3fe3d77e009a7f205cce737523609a86,2026-09-19T16:00:00Z,Clemson Tigers,North Carolina Tar Heels,betmgm,North Carolina Tar Heels,3.0,-105
2026-09-17T20:56:33Z,72215c37435df22c87999aa675c675ca,2026-09-19T16:00:00Z,Kansas State Wildcats,Tulane Green Wave,betrivers,Kansas State Wildcats,-21.0,-109
2026-09-17T20:56:33Z,72215c37435df22c87999aa675c675ca,2026-09-19T16:00:00Z,Kansas State Wildcats,Tulane Green Wave,betrivers,Tulane Green Wave,21.0,-114
2026-09-17T20:56:33Z,72215c37435df22c87999aa675c675ca,2026-09-19T16:00:00Z,Kansas State Wildcats,Tulane Green Wave,bovada,Kansas State Wildcats,-20.5,-110
2026-09-17T20:56:33Z,72215c37435df22c87999aa675c675ca,2026-09-19T16:00:00Z,Kansas State Wildcats,Tulane Green Wave,bovada,Tulane Green Wave,20.5,-110
2026-09-17T20:56:33Z,6eee31d7778965a3e617f10146619c1d,2026-09-19T16:00:00Z,Ohio State Buckeyes,Kent State Golden Flashes,betrivers,Kent State Golden Flashes,53.0,-113
2026-09-17T20:56:33Z,6eee31d7778965a3e617f10146619c1d,2026-09-19T16:00:00Z,Ohio State Buckeyes,Kent State Golden Flashes,betrivers,Ohio State Buckeyes,-53.0,-110
2026-09-17T20:56:33Z,b0cd2e8beaf0dc333daa592a0d3d5c3a,2026-09-19T16:00:00Z,Texas State Bobcats,North Texas Mean Green,betrivers,North Texas Mean Green,3.0,-112
2026-09-17T20:56:33Z,b0cd2e8beaf0dc333daa592a0d3d5c3a,2026-09-19T16:00:00Z,Texas State Bobcats,North Texas Mean Green,betrivers,Texas State Bobcats,-3.0,-110
2026-09-17T20:56:33Z,b0cd2e8beaf0dc333daa592a0d3d5c3a,2026-09-19T16:00:00Z,Texas State Bobcats,North Texas Mean Green,draftkings,North Texas Mean Green,3.0,-122
2026-09-17T20:56:33Z,b0cd2e8beaf0dc333daa592a0d3d5c3a,2026-09-19T16:00:00Z,Texas State Bobcats,North Texas Mean Green,draftkings,Texas State Bobcats,-3.0,102
2026-09-17T20:56:33Z,b0cd2e8beaf0dc333daa592a0d3d5c3a,2026-09-19T16:00:00Z,Texas State Bobcats,North Texas Mean Green,bovada,North Texas Mean Green,2.5,100
2026-09-17T20:56:33Z,b0cd2e8beaf0dc333daa592a0d3d5c3a,2026-09-19T16:00:00Z,Texas State Bobcats,North Texas Mean Green,bovada,Texas State Bobcats,-2.5,-120
2026-09-17T20:56:33Z,bd7ae9e585a6595f7d308d45e1bf35e3,2026-09-19T16:30:00Z,Wisconsin Badgers,Eastern Michigan Eagles,draftkings,Eastern Michigan Eagles,23.5,-105
2026-09-17T20:56:33Z,bd7ae9e585a6595f7d308d45e1bf35e3,2026-09-19T16:30:00Z,Wisconsin Badgers,Eastern Michigan Eagles,draftkings,Wisconsin Badgers,-23.5,-115
2026-09-17T20:56:33Z,bd7ae9e585a6595f7d308d45e1bf35e3,2026-09-19T16:30:00Z,Wisconsin Badgers,Eastern Michigan Eagles,betrivers,Eastern Michigan Eagles,22.5,-109
2026-09-17T20:56:33Z,bd7ae9e585a6595f7d308d45e1bf35e3,2026-09-19T16:30:00Z,Wisconsin Badgers,Eastern Michigan Eagles,betrivers,Wisconsin Badgers,-22.5,-114
2026-09-17T20:56:33Z,bd7ae9e585a6595f7d308d45e1bf35e3,2026-09-19T16:30:00Z,Wisconsin Badgers,Eastern Michigan Eagles,betmgm,Wisconsin Badgers,-23.5,-110
2026-09-17T20:56:33Z,2e9835b129f8b8055d4a24f736547363,2026-09-19T16:45:00Z,Vanderbilt Commodores,NC State Wolfpack,betmgm,NC State Wolfpack,3.5,-118
2026-09-17T20:56:33Z,2e9835b129f8b8055d4a24f736547363,2026-09-19T16:45:00Z,Vanderbilt Commodores,NC State Wolfpack,betmgm,Vanderbilt Commodores,-3.5,-102
2026-09-17T20:56:33Z,26a76b78050ad3953d2d41dbeecd5a07,2026-09-19T17:00:00Z,Central Michigan Chippewas,Wyoming Cowboys,betmgm,Wyoming Cowboys,-1.5,-108
2026-09-17T20:56:33Z,26a76b78050ad3953d2d41dbeecd5a07,2026-09-19T17:00:00Z,Central Michigan Chippewas,Wyoming Cowboys,betus,Central Michigan Chippewas,0.0,-110
2026-09-17T20:56:33Z,26a76b78050ad3953d2d41dbeecd5a07,2026-09-19T17:00:00Z,Central Michigan Chippewas,Wyoming Cowboys,betus,Wyoming Cowboys,0.0,-110
2026-09-17T20:56:33Z,26a76b78050ad3953d2d41dbeecd5a07,2026-09-19T17:00:00Z,Central Michigan Chippewas,Wyoming Cowboys,bovada,Central Michigan Chippewas,1.0,-115
2026-09-17T20:56:33Z,26a76b78050ad3953d2d41dbeecd5a07,2026-09-19T17:00:00Z,Central Michigan Chippewas,Wyoming Cowboys,bovada,Wyoming Cowboys,-1.0,-105
2026-09-17T20:56:33Z,ea8b0414ff464255eef426fd61427030,2026-09-19T19:00:00Z,Toledo Rockets,Temple Owls,betus,Temple Owls,6.0,-110
2026-09-17T20:56:33Z,ea8b0414ff464255eef426fd61427030,2026-09-19T19:00:00Z,Toledo Rockets,Temple Owls,betus,Toledo Rockets,-6.0,-110
2026-09-17T20:56:33Z,a85cea77fbd44d9135461815777f6a9c,2026-09-19T19:30:00Z,Alabama Crimson Tide,Florida State Seminoles,betmgm,Alabama Crimson Tide,-19.0,-110
2026-09-17T20:56:33Z,a85cea77fbd44d9135461815777f6a9c,2026-09-19T19:30:00Z,Alabama Crimson Tide,Florida State Seminoles,betmgm,Florida State Seminoles,19.0,-108
2026-09-17T20:56:33Z,a85cea77fbd44d9135461815777f6a9c,2026-09-19T19:30:00Z,Alabama Crimson Tide,Florida State Seminoles,betrivers,Alabama Crimson Tide,-19.0,-110
2026-09-17T20:56:33Z,a85cea77fbd44d9135461815777f6a9c,2026-09-19T19:30:00Z,Alabama Crimson Tide,Florida State Seminoles,betrivers,Florida State Seminoles,19.0,-113
2026-09-17T20:56:33Z,a85cea77fbd44d9135461815777f6a9c,2026-09-19T19:30:00Z,Alabama Crimson Tide,Florida State Seminoles,lowvig,Alabama Crimson Tide,-19.0,-111
2026-09-17T20:56:33Z,a85cea77fbd44d9135461815777f6a9c,2026-09-19T19:30:00Z,Alabama Crimson Tide,Florida State Seminoles,lowvig,Florida State Seminoles,19.0,-101
2026-09-17T20:56:33Z,a85cea77fbd44d9135461815777f6a9c,2026-09-19T19:30:00Z,Alabama Crimson Tide,Florida State Seminoles,betonlineag,Alabama Crimson Tide,-19.0,-115
2026-09-17T20:56:33Z,a85cea77fbd44d9135461815777f6a9c,2026-09-19T19:30:00Z,Alabama Crimson Tide,Florida State Seminoles,betonlineag,Florida State Seminoles,19.0,-105
2026-09-17T20:56:33Z,a85cea77fbd44d9135461815777f6a9c,2026-09-19T19:30:00Z,Alabama Crimson Tide,Florida State Seminoles,betus,Alabama Crimson Tide,-19.0,-115
2026-09-17T20:56:33Z,a85cea77fbd44d9135461815777f6a9c,2026-09-19T19:30:00Z,Alabama Crimson Tide,Florida State Seminoles,betus,Florida State Seminoles,19.0,-105
2026-09-17T20:56:33Z,15ebe2df1d91e584d091d509e70a1a71,2026-09-19T19:30:00Z,Cincinnati Bearcats,Miami (OH) RedHawks,betrivers,Cincinnati Bearcats,-16.0,-112
2026-09-17T20:56:33Z,15ebe2df1d91e584d091d509e70a1a71,2026-09-19T19:30:00Z,Cincinnati Bearcats,Miami (OH) RedHawks,betrivers,Miami (OH) RedHawks,16.0,-112
2026-09-17T20:56:33Z,d2da9e958e6f4800929ff9411b697a4b,2026-09-19T19:30:00Z,Texas A&M Aggies,Kentucky Wildcats,draftkings,Kentucky Wildcats,16.5,-105
2026-09-17T20:56:33Z,d2da9e958e6f4800929ff9411b697a4b,2026-09-19T19:30:00Z,Texas A&M Aggies,Kentucky Wildcats,draftkings,Texas A&M Aggies,-16.5,-115
2026-09-17T20:56:33Z,d2da9e958e6f4800929ff9411b697a4b,2026-09-19T19:30:00Z,Texas A&M Aggies,Kentucky Wildcats,betmgm,Kentucky Wildcats,17.0,-108
2026-09-17T20:56:33Z,d2da9e958e6f4800929ff9411b697a4b,2026-09-19T19:30:00Z,Texas A&M Aggies,Kentucky Wildcats,betmgm,Texas A&M Aggies,-17.0,-110
2026-09-17T20:56:33Z,d2da9e958e6f4800929ff9411b697a4b,2026-09-19T19:30:00Z,Texas A&M Aggies,Kentucky Wildcats,betrivers,Kentucky Wildcats,17.0,-114
2026-09-17T20:56:33Z,d2da9e958e6f4800929ff9411b697a4b,2026-09-19T19:30:00Z,Texas A&M Aggies,Kentucky Wildcats,betrivers,Texas A&M Aggies,-17.0,-109
2026-09-17T20:56:33Z,d2da9e958e6f4800929ff9411b697a4b,2026-09-19T19:30:00Z,Texas A&M Aggies,Kentucky Wildcats,lowvig,Kentucky Wildcats,17.0,-104
2026-09-17T20:56:33Z,d2da9e958e6f4800929ff9411b697a4b,2026-09-19T19:30:00Z,Texas A&M Aggies,Kentucky Wildcats,lowvig,Texas A&M Aggies,-17.0,-108
2026-09-17T20:56:33Z,d2da9e958e6f4800929ff9411b697a4b,2026-09-19T19:30:00Z,Texas A&M Aggies,Kentucky Wildcats,betonlineag,Kentucky Wildcats,17.0,-108
2026-09-17T20:56:33Z,d2da9e958e6f4800929ff9411b697a4b,2026-09-19T19:30:00Z,Texas A&M Aggies,Kentucky Wildcats,betonlineag,Texas A&M Aggies,-17.0,-112
2026-09-17T20:56:33Z,dbcfc3184e20d1ea45e910b89585071f,2026-09-19T19:30:00Z,Louisville Cardinals,SMU Mustangs,draftkings,Louisville Cardinals,-1.5,-105
2026-09-17T20:56:33Z,dbcfc3184e20d1ea45e910b89585071f,2026-09-19T19:30:00Z,Louisville Cardinals,SMU Mustangs,draftkings,SMU Mustangs,1.5,-115
2026-09-17T20:56:33Z,dbcfc3184e20d1ea45e910b89585071f,2026-09-19T19:30:00Z,Louisville Cardinals,SMU Mustangs,betmgm,Louisville Cardinals,-1.5,-108
2026-09-17T20:56:33Z,dbcfc3184e20d1ea45e910b89585071f,2026-09-19T19:30:00Z,Louisville Cardinals,SMU Mustangs,betmgm,SMU Mustangs,1.5,-110
2026-09-17T20:56:33Z,dbcfc3184e20d1ea45e910b89585071f,2026-09-19T19:30:00Z,Louisville Cardinals,SMU Mustangs,betrivers,Louisville Cardinals,-1.5,-110
2026-09-17T20:56:33Z,dbcfc3184e20d1ea45e910b89585071f,2026-09-19T19:30:00Z,Louisville Cardinals,SMU Mustangs,betrivers,SMU Mustangs,1.5,-113
2026-09-17T20:56:33Z,dbcfc3184e20d1ea45e910b89585071f,2026-09-19T19:30:00Z,Louisville Cardinals,SMU Mustangs,bovada,Louisville Cardinals,-1.5,-110
2026-09-17T20:56:33Z,dbcfc3184e20d1ea45e910b89585071f,2026-09-19T19:30:00Z,Louisville Cardinals,SMU Mustangs,bovada,SMU Mustangs,1.5,-110
2026-09-17T20:56:33Z,f9b0ff34657875b54ee16b8254168159,2026-09-19T19:30:00Z,Michigan Wolverines,UTEP Miners,betmgm,Michigan Wolverines,-35.5,-118
2026-09-17T20:56:33Z,f9b0ff34657875b54ee16b8254168159,2026-09-19T19:30:00Z,Michigan Wolverines,UTEP Miners,betmgm,UTEP Miners,35.5,-112
2026-09-17T20:56:33Z,8b31d45a11a98ec8e6a9a9a5368a1bf4,2026-09-19T19:30:00Z,Rutgers Scarlet Knights,USC Trojans,betmgm,Rutgers Scarlet Knights,22.0,-110
2026-09-17T20:56:33Z,8b31d45a11a98ec8e6a9a9a5368a1bf4,2026-09-19T19:30:00Z,Rutgers Scarlet Knights,USC Trojans,betmgm,USC Trojans,-22.0,-108
2026-09-17T20:56:33Z,8b31d45a11a98ec8e6a9a9a5368a1bf4,2026-09-19T19:30:00Z,Rutgers Scarlet Knights,USC Trojans,bovada,Rutgers Scarlet Knights,22.0,-110
2026-09-17T20:56:33Z,8b31d45a11a98ec8e6a9a9a5368a1bf4,2026-09-19T19:30:00Z,Rutgers Scarlet Knights,USC Trojans,bovada,USC Trojans,-22.0,-110
2026-09-17T20:56:33Z,9a94b95365b9c78fbfb612ce4c859eda,2026-09-19T19:30:00Z,Utah Utes,Utah State Aggies,betrivers,Utah State Aggies,27.5,-110
2026-09-17T20:56:33Z,9a94b95365b9c78fbfb612ce4c859eda,2026-09-19T19:30:00Z,Utah Utes,Utah State Aggies,betrivers,Utah Utes,-27.5,-113
2026-09-17T20:56:33Z,9a94b95365b9c78fbfb612ce4c859eda,2026-09-19T19:30:00Z,Utah Utes,Utah State Aggies,draftkings,Utah State Aggies,27.5,-105
2026-09-17T20:56:33Z,9a94b95365b9c78fbfb612ce4c859eda,2026-09-19T19:30:00Z,Utah Utes,Utah State Aggies,draftkings,Utah Utes,-27.5,-115
2026-09-17T20:56:33Z,9a94b95365b9c78fbfb612ce4c859eda,2026-09-19T19:30:00Z,Utah Utes,Utah State Aggies,betonlineag,Utah State Aggies,28.0,-113
2026-09-17T20:56:33Z,9a94b95365b9c78fbfb612ce4c859eda,2026-09-19T19:30:00Z,Utah Utes,Utah State Aggies,betonlineag,Utah Utes,-28.0,-107
2026-09-17T20:56:33Z,9a94b95365b9c78fbfb612ce4c859eda,2026-09-19T19:30:00Z,Utah Utes,Utah State Aggies,betmgm,Utah State Aggies,28.0,-110
2026-09-17T20:56:33Z,9a94b95365b9c78fbfb612ce4c859eda,2026-09-19T19:30:00Z,Utah Utes,Utah State Aggies,betmgm,Utah Utes,-28.0,-108
2026-09-17T20:56:33Z,089e1a60578160dd6828794656461ba5,2026-09-19T20:00:00Z,Liberty Flames,Ball State Cardinals,fanduel,Ball State Cardinals,14.5,-105
2026-09-17T20:56:33Z,089e1a60578160dd6828794656461ba5,2026-09-19T20:00:00Z,Liberty Flames,Ball State Cardinals,fanduel,Liberty Flames,-14.5,-115
2026-09-17T20:56:33Z,089e1a60578160dd6828794656461ba5,2026-09-19T20:00:00Z,Liberty Flames,Ball State Cardinals,betrivers,Liberty Flames,-14.0,-114
2026-09-17T20:56:33Z,089e1a60578160dd6828794656461ba5,2026-09-19T20:00:00Z,Liberty Flames,Ball State Cardinals,draftkings,Ball State Cardinals,14.5,-108
2026-09-17T20:56:33Z,089e1a60578160dd6828794656461ba5,2026-09-19T20:00:00Z,Liberty Flames,Ball State Cardinals,draftkings,Liberty Flames,-14.5,-112
2026-09-17T20:56:33Z,089e1a60578160dd6828794656461ba5,2026-09-19T20:00:00Z,Liberty Flames,Ball State Cardinals,betonlineag,Ball State Cardinals,15.0,-110
2026-09-17T20:56:33Z,089e1a60578160dd6828794656461ba5,2026-09-19T20:00:00Z,Liberty Flames,Ball State Cardinals,betonlineag,Liberty Flames,-15.0,-110
2026-09-17T20:56:33Z,089e1a60578160dd6828794656461ba5,2026-09-19T20:00:00Z,Liberty Flames,Ball State Cardinals,lowvig,Ball State Cardinals,15.0,-106
2026-09-17T20:56:33Z,089e1a60578160dd6828794656461ba5,2026-09-19T20:00:00Z,Liberty Flames,Ball State Cardinals,lowvig,Liberty Flames,-15.0,-106
2026-09-17T20:56:33Z,089e1a60578160dd6828794656461ba5,2026-09-19T20:00:00Z,Liberty Flames,Ball State Cardinals,betmgm,Ball State Cardinals,14.5,-110
2026-09-17T20:56:33Z,089e1a60578160dd6828794656461ba5,2026-09-19T20:00:00Z,Liberty Flames,Ball State Cardinals,betmgm,Liberty Flames,-14.5,-110
2026-09-17T20:56:33Z,089e1a60578160dd6828794656461ba5,2026-09-19T20:00:00Z,Liberty Flames,Ball State Cardinals,betus,Ball State Cardinals,15.0,-110
2026-09-17T20:56:33Z,089e1a60578160dd6828794656461ba5,2026-09-19T20:00:00Z,Liberty Flames,Ball State Cardinals,betus,Liberty Flames,-15.0,-110
2026-09-17T20:56:33Z,089e1a60578160dd6828794656461ba5,2026-09-19T20:00:00Z,Liberty Flames,Ball State Cardinals,bovada,Ball State Cardinals,14.5,-110
2026-09-17T20:56:33Z,089e1a60578160dd6828794656461ba5,2026-09-19T20:00:00Z,Liberty Flames,Ball State Cardinals,bovada,Liberty Flames,-14.5,-110
2026-09-17T20:56:33Z,790266884d07b6c2aeed8efc216ba610,2026-09-19T20:00:00Z,Baylor Bears,Louisiana Tech Bulldogs,fanduel,Baylor Bears,-20.5,-105
2026-09-17T20:56:33Z,790266884d07b6c2aeed8efc216ba610,2026-09-19T20:00:00Z,Baylor Bears,Louisiana Tech Bulldogs,fanduel,Louisiana Tech Bulldogs,20.5,-115
2026-09-17T20:56:33Z,790266884d07b6c2aeed8efc216ba610,2026-09-19T20:00:00Z,Baylor Bears,Louisiana Tech Bulldogs,draftkings,Baylor Bears,-20.5,-105
2026-09-17T20:56:33Z,790266884d07b6c2aeed8efc216ba610,2026-09-19T20:00:00Z,Baylor Bears,Louisiana Tech Bulldogs,draftkings,Louisiana Tech Bulldogs,20.5,-115
2026-09-17T20:56:33Z,790266884d07b6c2aeed8efc216ba610,2026-09-19T20:00:00Z,Baylor Bears,Louisiana Tech Bulldogs,lowvig,Baylor Bears,-19.0,-113
2026-09-17T20:56:33Z,790266884d07b6c2aeed8efc216ba610,2026-09-19T20:00:00Z,Baylor Bears,Louisiana Tech Bulldogs,lowvig,Louisiana Tech Bulldogs,19.0,101
2026-09-17T20:56:33Z,790266884d07b6c2aeed8efc216ba610,2026-09-19T20:00:00Z,Baylor Bears,Louisiana Tech Bulldogs,betonlineag,Baylor Bears,-19.0,-117
2026-09-17T20:56:33Z,790266884d07b6c2aeed8efc216ba610,2026-09-19T20:00:00Z,Baylor Bears,Louisiana Tech Bulldogs,betonlineag,Louisiana Tech Bulldogs,19.0,-103
2026-09-17T20:56:33Z,790266884d07b6c2aeed8efc216ba610,2026-09-19T20:00:00Z,Baylor Bears,Louisiana Tech Bulldogs,betmgm,Baylor Bears,-20.0,-108
2026-09-17T20:56:33Z,790266884d07b6c2aeed8efc216ba610,2026-09-19T20:00:00Z,Baylor Bears,Louisiana Tech Bulldogs,betmgm,Louisiana Tech Bulldogs,20.0,-110
2026-09-17T20:56:33Z,790266884d07b6c2aeed8efc216ba610,2026-09-19T20:00:00Z,Baylor Bears,Louisiana Tech Bulldogs,betrivers,Baylor Bears,-18.5,-113
2026-09-17T20:56:33Z,790266884d07b6c2aeed8efc216ba610,2026-09-19T20:00:00Z,Baylor Bears,Louisiana Tech Bulldogs,betrivers,Louisiana Tech Bulldogs,18.5,-109
2026-09-17T20:56:33Z,790266884d07b6c2aeed8efc216ba610,2026-09-19T20:00:00Z,Baylor Bears,Louisiana Tech Bulldogs,betus,Baylor Bears,-20.0,-110
2026-09-17T20:56:33Z,790266884d07b6c2aeed8efc216ba610,2026-09-19T20:00:00Z,Baylor Bears,Louisiana Tech Bulldogs,betus,Louisiana Tech Bulldogs,20.0,-110
2026-09-17T20:56:33Z,790266884d07b6c2aeed8efc216ba610,2026-09-19T20:00:00Z,Baylor Bears,Louisiana Tech Bulldogs,bovada,Baylor Bears,-20.0,-110
2026-09-17T20:56:33Z,790266884d07b6c2aeed8efc216ba610,2026-09-19T20:00:00Z,Baylor Bears,Louisiana Tech Bulldogs,bovada,Louisiana Tech Bulldogs,20.0,-110
2026-09-17T20:56:33Z,3c742aa7dc1c1da030846964a72de370,2026-09-19T20:00:00Z,Duke Blue Devils,Stanford Cardinal,draftkings,Duke Blue Devils,-10.0,-112
2026-09-17T20:56:33Z,3c742aa7dc1c1da030846964a72de370,2026-09-19T20:00:00Z,Duke Blue Devils,Stanford Cardinal,draftkings,Stanford Cardinal,10.0,-108
2026-09-17T20:56:33Z,3c742aa7dc1c1da030846964a72de370,2026-09-19T20:00:00Z,Duke Blue Devils,Stanford Cardinal,betmgm,Duke Blue Devils,-10.0,-120
2026-09-17T20:56:33Z,3c742aa7dc1c1da030846964a72de370,2026-09-19T20:00:00Z,Duke Blue Devils,Stanford Cardinal,betmgm,Stanford Cardinal,10.0,-110
2026-09-17T20:56:33Z,3c742aa7dc1c1da030846964a72de370,2026-09-19T20:00:00Z,Duke Blue Devils,Stanford Cardinal,bovada,Duke Blue Devils,-10.0,-115
2026-09-17T20:56:33Z,3c742aa7dc1c1da030846964a72de370,2026-09-19T20:00:00Z,Duke Blue Devils,Stanford Cardinal,bovada,Stanford Cardinal,10.0,-105
2026-09-17T20:56:33Z,f459decff5e212a417df01fead33b180,2026-09-19T20:00:00Z,Indiana Hoosiers,Western Kentucky Hilltoppers,draftkings,Indiana Hoosiers,-44.5,-115
2026-09-17T20:56:33Z,f459decff5e212a417df01fead33b180,2026-09-19T20:00:00Z,Indiana Hoosiers,Western Kentucky Hilltoppers,draftkings,Western Kentucky Hilltoppers,44.5,-105
2026-09-17T20:56:33Z,f459decff5e212a417df01fead33b180,2026-09-19T20:00:00Z,Indiana Hoosiers,Western Kentucky Hilltoppers,bovada,Indiana Hoosiers,-44.5,-115
2026-09-17T20:56:33Z,f459decff5e212a417df01fead33b180,2026-09-19T20:00:00Z,Indiana Hoosiers,Western Kentucky Hilltoppers,bovada,Western Kentucky Hilltoppers,44.5,-105
2026-09-17T20:56:33Z,1d773c6e9934d12970ba222e96ec4c80,2026-09-19T20:00:00Z,Iowa Hawkeyes,Northern Iowa Panthers,betrivers,Iowa Hawkeyes,-39.0,-109
2026-09-17T20:56:33Z,1d773c6e9934d12970ba222e96ec4c80,2026-09-19T20:00:00Z,Iowa Hawkeyes,Northern Iowa Panthers,betrivers,Northern Iowa Panthers,39.0,-113
2026-09-17T20:56:33Z,436d9422da324c807b9d2fb50a2ef62a,2026-09-19T22:00:00Z,Old Dominion Monarchs,East Carolina Pirates,betmgm,East Carolina Pirates,3.0,-118
2026-09-17T20:56:33Z,436d9422da324c807b9d2fb50a2ef62a,2026-09-19T22:00:00Z,Old Dominion Monarchs,East Carolina Pirates,betrivers,East Carolina Pirates,3.0,-115
2026-09-17T20:56:33Z,436d9422da324c807b9d2fb50a2ef62a,2026-09-19T22:00:00Z,Old Dominion Monarchs,East Carolina Pirates,betrivers,Old Dominion Monarchs,-3.0,-107
2026-09-17T20:56:33Z,da4cee8b35281f4528d3dd939d42814d,2026-09-19T22:00:00Z,Florida Atlantic Owls,Florida International Panthers,fanduel,Florida Atlantic Owls,-6.5,-114
2026-09-17T20:56:33Z,da4cee8b35281f4528d3dd939d42814d,2026-09-19T22:00:00Z,Florida Atlantic Owls,Florida International Panthers,fanduel,Florida International Panthers,6.5,-106
2026-09-17T20:56:33Z,da4cee8b35281f4528d3dd939d42814d,2026-09-19T22:00:00Z,Florida Atlantic Owls,Florida International Panthers,draftkings,Florida Atlantic Owls,-6.5,-112
2026-09-17T20:56:33Z,da4cee8b35281f4528d3dd939d42814d,2026-09-19T22:00:00Z,Florida Atlantic Owls,Florida International Panthers,draftkings,Florida International Panthers,6.5,-108
2026-09-17T20:56:33Z,da4cee8b35281f4528d3dd939d42814d,2026-09-19T22:00:00Z,Florida Atlantic Owls,Florida International Panthers,lowvig,Florida Atlantic Owls,-6.5,-107
2026-09-17T20:56:33Z,da4cee8b35281f4528d3dd939d42814d,2026-09-19T22:00:00Z,Florida Atlantic Owls,Florida International Panthers,lowvig,Florida International Panthers,6.5,-105
2026-09-17T20:56:33Z,da4cee8b35281f4528d3dd939d42814d,2026-09-19T22:00:00Z,Florida Atlantic Owls,Florida International Panthers,betonlineag,Florida Atlantic Owls,-6.5,-111
2026-09-17T20:56:33Z,da4cee8b35281f4528d3dd939d42814d,2026-09-19T22:00:00Z,Florida Atlantic Owls,Florida International Panthers,betonlineag,Florida International Panthers,6.5,-109
2026-09-17T20:56:33Z,da4cee8b35281f4528d3dd939d42814d,2026-09-19T22:00:00Z,Florida Atlantic Owls,Florida International Panthers,betmgm,Florida Atlantic Owls,-6.5,-110
2026-09-17T20:56:33Z,da4cee8b35281f4528d3dd939d42814d,2026-09-19T22:00:00Z,Florida Atlantic Owls,Florida International Panthers,betmgm,Florida International Panthers,6.5,-108
2026-09-17T20:56:33Z,da4cee8b35281f4528d3dd939d42814d,2026-09-19T22:00:00Z,Florida Atlantic Owls,Florida International Panthers,betus,Florida Atlantic Owls,-6.0,-115
2026-09-17T20:56:33Z,da4cee8b35281f4528d3dd939d42814d,2026-09-19T22:00:00Z,Florida Atlantic Owls,Florida International Panthers,betus,Florida International Panthers,6.0,-105
2026-09-17T20:56:33Z,da4cee8b35281f4528d3dd939d42814d,2026-09-19T22:00:00Z,Florida Atlantic Owls,Florida International Panthers,bovada,Florida Atlantic Owls,-6.5,-115
2026-09-17T20:56:33Z,da4cee8b35281f4528d3dd939d42814d,2026-09-19T22:00:00Z,Florida Atlantic Owls,Florida International Panthers,bovada,Florida International Panthers,6.5,-105
2026-09-17T20:56:33Z,fa9113ed354c9a40e487f5b923b4238f,2026-09-19T22:30:00Z,Missouri State Bears,Marshall Thundering Herd,betus,Marshall Thundering Herd,-4.0,-110
2026-09-17T20:56:33Z,fa9113ed354c9a40e487f5b923b4238f,2026-09-19T22:30:00Z,Missouri State Bears,Marshall Thundering Herd,betus,Missouri State Bears,4.0,-110
2026-09-17T20:56:33Z,7ef3b27d15de635a3e05324f2b0c56cb,2026-09-19T23:00:00Z,Auburn Tigers,Florida Gators,draftkings,Auburn Tigers,2.5,-115
2026-09-17T20:56:33Z,7ef3b27d15de635a3e05324f2b0c56cb,2026-09-19T23:00:00Z,Auburn Tigers,Florida Gators,draftkings,Florida Gators,-2.5,-105
2026-09-17T20:56:33Z,7ef3b27d15de635a3e05324f2b0c56cb,2026-09-19T23:00:00Z,Auburn Tigers,Florida Gators,fanduel,Auburn Tigers,2.5,-115
2026-09-17T20:56:33Z,7ef3b27d15de635a3e05324f2b0c56cb,2026-09-19T23:00:00Z,Auburn Tigers,Florida Gators,fanduel,Florida Gators,-2.5,-105
2026-09-17T20:56:33Z,7ef3b27d15de635a3e05324f2b0c56cb,2026-09-19T23:00:00Z,Auburn Tigers,Florida Gators,lowvig,Auburn Tigers,1.0,-104
2026-09-17T20:56:33Z,7ef3b27d15de635a3e05324f2b0c56cb,2026-09-19T23:00:00Z,Auburn Tigers,Florida Gators,lowvig,Florida Gators,-1.0,-108
2026-09-17T20:56:33Z,7ef3b27d15de635a3e05324f2b0c56cb,2026-09-19T23:00:00Z,Auburn Tigers,Florida Gators,betonlineag,Auburn Tigers,1.0,-108
2026-09-17T20:56:33Z,7ef3b27d15de635a3e05324f2b0c56cb,2026-09-19T23:00:00Z,Auburn Tigers,Florida Gators,betonlineag,Florida Gators,-1.0,-112
2026-09-17T20:56:33Z,7ef3b27d15de635a3e05324f2b0c56cb,2026-09-19T23:00:00Z,Auburn Tigers,Florida Gators,betmgm,Auburn Tigers,2.0,-108
2026-09-17T20:56:33Z,7ef3b27d15de635a3e05324f2b0c56cb,2026-09-19T23:00:00Z,Auburn Tigers,Florida Gators,betmgm,Florida Gators,-2.0,-110
2026-09-17T20:56:33Z,7ef3b27d15de635a3e05324f2b0c56cb,2026-09-19T23:00:00Z,Auburn Tigers,Florida Gators,betus,Auburn Tigers,1.0,-110
2026-09-17T20:56:33Z,7ef3b27d15de635a3e05324f2b0c56cb,2026-09-19T23:00:00Z,Auburn Tigers,Florida Gators,betus,Florida Gators,-1.0,-110
2026-09-17T20:56:33Z,7ef3b27d15de635a3e05324f2b0c56cb,2026-09-19T23:00:00Z,Auburn Tigers,Florida Gators,bovada,Auburn Tigers,2.0,-110
2026-09-17T20:56:33Z,7ef3b27d15de635a3e05324f2b0c56cb,2026-09-19T23:00:00Z,Auburn Tigers,Florida Gators,bovada,Florida Gators,-2.0,-110
2026-09-17T20:56:33Z,60c8d1fde1467bde9f2a20b5d4cb7c90,2026-09-19T23:00:00Z,Jacksonville State Gamecocks,Georgia Southern Eagles,bovada,Georgia Southern Eagles,3.0,100
2026-09-17T20:56:33Z,60c8d1fde1467bde9f2a20b5d4cb7c90,2026-09-19T23:00:00Z,Jacksonville State Gamecocks,Georgia Southern Eagles,bovada,Jacksonville State Gamecocks,-3.0,-120
2026-09-17T20:56:33Z,4a9e833f32775e201ee648c51840df85,2026-09-19T23:00:00Z,UCF Knights,Georgia State Panthers,draftkings,Georgia State Panthers,17.5,-110
2026-09-17T20:56:33Z,4a9e833f32775e201ee648c51840df85,2026-09-19T23:00:00Z,UCF Knights,Georgia State Panthers,draftkings,UCF Knights,-17.5,-110
2026-09-17T20:56:33Z,4a9e833f32775e201ee648c51840df85,2026-09-19T23:00:00Z,UCF Knights,Georgia State Panthers,betus,Georgia State Panthers,17.0,-110
2026-09-17T20:56:33Z,4a9e833f32775e201ee648c51840df85,2026-09-19T23:00:00Z,UCF Knights,Georgia State Panthers,betus,UCF Knights,-17.0,-110
2026-09-17T20:56:33Z,b8810f15896c1fbe1ca25054585612f0,2026-09-19T23:00:00Z,Middle Tennessee Blue Raiders,Nevada Wolf Pack,betrivers,Middle Tennessee Blue Raiders,4.5,-113
2026-09-17T20:56:33Z,b8810f15896c1fbe1ca25054585612f0,2026-09-19T23:00:00Z,Middle Tennessee Blue Raiders,Nevada Wolf Pack,betrivers,Nevada Wolf Pack,-4.5,-110
2026-09-17T20:56:33Z,69164d1b806f25a76cdb6268e19d4365,2026-09-19T23:00:00Z,Missouri Tigers,Troy Trojans,draftkings,Missouri Tigers,-27.5,-105
2026-09-17T20:56:33Z,69164d1b806f25a76cdb6268e19d4365,2026-09-19T23:00:00Z,Missouri Tigers,Troy Trojans,draftkings,Troy Trojans,27.5,-115
2026-09-17T20:56:33Z,bcc250cd218a520bcd287c120644ba05,2026-09-19T23:00:00Z,South Alabama Jaguars,Ohio Bobcats,betrivers,Ohio Bobcats,7.0,-118
2026-09-17T20:56:33Z,bcc250cd218a520bcd287c120644ba05,2026-09-19T23:00:00Z,South Alabama Jaguars,Ohio Bobcats,betrivers,South Alabama Jaguars,-7.0,-106
2026-09-17T20:56:33Z,bcc250cd218a520bcd287c120644ba05,2026-09-19T23:00:00Z,South Alabama Jaguars,Ohio Bobcats,bovada,Ohio Bobcats,6.5,-105
2026-09-17T20:56:33Z,bcc250cd218a520bcd287c120644ba05,2026-09-19T23:00:00Z,South Alabama Jaguars,Ohio Bobcats,bovada,South Alabama Jaguars,-6.5,-115
2026-09-17T20:56:33Z,be8b2e012b50c86775a87bb633e330e6,2026-09-19T23:00:00Z,Rice Owls,Western Michigan Broncos,betmgm,Rice Owls,9.5,-108
2026-09-17T20:56:33Z,be8b2e012b50c86775a87bb633e330e6,2026-09-19T23:00:00Z,Rice Owls,Western Michigan Broncos,betmgm,Western Michigan Broncos,-9.5,-110
2026-09-17T20:56:33Z,1088ecb8a4c34880f9fb0b9274a8d3e4,2026-09-19T23:00:00Z,Southern Mississippi Golden Eagles,UConn Huskies,betmgm,UConn Huskies,-3.0,-115
2026-09-17T20:56:33Z,1088ecb8a4c34880f9fb0b9274a8d3e4,2026-09-19T23:00:00Z,Southern Mississippi Golden Eagles,UConn Huskies,bovada,Southern Mississippi Golden Eagles,3.0,-110
2026-09-17T20:56:33Z,1088ecb8a4c34880f9fb0b9274a8d3e4,2026-09-19T23:00:00Z,Southern Mississippi Golden Eagles,UConn Huskies,bovada,UConn Huskies,-3.0,-110
2026-09-17T20:56:33Z,55699549855efd1bed7b9d6ae1c7aded,2026-09-19T23:15:00Z,Nebraska Cornhuskers,North Dakota Fighting Hawks,betrivers,Nebraska Cornhuskers,-24.5,-110
2026-09-17T20:56:33Z,55699549855efd1bed7b9d6ae1c7aded,2026-09-19T23:15:00Z,Nebraska Cornhuskers,North Dakota Fighting Hawks,betrivers,North Dakota Fighting Hawks,24.5,-113
2026-09-17T20:56:33Z,55699549855efd1bed7b9d6ae1c7aded,2026-09-19T23:15:00Z,Nebraska Cornhuskers,North Dakota Fighting Hawks,lowvig,Nebraska Cornhuskers,-24.0,-105
2026-09-17T20:56:33Z,55699549855efd1bed7b9d6ae1c7aded,2026-09-19T23:15:00Z,Nebraska Cornhuskers,North Dakota Fighting Hawks,lowvig,North Dakota Fighting Hawks,24.0,-125
2026-09-17T20:56:33Z,55699549855efd1bed7b9d6ae1c7aded,2026-09-19T23:15:00Z,Nebraska Cornhuskers,North Dakota Fighting Hawks,betonlineag,Nebraska Cornhuskers,-24.0,-105
2026-09-17T20:56:33Z,55699549855efd1bed7b9d6ae1c7aded,2026-09-19T23:15:00Z,Nebraska Cornhuskers,North Dakota Fighting Hawks,betonlineag,North Dakota Fighting Hawks,24.0,-125
2026-09-17T20:56:33Z,d3b7a8be0f6c9e50f7afd4005990228b,2026-09-19T23:30:00Z,Colorado State Rams,BYU Cougars,draftkings,BYU Cougars,-17.5,-110
2026-09-17T20:56:33Z,d3b7a8be0f6c9e50f7afd4005990228b,2026-09-19T23:30:00Z,Colorado State Rams,BYU Cougars,draftkings,Colorado State Rams,17.5,-110
2026-09-17T20:56:33Z,d3b7a8be0f6c9e50f7afd4005990228b,2026-09-19T23:30:00Z,Colorado State Rams,BYU Cougars,betmgm,BYU Cougars,-17.5,-110
2026-09-17T20:56:33Z,d3b7a8be0f6c9e50f7afd4005990228b,2026-09-19T23:30:00Z,Colorado State Rams,BYU Cougars,betmgm,Colorado State Rams,17.5,-108
2026-09-17T20:56:33Z,03297aa8a399c223aa1cc6aa923d9bc6,2026-09-19T23:30:00Z,Northwestern Wildcats,Colorado Buffaloes,lowvig,Colorado Buffaloes,3.0,-101
2026-09-17T20:56:33Z,03297aa8a399c223aa1cc6aa923d9bc6,2026-09-19T23:30:00Z,Northwestern Wildcats,Colorado Buffaloes,lowvig,Northwestern Wildcats,-3.0,-111
2026-09-17T20:56:33Z,03297aa8a399c223aa1cc6aa923d9bc6,2026-09-19T23:30:00Z,Northwestern Wildcats,Colorado Buffaloes,betonlineag,Colorado Buffaloes,3.0,-105
2026-09-17T20:56:33Z,03297aa8a399c223aa1cc6aa923d9bc6,2026-09-19T23:30:00Z,Northwestern Wildcats,Colorado Buffaloes,betonlineag,Northwestern Wildcats,-3.0,-115
2026-09-17T20:56:33Z,03297aa8a399c223aa1cc6aa923d9bc6,2026-09-19T23:30:00Z,Northwestern Wildcats,Colorado Buffaloes,betus,Colorado Buffaloes,3.0,-110
2026-09-17T20:56:33Z,03297aa8a399c223aa1cc6aa923d9bc6,2026-09-19T23:30:00Z,Northwestern Wildcats,Colorado Buffaloes,betus,Northwestern Wildcats,-3.0,-110
2026-09-17T20:56:33Z,65571f1cab1a260aae4a220e38dbbc1d,2026-09-19T23:30:00Z,Ole Miss Rebels,LSU Tigers,fanduel,LSU Tigers,-2.5,-115
2026-09-17T20:56:33Z,65571f1cab1a260aae4a220e38dbbc1d,2026-09-19T23:30:00Z,Ole Miss Rebels,LSU Tigers,fanduel,Ole Miss Rebels,2.5,-105
2026-09-17T20:56:33Z,65571f1cab1a260aae4a220e38dbbc1d,2026-09-19T23:30:00Z,Ole Miss Rebels,LSU Tigers,betmgm,LSU Tigers,-3.0,-102
2026-09-17T20:56:33Z,65571f1cab1a260aae4a220e38dbbc1d,2026-09-19T23:30:00Z,Ole Miss Rebels,LSU Tigers,betmgm,Ole Miss Rebels,3.0,-118
2026-09-17T20:56:33Z,65571f1cab1a260aae4a220e38dbbc1d,2026-09-19T23:30:00Z,Ole Miss Rebels,LSU Tigers,draftkings,LSU Tigers,-2.5,-118
2026-09-17T20:56:33Z,65571f1cab1a260aae4a220e38dbbc1d,2026-09-19T23:30:00Z,Ole Miss Rebels,LSU Tigers,draftkings,Ole Miss Rebels,2.5,-102
2026-09-17T20:56:33Z,65571f1cab1a260aae4a220e38dbbc1d,2026-09-19T23:30:00Z,Ole Miss Rebels,LSU Tigers,betrivers,LSU Tigers,-2.5,-109
2026-09-17T20:56:33Z,65571f1cab1a260aae4a220e38dbbc1d,2026-09-19T23:30:00Z,Ole Miss Rebels,LSU Tigers,betrivers,Ole Miss Rebels,2.5,-114
2026-09-17T20:56:33Z,65571f1cab1a260aae4a220e38dbbc1d,2026-09-19T23:30:00Z,Ole Miss Rebels,LSU Tigers,betonlineag,LSU Tigers,-3.0,-105
2026-09-17T20:56:33Z,65571f1cab1a260aae4a220e38dbbc1d,2026-09-19T23:30:00Z,Ole Miss Rebels,LSU Tigers,betonlineag,Ole Miss Rebels,3.0,-115
2026-09-17T20:56:33Z,65571f1cab1a260aae4a220e38dbbc1d,2026-09-19T23:30:00Z,Ole Miss Rebels,LSU Tigers,betus,LSU Tigers,-3.0,-105
2026-09-17T20:56:33Z,65571f1cab1a260aae4a220e38dbbc1d,2026-09-19T23:30:00Z,Ole Miss Rebels,LSU Tigers,betus,Ole Miss Rebels,3.0,-115
2026-09-17T20:56:33Z,65571f1cab1a260aae4a220e38dbbc1d,2026-09-19T23:30:00Z,Ole Miss Rebels,LSU Tigers,bovada,LSU Tigers,-2.5,-120
2026-09-17T20:56:33Z,65571f1cab1a260aae4a220e38dbbc1d,2026-09-19T23:30:00Z,Ole Miss Rebels,LSU Tigers,bovada,Ole Miss Rebels,2.5,100
2026-09-17T20:56:33Z,b7cdc05f280bede1f19b996cc9b95753,2026-09-19T23:30:00Z,Maryland Terrapins,Virginia Tech Hokies,lowvig,Maryland Terrapins,2.5,-101
2026-09-17T20:56:33Z,b7cdc05f280bede1f19b996cc9b95753,2026-09-19T23:30:00Z,Maryland Terrapins,Virginia Tech Hokies,lowvig,Virginia Tech Hokies,-2.5,-111
2026-09-17T20:56:33Z,b7cdc05f280bede1f19b996cc9b95753,2026-09-19T23:30:00Z,Maryland Terrapins,Virginia Tech Hokies,betonlineag,Maryland Terrapins,2.5,-105
2026-09-17T20:56:33Z,b7cdc05f280bede1f19b996cc9b95753,2026-09-19T23:30:00Z,Maryland Terrapins,Virginia Tech Hokies,betonlineag,Virginia Tech Hokies,-2.5,-115
2026-09-17T20:56:33Z,b7cdc05f280bede1f19b996cc9b95753,2026-09-19T23:30:00Z,Maryland Terrapins,Virginia Tech Hokies,betmgm,Maryland Terrapins,2.5,-108
2026-09-17T20:56:33Z,b7cdc05f280bede1f19b996cc9b95753,2026-09-19T23:30:00Z,Maryland Terrapins,Virginia Tech Hokies,betmgm,Virginia Tech Hokies,-2.5,-120
2026-09-17T20:56:33Z,7e3b8cd721f0817d0a6c3111221e8a91,2026-09-19T23:30:00Z,Notre Dame Fighting Irish,Michigan State Spartans,draftkings,Michigan State Spartans,29.5,-110
2026-09-17T20:56:33Z,7e3b8cd721f0817d0a6c3111221e8a91,2026-09-19T23:30:00Z,Notre Dame Fighting Irish,Michigan State Spartans,draftkings,Notre Dame Fighting Irish,-29.5,-110
2026-09-17T20:56:33Z,7e3b8cd721f0817d0a6c3111221e8a91,2026-09-19T23:30:00Z,Notre Dame Fighting Irish,Michigan State Spartans,betmgm,Michigan State Spartans,29.0,-108
2026-09-17T20:56:33Z,7e3b8cd721f0817d0a6c3111221e8a91,2026-09-19T23:30:00Z,Notre Dame Fighting Irish,Michigan State Spartans,betmgm,Notre Dame Fighting Irish,-29.0,-110
2026-09-17T20:56:33Z,7e3b8cd721f0817d0a6c3111221e8a91,2026-09-19T23:30:00Z,Notre Dame Fighting Irish,Michigan State Spartans,lowvig,Michigan State Spartans,29.0,-106
2026-09-17T20:56:33Z,7e3b8cd721f0817d0a6c3111221e8a91,2026-09-19T23:30:00Z,Notre Dame Fighting Irish,Michigan State Spartans,lowvig,Notre Dame Fighting Irish,-29.0,-106
2026-09-17T20:56:33Z,7e3b8cd721f0817d0a6c3111221e8a91,2026-09-19T23:30:00Z,Notre Dame Fighting Irish,Michigan State Spartans,betonlineag,Michigan State Spartans,29.0,-110
2026-09-17T20:56:33Z,7e3b8cd721f0817d0a6c3111221e8a91,2026-09-19T23:30:00Z,Notre Dame Fighting Irish,Michigan State Spartans,betonlineag,Notre Dame Fighting Irish,-29.0,-110
2026-09-17T20:56:33Z,7e3b8cd721f0817d0a6c3111221e8a91,2026-09-19T23:30:00Z,Notre Dame Fighting Irish,Michigan State Spartans,betus,Michigan State Spartans,29.5,-110
2026-09-17T20:56:33Z,7e3b8cd721f0817d0a6c3111221e8a91,2026-09-19T23:30:00Z,Notre Dame Fighting Irish,Michigan State Spartans,betus,Notre Dame Fighting Irish,-29.5,-110
2026-09-17T20:56:33Z,47892b65c28a830d83bbe465b070ce01,2026-09-19T23:30:00Z,Oklahoma Sooners,New Mexico Lobos,fanduel,New Mexico Lobos,21.5,-115
2026-09-17T20:56:33Z,47892b65c28a830d83bbe465b070ce01,2026-09-19T23:30:00Z,Oklahoma Sooners,New Mexico Lobos,fanduel,Oklahoma Sooners,-21.5,-105
2026-09-17T20:56:33Z,47892b65c28a830d83bbe465b070ce01,2026-09-19T23:30:00Z,Oklahoma Sooners,New Mexico Lobos,draftkings,New Mexico Lobos,21.5,-112
2026-09-17T20:56:33Z,47892b65c28a830d83bbe465b070ce01,2026-09-19T23:30:00Z,Oklahoma Sooners,New Mexico Lobos,draftkings,Oklahoma Sooners,-21.5,-108
2026-09-17T20:56:33Z,47892b65c28a830d83bbe465b070ce01,2026-09-19T23:30:00Z,Oklahoma Sooners,New Mexico Lobos,betmgm,New Mexico Lobos,21.5,-110
2026-09-17T20:56:33Z,cc6953f45fe5acfc853fdf5e5e28a0e7,2026-09-19T23:45:00Z,Tennessee Volunteers,Kennesaw State Owls,fanduel,Kennesaw State Owls,35.5,-120
2026-09-17T20:56:33Z,cc6953f45fe5acfc853fdf5e5e28a0e7,2026-09-19T23:45:00Z,Tennessee Volunteers,Kennesaw State Owls,fanduel,Tennessee Volunteers,-35.5,-102
2026-09-17T20:56:33Z,cc6953f45fe5acfc853fdf5e5e28a0e7,2026-09-19T23:45:00Z,Tennessee Volunteers,Kennesaw State Owls,draftkings,Kennesaw State Owls,35.5,-118
2026-09-17T20:56:33Z,cc6953f45fe5acfc853fdf5e5e28a0e7,2026-09-19T23:45:00Z,Tennessee Volunteers,Kennesaw State Owls,draftkings,Tennessee Volunteers,-35.5,-102
2026-09-17T20:56:33Z,cc6953f45fe5acfc853fdf5e5e28a0e7,2026-09-19T23:45:00Z,Tennessee Volunteers,Kennesaw State Owls,lowvig,Kennesaw State Owls,35.0,-103
2026-09-17T20:56:33Z,cc6953f45fe5acfc853fdf5e5e28a0e7,2026-09-19T23:45:00Z,Tennessee Volunteers,Kennesaw State Owls,lowvig,Tennessee Volunteers,-35.0,-109
2026-09-17T20:56:33Z,cc6953f45fe5acfc853fdf5e5e28a0e7,2026-09-19T23:45:00Z,Tennessee Volunteers,Kennesaw State Owls,betonlineag,Kennesaw State Owls,35.0,-105
2026-09-17T20:56:33Z,cc6953f45fe5acfc853fdf5e5e28a0e7,2026-09-19T23:45:00Z,Tennessee Volunteers,Kennesaw State Owls,betonlineag,Tennessee Volunteers,-35.0,-115
2026-09-17T20:56:33Z,cc6953f45fe5acfc853fdf5e5e28a0e7,2026-09-19T23:45:00Z,Tennessee Volunteers,Kennesaw State Owls,betmgm,Kennesaw State Owls,35.5,-112
2026-09-17T20:56:33Z,cc6953f45fe5acfc853fdf5e5e28a0e7,2026-09-19T23:45:00Z,Tennessee Volunteers,Kennesaw State Owls,betmgm,Tennessee Volunteers,-35.5,-105
2026-09-17T20:56:33Z,cc6953f45fe5acfc853fdf5e5e28a0e7,2026-09-19T23:45:00Z,Tennessee Volunteers,Kennesaw State Owls,betus,Kennesaw State Owls,35.0,-110
2026-09-17T20:56:33Z,cc6953f45fe5acfc853fdf5e5e28a0e7,2026-09-19T23:45:00Z,Tennessee Volunteers,Kennesaw State Owls,betus,Tennessee Volunteers,-35.0,-110
2026-09-17T20:56:33Z,a64b980a572375c0cc1adba3c3fc2811,2026-09-20T00:00:00Z,TCU Horned Frogs,Arkansas State Red Wolves,fanduel,Arkansas State Red Wolves,19.5,-110
2026-09-17T20:56:33Z,a64b980a572375c0cc1adba3c3fc2811,2026-09-20T00:00:00Z,TCU Horned Frogs,Arkansas State Red Wolves,fanduel,TCU Horned Frogs,-19.5,-110
2026-09-17T20:56:33Z,a64b980a572375c0cc1adba3c3fc2811,2026-09-20T00:00:00Z,TCU Horned Frogs,Arkansas State Red Wolves,draftkings,Arkansas State Red Wolves,19.5,-112
2026-09-17T20:56:33Z,a64b980a572375c0cc1adba3c3fc2811,2026-09-20T00:00:00Z,TCU Horned Frogs,Arkansas State Red Wolves,draftkings,TCU Horned Frogs,-19.5,-108
2026-09-17T20:56:33Z,a64b980a572375c0cc1adba3c3fc2811,2026-09-20T00:00:00Z,TCU Horned Frogs,Arkansas State Red Wolves,lowvig,Arkansas State Red Wolves,19.0,-106
2026-09-17T20:56:33Z,a64b980a572375c0cc1adba3c3fc2811,2026-09-20T00:00:00Z,TCU Horned Frogs,Arkansas State Red Wolves,lowvig,TCU Horned Frogs,-19.0,-106
2026-09-17T20:56:33Z,a64b980a572375c0cc1adba3c3fc2811,2026-09-20T00:00:00Z,TCU Horned Frogs,Arkansas State Red Wolves,betonlineag,Arkansas State Red Wolves,19.0,-110
2026-09-17T20:56:33Z,a64b980a572375c0cc1adba3c3fc2811,2026-09-20T00:00:00Z,TCU Horned Frogs,Arkansas State Red Wolves,betonlineag,TCU Horned Frogs,-19.0,-110
2026-09-17T20:56:33Z,a64b980a572375c0cc1adba3c3fc2811,2026-09-20T00:00:00Z,TCU Horned Frogs,Arkansas State Red Wolves,betmgm,Arkansas State Red Wolves,19.0,-110
2026-09-17T20:56:33Z,a64b980a572375c0cc1adba3c3fc2811,2026-09-20T00:00:00Z,TCU Horned Frogs,Arkansas State Red Wolves,betmgm,TCU Horned Frogs,-19.0,-108
2026-09-17T20:56:33Z,a64b980a572375c0cc1adba3c3fc2811,2026-09-20T00:00:00Z,TCU Horned Frogs,Arkansas State Red Wolves,betus,Arkansas State Red Wolves,19.0,-110
2026-09-17T20:56:33Z,a64b980a572375c0cc1adba3c3fc2811,2026-09-20T00:00:00Z,TCU Horned Frogs,Arkansas State Red Wolves,betus,TCU Horned Frogs,-19.0,-110
2026-09-17T20:56:33Z,828ceb39d7fd7da80c98174ae5f02dcd,2026-09-20T00:00:00Z,Louisiana Ragin Cajuns,UAB Blazers,betrivers,Louisiana Ragin Cajuns,-8.5,-108
2026-09-17T20:56:33Z,828ceb39d7fd7da80c98174ae5f02dcd,2026-09-20T00:00:00Z,Louisiana Ragin Cajuns,UAB Blazers,betrivers,UAB Blazers,8.5,-115
2026-09-17T20:56:33Z,6059b05ef23d08d9033bd7b5fe38e5d0,2026-09-20T00:00:00Z,Texas Longhorns,UTSA Roadrunners,draftkings,Texas Longhorns,-29.5,-115
2026-09-17T20:56:33Z,6059b05ef23d08d9033bd7b5fe38e5d0,2026-09-20T00:00:00Z,Texas Longhorns,UTSA Roadrunners,draftkings,UTSA Roadrunners,29.5,-105
2026-09-17T20:56:33Z,6059b05ef23d08d9033bd7b5fe38e5d0,2026-09-20T00:00:00Z,Texas Longhorns,UTSA Roadrunners,fanduel,Texas Longhorns,-30.5,-102
2026-09-17T20:56:33Z,6059b05ef23d08d9033bd7b5fe38e5d0,2026-09-20T00:00:00Z,Texas Longhorns,UTSA Roadrunners,fanduel,UTSA Roadrunners,30.5,-120
2026-09-17T20:56:33Z,6059b05ef23d08d9033bd7b5fe38e5d0,2026-09-20T00:00:00Z,Texas Longhorns,UTSA Roadrunners,betrivers,Texas Longhorns,-30.5,-113
2026-09-17T20:56:33Z,6059b05ef23d08d9033bd7b5fe38e5d0,2026-09-20T00:00:00Z,Texas Longhorns,UTSA Roadrunners,betrivers,UTSA Roadrunners,30.5,-110
2026-09-17T20:56:33Z,6059b05ef23d08d9033bd7b5fe38e5d0,2026-09-20T00:00:00Z,Texas Longhorns,UTSA Roadrunners,bovada,Texas Longhorns,-30.0,-115
2026-09-17T20:56:33Z,6059b05ef23d08d9033bd7b5fe38e5d0,2026-09-20T00:00:00Z,Texas Longhorns,UTSA Roadrunners,bovada,UTSA Roadrunners,30.0,-105
2026-09-17T20:56:33Z,0cdf27f150204b8512bca1e2d7cce051,2026-09-20T02:00:00Z,San Diego State Aztecs,James Madison Dukes,draftkings,James Madison Dukes,1.5,-110
2026-09-17T20:56:33Z,0cdf27f150204b8512bca1e2d7cce051,2026-09-20T02:00:00Z,San Diego State Aztecs,James Madison Dukes,draftkings,San Diego State Aztecs,-1.5,-110
2026-09-17T20:56:33Z,0cdf27f150204b8512bca1e2d7cce051,2026-09-20T02:00:00Z,San Diego State Aztecs,James Madison Dukes,betmgm,James Madison Dukes,1.5,-108
2026-09-17T20:56:33Z,0cdf27f150204b8512bca1e2d7cce051,2026-09-20T02:00:00Z,San Diego State Aztecs,James Madison Dukes,betmgm,San Diego State Aztecs,-1.5,-110
2026-09-17T20:56:33Z,0cdf27f150204b8512bca1e2d7cce051,2026-09-20T02:00:00Z,San Diego State Aztecs,James Madison Dukes,betrivers,James Madison Dukes,1.5,-109
2026-09-17T20:56:33Z,0cdf27f150204b8512bca1e2d7cce051,2026-09-20T02:00:00Z,San Diego State Aztecs,James Madison Dukes,betrivers,San Diego State Aztecs,-1.5,-114
2026-09-17T20:56:33Z,93de8127b5d37170dff2b88deca0b95e,2026-09-20T02:30:00Z,Arizona Wildcats,Northern Illinois Huskies,fanduel,Arizona Wildcats,-33.5,-110
2026-09-17T20:56:33Z,93de8127b5d37170dff2b88deca0b95e,2026-09-20T02:30:00Z,Arizona Wildcats,Northern Illinois Huskies,fanduel,Northern Illinois Huskies,33.5,-110
2026-09-17T20:56:33Z,93de8127b5d37170dff2b88deca0b95e,2026-09-20T02:30:00Z,Arizona Wildcats,Northern Illinois Huskies,draftkings,Arizona Wildcats,-33.5,-112
2026-09-17T20:56:33Z,93de8127b5d37170dff2b88deca0b95e,2026-09-20T02:30:00Z,Arizona Wildcats,Northern Illinois Huskies,draftkings,Northern Illinois Huskies,33.5,-108
2026-09-17T20:56:33Z,93de8127b5d37170dff2b88deca0b95e,2026-09-20T02:30:00Z,Arizona Wildcats,Northern Illinois Huskies,lowvig,Arizona Wildcats,-33.5,-106
2026-09-17T20:56:33Z,93de8127b5d37170dff2b88deca0b95e,2026-09-20T02:30:00Z,Arizona Wildcats,Northern Illinois Huskies,lowvig,Northern Illinois Huskies,33.5,-106
2026-09-17T20:56:33Z,93de8127b5d37170dff2b88deca0b95e,2026-09-20T02:30:00Z,Arizona Wildcats,Northern Illinois Huskies,betonlineag,Arizona Wildcats,-33.5,-110
2026-09-17T20:56:33Z,93de8127b5d37170dff2b88deca0b95e,2026-09-20T02:30:00Z,Arizona Wildcats,Northern Illinois Huskies,betonlineag,Northern Illinois Huskies,33.5,-110
2026-09-17T20:56:33Z,93de8127b5d37170dff2b88deca0b95e,2026-09-20T02:30:00Z,Arizona Wildcats,Northern Illinois Huskies,betmgm,Arizona Wildcats,-33.5,-108
2026-09-17T20:56:33Z,93de8127b5d37170dff2b88deca0b95e,2026-09-20T02:30:00Z,Arizona Wildcats,Northern Illinois Huskies,betmgm,Northern Illinois Huskies,33.5,-110
2026-09-17T20:56:33Z,93de8127b5d37170dff2b88deca0b95e,2026-09-20T02:30:00Z,Arizona Wildcats,Northern Illinois Huskies,betus,Arizona Wildcats,-33.5,-110
2026-09-17T20:56:33Z,93de8127b5d37170dff2b88deca0b95e,2026-09-20T02:30:00Z,Arizona Wildcats,Northern Illinois Huskies,betus,Northern Illinois Huskies,33.5,-110
2026-09-17T20:56:33Z,93de8127b5d37170dff2b88deca0b95e,2026-09-20T02:30:00Z,Arizona Wildcats,Northern Illinois Huskies,betrivers,Arizona Wildcats,-34.0,-108
2026-09-17T20:56:33Z,93de8127b5d37170dff2b88deca0b95e,2026-09-20T02:30:00Z,Arizona Wildcats,Northern Illinois Huskies,betrivers,Northern Illinois Huskies,34.0,-115
2026-09-17T20:56:33Z,93de8127b5d37170dff2b88deca0b95e,2026-09-20T02:30:00Z,Arizona Wildcats,Northern Illinois Huskies,bovada,Arizona Wildcats,-34.0,-105
2026-09-17T20:56:33Z,93de8127b5d37170dff2b88deca0b95e,2026-09-20T02:30:00Z,Arizona Wildcats,Northern Illinois Huskies,bovada,Northern Illinois Huskies,34.0,-115
2026-09-17T20:56:33Z,0c7583234f964dbb7d9803a27d6b6dae,2026-09-20T02:30:00Z,Sacramento State Hornets,North Dakota State Bison,lowvig,North Dakota State Bison,-27.0,-106
2026-09-17T20:56:33Z,0c7583234f964dbb7d9803a27d6b6dae,2026-09-20T02:30:00Z,Sacramento State Hornets,North Dakota State Bison,lowvig,Sacramento State Hornets,27.0,-106
2026-09-17T20:56:33Z,0c7583234f964dbb7d9803a27d6b6dae,2026-09-20T02:30:00Z,Sacramento State Hornets,North Dakota State Bison,betonlineag,North Dakota State Bison,-27.0,-110
2026-09-17T20:56:33Z,0c7583234f964dbb7d9803a27d6b6dae,2026-09-20T02:30:00Z,Sacramento State Hornets,North Dakota State Bison,betonlineag,Sacramento State Hornets,27.0,-110
2026-09-17T20:56:33Z,0c7583234f964dbb7d9803a27d6b6dae,2026-09-20T02:30:00Z,Sacramento State Hornets,North Dakota State Bison,betus,North Dakota State Bison,-27.0,-110
2026-09-17T20:56:33Z,0c7583234f964dbb7d9803a27d6b6dae,2026-09-20T02:30:00Z,Sacramento State Hornets,North Dakota State Bison,betus,Sacramento State Hornets,27.0,-110
2026-09-17T20:56:33Z,0c7583234f964dbb7d9803a27d6b6dae,2026-09-20T02:30:00Z,Sacramento State Hornets,North Dakota State Bison,betrivers,North Dakota State Bison,-28.0,-112
2026-09-17T20:56:33Z,0c7583234f964dbb7d9803a27d6b6dae,2026-09-20T02:30:00Z,Sacramento State Hornets,North Dakota State Bison,betrivers,Sacramento State Hornets,28.0,-112
2026-09-17T20:56:33Z,f6db4e789ff9341a9c94befc751c5f53,2026-09-20T03:00:00Z,San Jose State Spartans,Fresno State Bulldogs,fanduel,Fresno State Bulldogs,-6.5,-110
2026-09-17T20:56:33Z,f6db4e789ff9341a9c94befc751c5f53,2026-09-20T03:00:00Z,San Jose State Spartans,Fresno State Bulldogs,fanduel,San Jose State Spartans,6.5,-110
2026-09-17T20:56:33Z,f6db4e789ff9341a9c94befc751c5f53,2026-09-20T03:00:00Z,San Jose State Spartans,Fresno State Bulldogs,betmgm,Fresno State Bulldogs,-6.5,-110
2026-09-17T20:56:33Z,f6db4e789ff9341a9c94befc751c5f53,2026-09-20T03:00:00Z,San Jose State Spartans,Fresno State Bulldogs,betmgm,San Jose State Spartans,6.5,-110
2026-09-17T20:56:33Z,f6db4e789ff9341a9c94befc751c5f53,2026-09-20T03:00:00Z,San Jose State Spartans,Fresno State Bulldogs,betus,Fresno State Bulldogs,-6.5,-115
2026-09-17T20:56:33Z,f6db4e789ff9341a9c94befc751c5f53,2026-09-20T03:00:00Z,San Jose State Spartans,Fresno State Bulldogs,betus,San Jose State Spartans,6.5,-105
2026-09-17T20:56:33Z,381e5c97af94a83e03eae0ac6f11ed38,2026-09-20T03:00:00Z,Oregon State Beavers,Montana Grizzlies,betrivers,Montana Grizzlies,17.0,-112
2026-09-17T20:56:33Z,381e5c97af94a83e03eae0ac6f11ed38,2026-09-20T03:00:00Z,Oregon State Beavers,Montana Grizzlies,betrivers,Oregon State Beavers,-17.0,-112
2026-09-17T20:56:33Z,7a6a2035bf5d7abd30d6cc8b76d59e3e,2026-09-20T03:00:00Z,UCLA Bruins,Purdue Boilermakers,betmgm,Purdue Boilermakers,14.0,-112
2026-09-17T20:56:33Z,7a6a2035bf5d7abd30d6cc8b76d59e3e,2026-09-20T03:00:00Z,UCLA Bruins,Purdue Boilermakers,betmgm,UCLA Bruins,-14.0,-105
2026-09-17T20:56:33Z,7a6a2035bf5d7abd30d6cc8b76d59e3e,2026-09-20T03:00:00Z,UCLA Bruins,Purdue Boilermakers,bovada,Purdue Boilermakers,14.0,-110
2026-09-17T20:56:33Z,7a6a2035bf5d7abd30d6cc8b76d59e3e,2026-09-20T03:00:00Z,UCLA Bruins,Purdue Boilermakers,bovada,UCLA Bruins,-14.0,-110
2026-09-18T03:10:59Z,720451b07d54e435c9be484ef73ea211,2026-09-18T23:30:00Z,Wake Forest Demon Deacons,Miami Hurricanes,draftkings,Miami Hurricanes,-20.5,-112
2026-09-18T03:10:59Z,720451b07d54e435c9be484ef73ea211,2026-09-18T23:30:00Z,Wake Forest Demon Deacons,Miami Hurricanes,draftkings,Wake Forest Demon Deacons,20.5,-108
2026-09-18T03:10:59Z,720451b07d54e435c9be484ef73ea211,2026-09-18T23:30:00Z,Wake Forest Demon Deacons,Miami Hurricanes,betmgm,Miami Hurricanes,-20.5,-110
2026-09-18T03:10:59Z,720451b07d54e435c9be484ef73ea211,2026-09-18T23:30:00Z,Wake Forest Demon Deacons,Miami Hurricanes,betmgm,Wake Forest Demon Deacons,20.5,-108
2026-09-18T03:10:59Z,720451b07d54e435c9be484ef73ea211,2026-09-18T23:30:00Z,Wake Forest Demon Deacons,Miami Hurricanes,betrivers,Miami Hurricanes,-20.5,-113
2026-09-18T03:10:59Z,720451b07d54e435c9be484ef73ea211,2026-09-18T23:30:00Z,Wake Forest Demon Deacons,Miami Hurricanes,betrivers,Wake Forest Demon Deacons,20.5,-110
2026-09-18T03:10:59Z,720451b07d54e435c9be484ef73ea211,2026-09-18T23:30:00Z,Wake Forest Demon Deacons,Miami Hurricanes,lowvig,Miami Hurricanes,-20.5,-106
2026-09-18T03:10:59Z,720451b07d54e435c9be484ef73ea211,2026-09-18T23:30:00Z,Wake Forest Demon Deacons,Miami Hurricanes,lowvig,Wake Forest Demon Deacons,20.5,-106
2026-09-18T03:10:59Z,720451b07d54e435c9be484ef73ea211,2026-09-18T23:30:00Z,Wake Forest Demon Deacons,Miami Hurricanes,betonlineag,Miami Hurricanes,-20.5,-110
2026-09-18T03:10:59Z,720451b07d54e435c9be484ef73ea211,2026-09-18T23:30:00Z,Wake Forest Demon Deacons,Miami Hurricanes,betonlineag,Wake Forest Demon Deacons,20.5,-110
2026-09-18T03:10:59Z,720451b07d54e435c9be484ef73ea211,2026-09-18T23:30:00Z,Wake Forest Demon Deacons,Miami Hurricanes,betus,Miami Hurricanes,-20.5,-110
2026-09-18T03:10:59Z,720451b07d54e435c9be484ef73ea211,2026-09-18T23:30:00Z,Wake Forest Demon Deacons,Miami Hurricanes,betus,Wake Forest Demon Deacons,20.5,-110
2026-09-18T03:10:59Z,7311bf775464ae97893928e22512bb47,2026-09-19T00:00:00Z,Texas Tech Red Raiders,Houston Cougars,betonlineag,Houston Cougars,7.5,-105
2026-09-18T03:10:59Z,7311bf775464ae97893928e22512bb47,2026-09-19T00:00:00Z,Texas Tech Red Raiders,Houston Cougars,betonlineag,Texas Tech Red Raiders,-7.5,-115
2026-09-18T03:10:59Z,7311bf775464ae97893928e22512bb47,2026-09-19T00:00:00Z,Texas Tech Red Raiders,Houston Cougars,betmgm,Houston Cougars,7.5,-108
2026-09-18T03:10:59Z,7311bf775464ae97893928e22512bb47,2026-09-19T00:00:00Z,Texas Tech Red Raiders,Houston Cougars,betmgm,Texas Tech Red Raiders,-7.5,-110
2026-09-18T03:10:59Z,7311bf775464ae97893928e22512bb47,2026-09-19T00:00:00Z,Texas Tech Red Raiders,Houston Cougars,betus,Houston Cougars,7.5,-105
2026-09-18T03:10:59Z,7311bf775464ae97893928e22512bb47,2026-09-19T00:00:00Z,Texas Tech Red Raiders,Houston Cougars,betus,Texas Tech Red Raiders,-7.5,-115
2026-09-18T03:10:59Z,7311bf775464ae97893928e22512bb47,2026-09-19T00:00:00Z,Texas Tech Red Raiders,Houston Cougars,bovada,Houston Cougars,7.5,-120
2026-09-18T03:10:59Z,7311bf775464ae97893928e22512bb47,2026-09-19T00:00:00Z,Texas Tech Red Raiders,Houston Cougars,bovada,Texas Tech Red Raiders,-7.5,100
2026-09-18T03:10:59Z,5658a82b80479ea42281da7d3e3e1337,2026-09-19T02:30:00Z,Oregon Ducks,Portland State Vikings,betmgm,Oregon Ducks,-56.5,-110
2026-09-18T03:10:59Z,5658a82b80479ea42281da7d3e3e1337,2026-09-19T02:30:00Z,Oregon Ducks,Portland State Vikings,betmgm,Portland State Vikings,56.5,-108
2026-09-18T03:10:59Z,529a333381665c34d05b290d2c9eb5b9,2026-09-19T15:30:00Z,Delaware Blue Hens,Coastal Carolina Chanticleers,betrivers,Coastal Carolina Chanticleers,5.5,-112
2026-09-18T03:10:59Z,529a333381665c34d05b290d2c9eb5b9,2026-09-19T15:30:00Z,Delaware Blue Hens,Coastal Carolina Chanticleers,betrivers,Delaware Blue Hens,-5.5,-112
2026-09-18T03:10:59Z,529a333381665c34d05b290d2c9eb5b9,2026-09-19T15:30:00Z,Delaware Blue Hens,Coastal Carolina Chanticleers,betmgm,Coastal Carolina Chanticleers,4.5,-120
2026-09-18T03:10:59Z,529a333381665c34d05b290d2c9eb5b9,2026-09-19T15:30:00Z,Delaware Blue Hens,Coastal Carolina Chanticleers,betmgm,Delaware Blue Hens,-4.5,-110
2026-09-18T03:10:59Z,5bc9efd5f27827a26c1cf8744bb8c2b1,2026-09-19T16:00:00Z,Minnesota Golden Gophers,Akron Zips,fanduel,Minnesota Golden Gophers,-23.5,-110
2026-09-18T03:10:59Z,01e9c4d460a55375a75d025e2b1ddbf5,2026-09-19T16:00:00Z,Arkansas Razorbacks,Georgia Bulldogs,draftkings,Arkansas Razorbacks,24.5,-102
2026-09-18T03:10:59Z,01e9c4d460a55375a75d025e2b1ddbf5,2026-09-19T16:00:00Z,Arkansas Razorbacks,Georgia Bulldogs,draftkings,Georgia Bulldogs,-24.5,-118
2026-09-18T03:10:59Z,01e9c4d460a55375a75d025e2b1ddbf5,2026-09-19T16:00:00Z,Arkansas Razorbacks,Georgia Bulldogs,betmgm,Arkansas Razorbacks,25.0,-110
2026-09-18T03:10:59Z,01e9c4d460a55375a75d025e2b1ddbf5,2026-09-19T16:00:00Z,Arkansas Razorbacks,Georgia Bulldogs,betmgm,Georgia Bulldogs,-25.0,-108
2026-09-18T03:10:59Z,01e9c4d460a55375a75d025e2b1ddbf5,2026-09-19T16:00:00Z,Arkansas Razorbacks,Georgia Bulldogs,betus,Arkansas Razorbacks,25.0,-110
2026-09-18T03:10:59Z,01e9c4d460a55375a75d025e2b1ddbf5,2026-09-19T16:00:00Z,Arkansas Razorbacks,Georgia Bulldogs,betus,Georgia Bulldogs,-25.0,-110
2026-09-18T03:10:59Z,9a69dbd474c6181a4c51f397b9b25d38,2026-09-19T16:00:00Z,Iowa State Cyclones,Bowling Green Falcons,betrivers,Bowling Green Falcons,24.0,-110
2026-09-18T03:10:59Z,9a69dbd474c6181a4c51f397b9b25d38,2026-09-19T16:00:00Z,Iowa State Cyclones,Bowling Green Falcons,betrivers,Iowa State Cyclones,-24.0,-112
2026-09-18T03:10:59Z,9a69dbd474c6181a4c51f397b9b25d38,2026-09-19T16:00:00Z,Iowa State Cyclones,Bowling Green Falcons,betmgm,Iowa State Cyclones,-24.0,-105
2026-09-18T03:10:59Z,36baf28c66c363255bb0cd88b6aaf914,2026-09-19T16:00:00Z,Penn State Nittany Lions,Buffalo Bulls,draftkings,Buffalo Bulls,40.5,-105
2026-09-18T03:10:59Z,36baf28c66c363255bb0cd88b6aaf914,2026-09-19T16:00:00Z,Penn State Nittany Lions,Buffalo Bulls,draftkings,Penn State Nittany Lions,-40.5,-115
2026-09-18T03:10:59Z,36baf28c66c363255bb0cd88b6aaf914,2026-09-19T16:00:00Z,Penn State Nittany Lions,Buffalo Bulls,betmgm,Buffalo Bulls,41.0,-110
2026-09-18T03:10:59Z,36baf28c66c363255bb0cd88b6aaf914,2026-09-19T16:00:00Z,Penn State Nittany Lions,Buffalo Bulls,betmgm,Penn State Nittany Lions,-41.0,-120
2026-09-18T03:10:59Z,36baf28c66c363255bb0cd88b6aaf914,2026-09-19T16:00:00Z,Penn State Nittany Lions,Buffalo Bulls,bovada,Buffalo Bulls,41.0,-115
2026-09-18T03:10:59Z,36baf28c66c363255bb0cd88b6aaf914,2026-09-19T16:00:00Z,Penn State Nittany Lions,Buffalo Bulls,bovada,Penn State Nittany Lions,-41.0,-105
2026-09-18T03:10:59Z,3fe3d77e009a7f205cce737523609a86,2026-09-19T16:00:00Z,Clemson Tigers,North Carolina Tar Heels,draftkings,Clemson Tigers,-3.5,-102
2026-09-18T03:10:59Z,3fe3d77e009a7f205cce737523609a86,2026-09-19T16:00:00Z,Clemson Tigers,North Carolina Tar Heels,draftkings,North Carolina Tar Heels,3.5,-118
2026-09-18T03:10:59Z,3fe3d77e009a7f205cce737523609a86,2026-09-19T16:00:00Z,Clemson Tigers,North Carolina Tar Heels,betrivers,Clemson Tigers,-3.5,-107
2026-09-18T03:10:59Z,3fe3d77e009a7f205cce737523609a86,2026-09-19T16:00:00Z,Clemson Tigers,North Carolina Tar Heels,betrivers,North Carolina Tar Heels,3.5,-117
2026-09-18T03:10:59Z,3fe3d77e009a7f205cce737523609a86,2026-09-19T16:00:00Z,Clemson Tigers,North Carolina Tar Heels,betmgm,North Carolina Tar Heels,3.0,-102
2026-09-18T03:10:59Z,3514404f321e9cf55f11222c8e36233b,2026-09-19T16:00:00Z,Georgia Tech Yellow Jackets,Mercer Bears,betmgm,Georgia Tech Yellow Jackets,-38.5,-110
2026-09-18T03:10:59Z,3514404f321e9cf55f11222c8e36233b,2026-09-19T16:00:00Z,Georgia Tech Yellow Jackets,Mercer Bears,betmgm,Mercer Bears,38.5,-108
2026-09-18T03:10:59Z,6eee31d7778965a3e617f10146619c1d,2026-09-19T16:00:00Z,Ohio State Buckeyes,Kent State Golden Flashes,draftkings,Kent State Golden Flashes,52.5,-112
2026-09-18T03:10:59Z,6eee31d7778965a3e617f10146619c1d,2026-09-19T16:00:00Z,Ohio State Buckeyes,Kent State Golden Flashes,draftkings,Ohio State Buckeyes,-52.5,-108
2026-09-18T03:10:59Z,6eee31d7778965a3e617f10146619c1d,2026-09-19T16:00:00Z,Ohio State Buckeyes,Kent State Golden Flashes,betmgm,Kent State Golden Flashes,52.5,-110
2026-09-18T03:10:59Z,6eee31d7778965a3e617f10146619c1d,2026-09-19T16:00:00Z,Ohio State Buckeyes,Kent State Golden Flashes,betmgm,Ohio State Buckeyes,-52.5,-108
2026-09-18T03:10:59Z,b0cd2e8beaf0dc333daa592a0d3d5c3a,2026-09-19T16:00:00Z,Texas State Bobcats,North Texas Mean Green,betmgm,Texas State Bobcats,-3.0,-105
2026-09-18T03:10:59Z,bd7ae9e585a6595f7d308d45e1bf35e3,2026-09-19T16:30:00Z,Wisconsin Badgers,Eastern Michigan Eagles,draftkings,Eastern Michigan Eagles,23.5,-112
2026-09-18T03:10:59Z,bd7ae9e585a6595f7d308d45e1bf35e3,2026-09-19T16:30:00Z,Wisconsin Badgers,Eastern Michigan Eagles,draftkings,Wisconsin Badgers,-23.5,-108
2026-09-18T03:10:59Z,bd7ae9e585a6595f7d308d45e1bf35e3,2026-09-19T16:30:00Z,Wisconsin Badgers,Eastern Michigan Eagles,betrivers,Eastern Michigan Eagles,22.5,-112
2026-09-18T03:10:59Z,bd7ae9e585a6595f7d308d45e1bf35e3,2026-09-19T16:30:00Z,Wisconsin Badgers,Eastern Michigan Eagles,betrivers,Wisconsin Badgers,-22.5,-112
2026-09-18T03:10:59Z,2e9835b129f8b8055d4a24f736547363,2026-09-19T16:45:00Z,Vanderbilt Commodores,NC State Wolfpack,betmgm,NC State Wolfpack,3.5,-112
2026-09-18T03:10:59Z,2e9835b129f8b8055d4a24f736547363,2026-09-19T16:45:00Z,Vanderbilt Commodores,NC State Wolfpack,betmgm,Vanderbilt Commodores,-3.5,-105
2026-09-18T03:10:59Z,26a76b78050ad3953d2d41dbeecd5a07,2026-09-19T17:00:00Z,Central Michigan Chippewas,Wyoming Cowboys,betmgm,Central Michigan Chippewas,1.0,-112
2026-09-18T03:10:59Z,26a76b78050ad3953d2d41dbeecd5a07,2026-09-19T17:00:00Z,Central Michigan Chippewas,Wyoming Cowboys,betmgm,Wyoming Cowboys,-1.0,-118
2026-09-18T03:10:59Z,08a2eb7afbd58ee7a8fb47bb4142eded,2026-09-19T18:00:00Z,Boston College Eagles,Maine Black Bears,betmgm,Boston College Eagles,-38.5,-108
2026-09-18T03:10:59Z,08a2eb7afbd58ee7a8fb47bb4142eded,2026-09-19T18:00:00Z,Boston College Eagles,Maine Black Bears,betmgm,Maine Black Bears,38.5,-110
2026-09-18T03:10:59Z,578e82a8bc67101e9eba884729ffcc69,2026-09-19T18:00:00Z,Illinois Fighting Illini,Southern Illinois Salukis,betrivers,Illinois Fighting Illini,-38.5,-108
2026-09-18T03:10:59Z,578e82a8bc67101e9eba884729ffcc69,2026-09-19T18:00:00Z,Illinois Fighting Illini,Southern Illinois Salukis,betrivers,Southern Illinois Salukis,38.5,-114
2026-09-18T03:10:59Z,578e82a8bc67101e9eba884729ffcc69,2026-09-19T18:00:00Z,Illinois Fighting Illini,Southern Illinois Salukis,betmgm,Illinois Fighting Illini,-38.5,-110
2026-09-18T03:10:59Z,578e82a8bc67101e9eba884729ffcc69,2026-09-19T18:00:00Z,Illinois Fighting Illini,Southern Illinois Salukis,betmgm,Southern Illinois Salukis,38.5,-110
2026-09-18T03:10:59Z,a85cea77fbd44d9135461815777f6a9c,2026-09-19T19:30:00Z,Alabama Crimson Tide,Florida State Seminoles,draftkings,Alabama Crimson Tide,-19.5,-112
2026-09-18T03:10:59Z,a85cea77fbd44d9135461815777f6a9c,2026-09-19T19:30:00Z,Alabama Crimson Tide,Florida State Seminoles,draftkings,Florida State Seminoles,19.5,-108
2026-09-18T03:10:59Z,15ebe2df1d91e584d091d509e70a1a71,2026-09-19T19:30:00Z,Cincinnati Bearcats,Miami (OH) RedHawks,betrivers,Cincinnati Bearcats,-14.5,-113
2026-09-18T03:10:59Z,15ebe2df1d91e584d091d509e70a1a71,2026-09-19T19:30:00Z,Cincinnati Bearcats,Miami (OH) RedHawks,betrivers,Miami (OH) RedHawks,14.5,-110
2026-09-18T03:10:59Z,8bdb9d65119df877f2e2ec632d28fef1,2026-09-19T19:30:00Z,Washington State Cougars,Duquesne Dukes,betmgm,Duquesne Dukes,37.5,-108
2026-09-18T03:10:59Z,8bdb9d65119df877f2e2ec632d28fef1,2026-09-19T19:30:00Z,Washington State Cougars,Duquesne Dukes,betmgm,Washington State Cougars,-37.5,-110
2026-09-18T03:10:59Z,d2da9e958e6f4800929ff9411b697a4b,2026-09-19T19:30:00Z,Texas A&M Aggies,Kentucky Wildcats,draftkings,Kentucky Wildcats,17.5,-115
2026-09-18T03:10:59Z,d2da9e958e6f4800929ff9411b697a4b,2026-09-19T19:30:00Z,Texas A&M Aggies,Kentucky Wildcats,draftkings,Texas A&M Aggies,-17.5,-105
2026-09-18T03:10:59Z,d2da9e958e6f4800929ff9411b697a4b,2026-09-19T19:30:00Z,Texas A&M Aggies,Kentucky Wildcats,betmgm,Kentucky Wildcats,17.0,-110
2026-09-18T03:10:59Z,d2da9e958e6f4800929ff9411b697a4b,2026-09-19T19:30:00Z,Texas A&M Aggies,Kentucky Wildcats,betmgm,Texas A&M Aggies,-17.0,-108
2026-09-18T03:10:59Z,dbcfc3184e20d1ea45e910b89585071f,2026-09-19T19:30:00Z,Louisville Cardinals,SMU Mustangs,draftkings,Louisville Cardinals,-1.5,-110
2026-09-18T03:10:59Z,dbcfc3184e20d1ea45e910b89585071f,2026-09-19T19:30:00Z,Louisville Cardinals,SMU Mustangs,draftkings,SMU Mustangs,1.5,-110
2026-09-18T03:10:59Z,dbcfc3184e20d1ea45e910b89585071f,2026-09-19T19:30:00Z,Louisville Cardinals,SMU Mustangs,betmgm,Louisville Cardinals,-1.5,-110
2026-09-18T03:10:59Z,dbcfc3184e20d1ea45e910b89585071f,2026-09-19T19:30:00Z,Louisville Cardinals,SMU Mustangs,betmgm,SMU Mustangs,1.5,-108
2026-09-18T03:10:59Z,8b31d45a11a98ec8e6a9a9a5368a1bf4,2026-09-19T19:30:00Z,Rutgers Scarlet Knights,USC Trojans,betmgm,Rutgers Scarlet Knights,21.5,-108
2026-09-18T03:10:59Z,8b31d45a11a98ec8e6a9a9a5368a1bf4,2026-09-19T19:30:00Z,Rutgers Scarlet Knights,USC Trojans,betmgm,USC Trojans,-21.5,-110
2026-09-18T03:10:59Z,8b31d45a11a98ec8e6a9a9a5368a1bf4,2026-09-19T19:30:00Z,Rutgers Scarlet Knights,USC Trojans,bovada,Rutgers Scarlet Knights,22.0,-115
2026-09-18T03:10:59Z,8b31d45a11a98ec8e6a9a9a5368a1bf4,2026-09-19T19:30:00Z,Rutgers Scarlet Knights,USC Trojans,bovada,USC Trojans,-22.0,-105
2026-09-18T03:10:59Z,a25ab1dfd8fdb11a06a6a4b5c707d266,2026-09-19T19:30:00Z,UMass Minutemen,Stonehill Skyhawks,betrivers,Stonehill Skyhawks,34.5,-115
2026-09-18T03:10:59Z,a25ab1dfd8fdb11a06a6a4b5c707d266,2026-09-19T19:30:00Z,UMass Minutemen,Stonehill Skyhawks,betrivers,UMass Minutemen,-34.5,-108
2026-09-18T03:10:59Z,a25ab1dfd8fdb11a06a6a4b5c707d266,2026-09-19T19:30:00Z,UMass Minutemen,Stonehill Skyhawks,betmgm,Stonehill Skyhawks,33.0,-110
2026-09-18T03:10:59Z,a25ab1dfd8fdb11a06a6a4b5c707d266,2026-09-19T19:30:00Z,UMass Minutemen,Stonehill Skyhawks,betmgm,UMass Minutemen,-33.0,-108
2026-09-18T03:10:59Z,089e1a60578160dd6828794656461ba5,2026-09-19T20:00:00Z,Liberty Flames,Ball State Cardinals,betmgm,Ball State Cardinals,14.5,-108
2026-09-18T03:10:59Z,3c742aa7dc1c1da030846964a72de370,2026-09-19T20:00:00Z,Duke Blue Devils,Stanford Cardinal,draftkings,Duke Blue Devils,-10.0,-110
2026-09-18T03:10:59Z,3c742aa7dc1c1da030846964a72de370,2026-09-19T20:00:00Z,Duke Blue Devils,Stanford Cardinal,draftkings,Stanford Cardinal,10.0,-110
2026-09-18T03:10:59Z,1d773c6e9934d12970ba222e96ec4c80,2026-09-19T20:00:00Z,Iowa Hawkeyes,Northern Iowa Panthers,betmgm,Iowa Hawkeyes,-39.0,-110
2026-09-18T03:10:59Z,1d773c6e9934d12970ba222e96ec4c80,2026-09-19T20:00:00Z,Iowa Hawkeyes,Northern Iowa Panthers,betmgm,Northern Iowa Panthers,39.0,-108
2026-09-18T03:10:59Z,a4e7771497976db67e6a81bc3700b32f,2026-09-19T20:15:00Z,South Carolina Gamecocks,Mississippi State Bulldogs,betmgm,Mississippi State Bulldogs,4.0,-108
2026-09-18T03:10:59Z,a4e7771497976db67e6a81bc3700b32f,2026-09-19T20:15:00Z,South Carolina Gamecocks,Mississippi State Bulldogs,betmgm,South Carolina Gamecocks,-4.0,-110
2026-09-18T03:10:59Z,09e86b2dd47d075b2fddb3174d21b1ac,2026-09-19T20:30:00Z,UL Monroe Warhawks,Southeastern Louisiana Lions,betrivers,Southeastern Louisiana Lions,10.5,-114
2026-09-18T03:10:59Z,09e86b2dd47d075b2fddb3174d21b1ac,2026-09-19T20:30:00Z,UL Monroe Warhawks,Southeastern Louisiana Lions,betrivers,UL Monroe Warhawks,-10.5,-109
2026-09-18T03:10:59Z,09e86b2dd47d075b2fddb3174d21b1ac,2026-09-19T20:30:00Z,UL Monroe Warhawks,Southeastern Louisiana Lions,betmgm,Southeastern Louisiana Lions,11.0,-110
2026-09-18T03:10:59Z,09e86b2dd47d075b2fddb3174d21b1ac,2026-09-19T20:30:00Z,UL Monroe Warhawks,Southeastern Louisiana Lions,betmgm,UL Monroe Warhawks,-11.0,-108
2026-09-18T03:10:59Z,3db3de2fb9101f01f676c1f319837667,2026-09-19T22:00:00Z,Appalachian State Mountaineers,Charlotte 49ers,draftkings,Appalachian State Mountaineers,-17.5,100
2026-09-18T03:10:59Z,3db3de2fb9101f01f676c1f319837667,2026-09-19T22:00:00Z,Appalachian State Mountaineers,Charlotte 49ers,draftkings,Charlotte 49ers,17.5,-120
2026-09-18T03:10:59Z,3db3de2fb9101f01f676c1f319837667,2026-09-19T22:00:00Z,Appalachian State Mountaineers,Charlotte 49ers,betmgm,Appalachian State Mountaineers,-17.0,-110
2026-09-18T03:10:59Z,3db3de2fb9101f01f676c1f319837667,2026-09-19T22:00:00Z,Appalachian State Mountaineers,Charlotte 49ers,betmgm,Charlotte 49ers,17.0,-108
2026-09-18T03:10:59Z,3db3de2fb9101f01f676c1f319837667,2026-09-19T22:00:00Z,Appalachian State Mountaineers,Charlotte 49ers,betrivers,Appalachian State Mountaineers,-17.5,-113
2026-09-18T03:10:59Z,3db3de2fb9101f01f676c1f319837667,2026-09-19T22:00:00Z,Appalachian State Mountaineers,Charlotte 49ers,betrivers,Charlotte 49ers,17.5,-110
2026-09-18T03:10:59Z,436d9422da324c807b9d2fb50a2ef62a,2026-09-19T22:00:00Z,Old Dominion Monarchs,East Carolina Pirates,betmgm,East Carolina Pirates,3.0,-115
2026-09-18T03:10:59Z,436d9422da324c807b9d2fb50a2ef62a,2026-09-19T22:00:00Z,Old Dominion Monarchs,East Carolina Pirates,bovada,East Carolina Pirates,3.0,-120
2026-09-18T03:10:59Z,436d9422da324c807b9d2fb50a2ef62a,2026-09-19T22:00:00Z,Old Dominion Monarchs,East Carolina Pirates,bovada,Old Dominion Monarchs,-3.0,100
2026-09-18T03:10:59Z,da4cee8b35281f4528d3dd939d42814d,2026-09-19T22:00:00Z,Florida Atlantic Owls,Florida International Panthers,betrivers,Florida Atlantic Owls,-6.5,-113
2026-09-18T03:10:59Z,da4cee8b35281f4528d3dd939d42814d,2026-09-19T22:00:00Z,Florida Atlantic Owls,Florida International Panthers,betrivers,Florida International Panthers,6.5,-110
2026-09-18T03:10:59Z,7ef3b27d15de635a3e05324f2b0c56cb,2026-09-19T23:00:00Z,Auburn Tigers,Florida Gators,lowvig,Auburn Tigers,1.5,-106
2026-09-18T03:10:59Z,7ef3b27d15de635a3e05324f2b0c56cb,2026-09-19T23:00:00Z,Auburn Tigers,Florida Gators,lowvig,Florida Gators,-1.5,-106
2026-09-18T03:10:59Z,7ef3b27d15de635a3e05324f2b0c56cb,2026-09-19T23:00:00Z,Auburn Tigers,Florida Gators,betonlineag,Auburn Tigers,1.5,-110
2026-09-18T03:10:59Z,7ef3b27d15de635a3e05324f2b0c56cb,2026-09-19T23:00:00Z,Auburn Tigers,Florida Gators,betonlineag,Florida Gators,-1.5,-110
2026-09-18T03:10:59Z,7ef3b27d15de635a3e05324f2b0c56cb,2026-09-19T23:00:00Z,Auburn Tigers,Florida Gators,betus,Auburn Tigers,2.0,-110
2026-09-18T03:10:59Z,7ef3b27d15de635a3e05324f2b0c56cb,2026-09-19T23:00:00Z,Auburn Tigers,Florida Gators,betus,Florida Gators,-2.0,-110
2026-09-18T03:10:59Z,d72de7a6a2387f86edc530bbe90a7664,2026-09-19T23:00:00Z,South Florida Bulls,Delaware State Hornets,betmgm,Delaware State Hornets,36.5,-110
2026-09-18T03:10:59Z,d72de7a6a2387f86edc530bbe90a7664,2026-09-19T23:00:00Z,South Florida Bulls,Delaware State Hornets,betmgm,South Florida Bulls,-36.5,-108
2026-09-18T03:10:59Z,36bb6ea150432c9958bd533c49b06f23,2026-09-19T23:00:00Z,Memphis Tigers,UT Martin Skyhawks,betmgm,Memphis Tigers,-34.5,-108
2026-09-18T03:10:59Z,36bb6ea150432c9958bd533c49b06f23,2026-09-19T23:00:00Z,Memphis Tigers,UT Martin Skyhawks,betmgm,UT Martin Skyhawks,34.5,-110
2026-09-18T03:10:59Z,69164d1b806f25a76cdb6268e19d4365,2026-09-19T23:00:00Z,Missouri Tigers,Troy Trojans,betmgm,Missouri Tigers,-27.5,-108
2026-09-18T03:10:59Z,69164d1b806f25a76cdb6268e19d4365,2026-09-19T23:00:00Z,Missouri Tigers,Troy Trojans,betmgm,Troy Trojans,27.5,-110
2026-09-18T03:10:59Z,69164d1b806f25a76cdb6268e19d4365,2026-09-19T23:00:00Z,Missouri Tigers,Troy Trojans,bovada,Missouri Tigers,-27.0,-120
2026-09-18T03:10:59Z,69164d1b806f25a76cdb6268e19d4365,2026-09-19T23:00:00Z,Missouri Tigers,Troy Trojans,bovada,Troy Trojans,27.0,100
2026-09-18T03:10:59Z,6c41bd5edc806bb66ae3038c8bfa3df0,2026-09-19T23:00:00Z,Oklahoma State Cowboys,Murray State Racers,betonlineag,Murray State Racers,55.5,-115
2026-09-18T03:10:59Z,6c41bd5edc806bb66ae3038c8bfa3df0,2026-09-19T23:00:00Z,Oklahoma State Cowboys,Murray State Racers,betonlineag,Oklahoma State Cowboys,-55.5,-115
2026-09-18T03:10:59Z,6c41bd5edc806bb66ae3038c8bfa3df0,2026-09-19T23:00:00Z,Oklahoma State Cowboys,Murray State Racers,lowvig,Murray State Racers,55.5,-115
2026-09-18T03:10:59Z,6c41bd5edc806bb66ae3038c8bfa3df0,2026-09-19T23:00:00Z,Oklahoma State Cowboys,Murray State Racers,lowvig,Oklahoma State Cowboys,-55.5,-115
2026-09-18T03:10:59Z,6c41bd5edc806bb66ae3038c8bfa3df0,2026-09-19T23:00:00Z,Oklahoma State Cowboys,Murray State Racers,betmgm,Murray State Racers,55.5,-108
2026-09-18T03:10:59Z,6c41bd5edc806bb66ae3038c8bfa3df0,2026-09-19T23:00:00Z,Oklahoma State Cowboys,Murray State Racers,betmgm,Oklahoma State Cowboys,-55.5,-110
2026-09-18T03:10:59Z,0ce2e66203e1c66f3f2687fdccd37408,2026-09-19T23:00:00Z,Sam Houston State Bearkats,Nicholls State Colonels,betmgm,Nicholls State Colonels,18.0,-108
2026-09-18T03:10:59Z,0ce2e66203e1c66f3f2687fdccd37408,2026-09-19T23:00:00Z,Sam Houston State Bearkats,Nicholls State Colonels,betmgm,Sam Houston State Bearkats,-18.0,-110
2026-09-18T03:10:59Z,bcc250cd218a520bcd287c120644ba05,2026-09-19T23:00:00Z,South Alabama Jaguars,Ohio Bobcats,lowvig,Ohio Bobcats,7.0,-111
2026-09-18T03:10:59Z,bcc250cd218a520bcd287c120644ba05,2026-09-19T23:00:00Z,South Alabama Jaguars,Ohio Bobcats,lowvig,South Alabama Jaguars,-7.0,-101
2026-09-18T03:10:59Z,bcc250cd218a520bcd287c120644ba05,2026-09-19T23:00:00Z,South Alabama Jaguars,Ohio Bobcats,betonlineag,Ohio Bobcats,7.0,-115
2026-09-18T03:10:59Z,bcc250cd218a520bcd287c120644ba05,2026-09-19T23:00:00Z,South Alabama Jaguars,Ohio Bobcats,betonlineag,South Alabama Jaguars,-7.0,-105
2026-09-18T03:10:59Z,bcc250cd218a520bcd287c120644ba05,2026-09-19T23:00:00Z,South Alabama Jaguars,Ohio Bobcats,betmgm,Ohio Bobcats,7.0,-115
2026-09-18T03:10:59Z,bcc250cd218a520bcd287c120644ba05,2026-09-19T23:00:00Z,South Alabama Jaguars,Ohio Bobcats,betus,Ohio Bobcats,7.0,-115
2026-09-18T03:10:59Z,bcc250cd218a520bcd287c120644ba05,2026-09-19T23:00:00Z,South Alabama Jaguars,Ohio Bobcats,betus,South Alabama Jaguars,-7.0,-105
2026-09-18T03:10:59Z,bcc250cd218a520bcd287c120644ba05,2026-09-19T23:00:00Z,South Alabama Jaguars,Ohio Bobcats,bovada,Ohio Bobcats,6.5,-110
2026-09-18T03:10:59Z,bcc250cd218a520bcd287c120644ba05,2026-09-19T23:00:00Z,South Alabama Jaguars,Ohio Bobcats,bovada,South Alabama Jaguars,-6.5,-110
2026-09-18T03:10:59Z,be8b2e012b50c86775a87bb633e330e6,2026-09-19T23:00:00Z,Rice Owls,Western Michigan Broncos,betonlineag,Rice Owls,9.0,-110
2026-09-18T03:10:59Z,be8b2e012b50c86775a87bb633e330e6,2026-09-19T23:00:00Z,Rice Owls,Western Michigan Broncos,betonlineag,Western Michigan Broncos,-9.0,-110
2026-09-18T03:10:59Z,be8b2e012b50c86775a87bb633e330e6,2026-09-19T23:00:00Z,Rice Owls,Western Michigan Broncos,lowvig,Rice Owls,9.0,-106
2026-09-18T03:10:59Z,be8b2e012b50c86775a87bb633e330e6,2026-09-19T23:00:00Z,Rice Owls,Western Michigan Broncos,lowvig,Western Michigan Broncos,-9.0,-106
2026-09-18T03:10:59Z,be8b2e012b50c86775a87bb633e330e6,2026-09-19T23:00:00Z,Rice Owls,Western Michigan Broncos,betmgm,Rice Owls,9.5,-115
2026-09-18T03:10:59Z,be8b2e012b50c86775a87bb633e330e6,2026-09-19T23:00:00Z,Rice Owls,Western Michigan Broncos,betmgm,Western Michigan Broncos,-9.5,-112
2026-09-18T03:10:59Z,be8b2e012b50c86775a87bb633e330e6,2026-09-19T23:00:00Z,Rice Owls,Western Michigan Broncos,betrivers,Rice Owls,8.0,-108
2026-09-18T03:10:59Z,be8b2e012b50c86775a87bb633e330e6,2026-09-19T23:00:00Z,Rice Owls,Western Michigan Broncos,betrivers,Western Michigan Broncos,-8.0,-115
2026-09-18T03:10:59Z,be8b2e012b50c86775a87bb633e330e6,2026-09-19T23:00:00Z,Rice Owls,Western Michigan Broncos,betus,Rice Owls,9.0,-110
2026-09-18T03:10:59Z,be8b2e012b50c86775a87bb633e330e6,2026-09-19T23:00:00Z,Rice Owls,Western Michigan Broncos,betus,Western Michigan Broncos,-9.0,-110
2026-09-18T03:10:59Z,1088ecb8a4c34880f9fb0b9274a8d3e4,2026-09-19T23:00:00Z,Southern Mississippi Golden Eagles,UConn Huskies,betmgm,UConn Huskies,-3.0,-112
2026-09-18T03:10:59Z,1088ecb8a4c34880f9fb0b9274a8d3e4,2026-09-19T23:00:00Z,Southern Mississippi Golden Eagles,UConn Huskies,betrivers,Southern Mississippi Golden Eagles,3.5,-115
2026-09-18T03:10:59Z,1088ecb8a4c34880f9fb0b9274a8d3e4,2026-09-19T23:00:00Z,Southern Mississippi Golden Eagles,UConn Huskies,betrivers,UConn Huskies,-3.5,-108
2026-09-18T03:10:59Z,e68b359be33a1855ff582d9dde87faac,2026-09-19T23:15:00Z,Washington Huskies,Eastern Washington Eagles,betmgm,Eastern Washington Eagles,42.5,-110
2026-09-18T03:10:59Z,e68b359be33a1855ff582d9dde87faac,2026-09-19T23:15:00Z,Washington Huskies,Eastern Washington Eagles,betmgm,Washington Huskies,-42.5,-108
2026-09-18T03:10:59Z,55699549855efd1bed7b9d6ae1c7aded,2026-09-19T23:15:00Z,Nebraska Cornhuskers,North Dakota Fighting Hawks,betmgm,Nebraska Cornhuskers,-24.0,-108
2026-09-18T03:10:59Z,55699549855efd1bed7b9d6ae1c7aded,2026-09-19T23:15:00Z,Nebraska Cornhuskers,North Dakota Fighting Hawks,betmgm,North Dakota Fighting Hawks,24.0,-110
2026-09-18T03:10:59Z,d3b7a8be0f6c9e50f7afd4005990228b,2026-09-19T23:30:00Z,Colorado State Rams,BYU Cougars,betrivers,BYU Cougars,-17.5,-112
2026-09-18T03:10:59Z,d3b7a8be0f6c9e50f7afd4005990228b,2026-09-19T23:30:00Z,Colorado State Rams,BYU Cougars,betrivers,Colorado State Rams,17.5,-112
2026-09-18T03:10:59Z,65571f1cab1a260aae4a220e38dbbc1d,2026-09-19T23:30:00Z,Ole Miss Rebels,LSU Tigers,fanduel,LSU Tigers,-2.5,-120
2026-09-18T03:10:59Z,65571f1cab1a260aae4a220e38dbbc1d,2026-09-19T23:30:00Z,Ole Miss Rebels,LSU Tigers,fanduel,Ole Miss Rebels,2.5,-102
2026-09-18T03:10:59Z,65571f1cab1a260aae4a220e38dbbc1d,2026-09-19T23:30:00Z,Ole Miss Rebels,LSU Tigers,betmgm,LSU Tigers,-3.0,-112
2026-09-18T03:10:59Z,65571f1cab1a260aae4a220e38dbbc1d,2026-09-19T23:30:00Z,Ole Miss Rebels,LSU Tigers,betmgm,Ole Miss Rebels,3.0,-105
2026-09-18T03:10:59Z,65571f1cab1a260aae4a220e38dbbc1d,2026-09-19T23:30:00Z,Ole Miss Rebels,LSU Tigers,draftkings,LSU Tigers,-3.0,-118
2026-09-18T03:10:59Z,65571f1cab1a260aae4a220e38dbbc1d,2026-09-19T23:30:00Z,Ole Miss Rebels,LSU Tigers,draftkings,Ole Miss Rebels,3.0,-102
2026-09-18T03:10:59Z,65571f1cab1a260aae4a220e38dbbc1d,2026-09-19T23:30:00Z,Ole Miss Rebels,LSU Tigers,betrivers,LSU Tigers,-2.5,-118
2026-09-18T03:10:59Z,65571f1cab1a260aae4a220e38dbbc1d,2026-09-19T23:30:00Z,Ole Miss Rebels,LSU Tigers,betrivers,Ole Miss Rebels,2.5,-106
2026-09-18T03:10:59Z,65571f1cab1a260aae4a220e38dbbc1d,2026-09-19T23:30:00Z,Ole Miss Rebels,LSU Tigers,betonlineag,LSU Tigers,-3.0,-102
2026-09-18T03:10:59Z,65571f1cab1a260aae4a220e38dbbc1d,2026-09-19T23:30:00Z,Ole Miss Rebels,LSU Tigers,betonlineag,Ole Miss Rebels,3.0,-118
2026-09-18T03:10:59Z,65571f1cab1a260aae4a220e38dbbc1d,2026-09-19T23:30:00Z,Ole Miss Rebels,LSU Tigers,bovada,LSU Tigers,-3.0,-105
2026-09-18T03:10:59Z,65571f1cab1a260aae4a220e38dbbc1d,2026-09-19T23:30:00Z,Ole Miss Rebels,LSU Tigers,bovada,Ole Miss Rebels,3.0,-115
2026-09-18T03:10:59Z,b7cdc05f280bede1f19b996cc9b95753,2026-09-19T23:30:00Z,Maryland Terrapins,Virginia Tech Hokies,betmgm,Maryland Terrapins,3.0,-115
2026-09-18T03:10:59Z,b7cdc05f280bede1f19b996cc9b95753,2026-09-19T23:30:00Z,Maryland Terrapins,Virginia Tech Hokies,betmgm,Virginia Tech Hokies,-3.0,-102
2026-09-18T03:10:59Z,b7cdc05f280bede1f19b996cc9b95753,2026-09-19T23:30:00Z,Maryland Terrapins,Virginia Tech Hokies,betus,Maryland Terrapins,3.0,-115
2026-09-18T03:10:59Z,b7cdc05f280bede1f19b996cc9b95753,2026-09-19T23:30:00Z,Maryland Terrapins,Virginia Tech Hokies,betus,Virginia Tech Hokies,-3.0,-105
2026-09-18T03:10:59Z,7e3b8cd721f0817d0a6c3111221e8a91,2026-09-19T23:30:00Z,Notre Dame Fighting Irish,Michigan State Spartans,draftkings,Michigan State Spartans,29.5,-105
2026-09-18T03:10:59Z,7e3b8cd721f0817d0a6c3111221e8a91,2026-09-19T23:30:00Z,Notre Dame Fighting Irish,Michigan State Spartans,draftkings,Notre Dame Fighting Irish,-29.5,-115
2026-09-18T03:10:59Z,7e3b8cd721f0817d0a6c3111221e8a91,2026-09-19T23:30:00Z,Notre Dame Fighting Irish,Michigan State Spartans,betmgm,Michigan State Spartans,29.5,-110
2026-09-18T03:10:59Z,7e3b8cd721f0817d0a6c3111221e8a91,2026-09-19T23:30:00Z,Notre Dame Fighting Irish,Michigan State Spartans,betmgm,Notre Dame Fighting Irish,-29.5,-108
2026-09-18T03:10:59Z,7e3b8cd721f0817d0a6c3111221e8a91,2026-09-19T23:30:00Z,Notre Dame Fighting Irish,Michigan State Spartans,lowvig,Michigan State Spartans,29.5,-106
2026-09-18T03:10:59Z,7e3b8cd721f0817d0a6c3111221e8a91,2026-09-19T23:30:00Z,Notre Dame Fighting Irish,Michigan State Spartans,lowvig,Notre Dame Fighting Irish,-29.5,-106
2026-09-18T03:10:59Z,7e3b8cd721f0817d0a6c3111221e8a91,2026-09-19T23:30:00Z,Notre Dame Fighting Irish,Michigan State Spartans,betonlineag,Michigan State Spartans,29.5,-110
2026-09-18T03:10:59Z,7e3b8cd721f0817d0a6c3111221e8a91,2026-09-19T23:30:00Z,Notre Dame Fighting Irish,Michigan State Spartans,betonlineag,Notre Dame Fighting Irish,-29.5,-110
2026-09-18T03:10:59Z,47892b65c28a830d83bbe465b070ce01,2026-09-19T23:30:00Z,Oklahoma Sooners,New Mexico Lobos,betrivers,New Mexico Lobos,21.5,-117
2026-09-18T03:10:59Z,47892b65c28a830d83bbe465b070ce01,2026-09-19T23:30:00Z,Oklahoma Sooners,New Mexico Lobos,betrivers,Oklahoma Sooners,-21.5,-107
2026-09-18T03:10:59Z,cc6953f45fe5acfc853fdf5e5e28a0e7,2026-09-19T23:45:00Z,Tennessee Volunteers,Kennesaw State Owls,draftkings,Kennesaw State Owls,35.5,-112
2026-09-18T03:10:59Z,cc6953f45fe5acfc853fdf5e5e28a0e7,2026-09-19T23:45:00Z,Tennessee Volunteers,Kennesaw State Owls,draftkings,Tennessee Volunteers,-35.5,-108
2026-09-18T03:10:59Z,cc6953f45fe5acfc853fdf5e5e28a0e7,2026-09-19T23:45:00Z,Tennessee Volunteers,Kennesaw State Owls,lowvig,Kennesaw State Owls,35.0,-101
2026-09-18T03:10:59Z,cc6953f45fe5acfc853fdf5e5e28a0e7,2026-09-19T23:45:00Z,Tennessee Volunteers,Kennesaw State Owls,lowvig,Tennessee Volunteers,-35.0,-111
2026-09-18T03:10:59Z,cc6953f45fe5acfc853fdf5e5e28a0e7,2026-09-19T23:45:00Z,Tennessee Volunteers,Kennesaw State Owls,bovada,Kennesaw State Owls,35.5,-110
2026-09-18T03:10:59Z,cc6953f45fe5acfc853fdf5e5e28a0e7,2026-09-19T23:45:00Z,Tennessee Volunteers,Kennesaw State Owls,bovada,Tennessee Volunteers,-35.5,-110
2026-09-18T03:10:59Z,a64b980a572375c0cc1adba3c3fc2811,2026-09-20T00:00:00Z,TCU Horned Frogs,Arkansas State Red Wolves,draftkings,Arkansas State Red Wolves,18.5,-105
2026-09-18T03:10:59Z,a64b980a572375c0cc1adba3c3fc2811,2026-09-20T00:00:00Z,TCU Horned Frogs,Arkansas State Red Wolves,draftkings,TCU Horned Frogs,-18.5,-115
2026-09-18T03:10:59Z,828ceb39d7fd7da80c98174ae5f02dcd,2026-09-20T00:00:00Z,Louisiana Ragin Cajuns,UAB Blazers,fanduel,Louisiana Ragin Cajuns,-7.5,-110
2026-09-18T03:10:59Z,828ceb39d7fd7da80c98174ae5f02dcd,2026-09-20T00:00:00Z,Louisiana Ragin Cajuns,UAB Blazers,fanduel,UAB Blazers,7.5,-110
2026-09-18T03:10:59Z,828ceb39d7fd7da80c98174ae5f02dcd,2026-09-20T00:00:00Z,Louisiana Ragin Cajuns,UAB Blazers,draftkings,Louisiana Ragin Cajuns,-7.5,-110
2026-09-18T03:10:59Z,828ceb39d7fd7da80c98174ae5f02dcd,2026-09-20T00:00:00Z,Louisiana Ragin Cajuns,UAB Blazers,draftkings,UAB Blazers,7.5,-110
2026-09-18T03:10:59Z,828ceb39d7fd7da80c98174ae5f02dcd,2026-09-20T00:00:00Z,Louisiana Ragin Cajuns,UAB Blazers,betmgm,Louisiana Ragin Cajuns,-7.5,-110
2026-09-18T03:10:59Z,828ceb39d7fd7da80c98174ae5f02dcd,2026-09-20T00:00:00Z,Louisiana Ragin Cajuns,UAB Blazers,betmgm,UAB Blazers,7.5,-108
2026-09-18T03:10:59Z,828ceb39d7fd7da80c98174ae5f02dcd,2026-09-20T00:00:00Z,Louisiana Ragin Cajuns,UAB Blazers,betrivers,Louisiana Ragin Cajuns,-7.5,-109
2026-09-18T03:10:59Z,828ceb39d7fd7da80c98174ae5f02dcd,2026-09-20T00:00:00Z,Louisiana Ragin Cajuns,UAB Blazers,betrivers,UAB Blazers,7.5,-113
2026-09-18T03:10:59Z,828ceb39d7fd7da80c98174ae5f02dcd,2026-09-20T00:00:00Z,Louisiana Ragin Cajuns,UAB Blazers,betus,Louisiana Ragin Cajuns,-7.5,-110
2026-09-18T03:10:59Z,828ceb39d7fd7da80c98174ae5f02dcd,2026-09-20T00:00:00Z,Louisiana Ragin Cajuns,UAB Blazers,betus,UAB Blazers,7.5,-110
2026-09-18T03:10:59Z,828ceb39d7fd7da80c98174ae5f02dcd,2026-09-20T00:00:00Z,Louisiana Ragin Cajuns,UAB Blazers,bovada,Louisiana Ragin Cajuns,-7.5,-105
2026-09-18T03:10:59Z,828ceb39d7fd7da80c98174ae5f02dcd,2026-09-20T00:00:00Z,Louisiana Ragin Cajuns,UAB Blazers,bovada,UAB Blazers,7.5,-115
2026-09-18T03:10:59Z,6059b05ef23d08d9033bd7b5fe38e5d0,2026-09-20T00:00:00Z,Texas Longhorns,UTSA Roadrunners,draftkings,Texas Longhorns,-30.5,-108
2026-09-18T03:10:59Z,6059b05ef23d08d9033bd7b5fe38e5d0,2026-09-20T00:00:00Z,Texas Longhorns,UTSA Roadrunners,draftkings,UTSA Roadrunners,30.5,-112
2026-09-18T03:10:59Z,6059b05ef23d08d9033bd7b5fe38e5d0,2026-09-20T00:00:00Z,Texas Longhorns,UTSA Roadrunners,betmgm,Texas Longhorns,-30.0,-112
2026-09-18T03:10:59Z,6059b05ef23d08d9033bd7b5fe38e5d0,2026-09-20T00:00:00Z,Texas Longhorns,UTSA Roadrunners,betmgm,UTSA Roadrunners,30.0,-118
2026-09-18T03:10:59Z,6d109b8538a3588ad21a393896d32efc,2026-09-20T02:00:00Z,Boise State Broncos,South Dakota Coyotes,betmgm,Boise State Broncos,-24.0,-110
2026-09-18T03:10:59Z,6d109b8538a3588ad21a393896d32efc,2026-09-20T02:00:00Z,Boise State Broncos,South Dakota Coyotes,betmgm,South Dakota Coyotes,24.0,-108
2026-09-18T03:10:59Z,0c7583234f964dbb7d9803a27d6b6dae,2026-09-20T02:30:00Z,Sacramento State Hornets,North Dakota State Bison,betrivers,North Dakota State Bison,-27.5,-109
2026-09-18T03:10:59Z,0c7583234f964dbb7d9803a27d6b6dae,2026-09-20T02:30:00Z,Sacramento State Hornets,North Dakota State Bison,betrivers,Sacramento State Hornets,27.5,-114
2026-09-18T03:10:59Z,0c7583234f964dbb7d9803a27d6b6dae,2026-09-20T02:30:00Z,Sacramento State Hornets,North Dakota State Bison,bovada,North Dakota State Bison,-26.5,-110
2026-09-18T03:10:59Z,0c7583234f964dbb7d9803a27d6b6dae,2026-09-20T02:30:00Z,Sacramento State Hornets,North Dakota State Bison,bovada,Sacramento State Hornets,26.5,-110
2026-09-18T03:10:59Z,f6db4e789ff9341a9c94befc751c5f53,2026-09-20T03:00:00Z,San Jose State Spartans,Fresno State Bulldogs,draftkings,Fresno State Bulldogs,-6.5,-112
2026-09-18T03:10:59Z,f6db4e789ff9341a9c94befc751c5f53,2026-09-20T03:00:00Z,San Jose State Spartans,Fresno State Bulldogs,draftkings,San Jose State Spartans,6.5,-108
2026-09-18T03:10:59Z,f6db4e789ff9341a9c94befc751c5f53,2026-09-20T03:00:00Z,San Jose State Spartans,Fresno State Bulldogs,lowvig,Fresno State Bulldogs,-6.5,-101
2026-09-18T03:10:59Z,f6db4e789ff9341a9c94befc751c5f53,2026-09-20T03:00:00Z,San Jose State Spartans,Fresno State Bulldogs,lowvig,San Jose State Spartans,6.5,-111
2026-09-18T03:10:59Z,f6db4e789ff9341a9c94befc751c5f53,2026-09-20T03:00:00Z,San Jose State Spartans,Fresno State Bulldogs,betonlineag,Fresno State Bulldogs,-6.5,-105
2026-09-18T03:10:59Z,f6db4e789ff9341a9c94befc751c5f53,2026-09-20T03:00:00Z,San Jose State Spartans,Fresno State Bulldogs,betonlineag,San Jose State Spartans,6.5,-115
2026-09-18T03:10:59Z,f6db4e789ff9341a9c94befc751c5f53,2026-09-20T03:00:00Z,San Jose State Spartans,Fresno State Bulldogs,betmgm,San Jose State Spartans,6.5,-108
2026-09-18T03:10:59Z,f6db4e789ff9341a9c94befc751c5f53,2026-09-20T03:00:00Z,San Jose State Spartans,Fresno State Bulldogs,betus,Fresno State Bulldogs,-6.5,-110
2026-09-18T03:10:59Z,f6db4e789ff9341a9c94befc751c5f53,2026-09-20T03:00:00Z,San Jose State Spartans,Fresno State Bulldogs,betus,San Jose State Spartans,6.5,-110
2026-09-18T03:10:59Z,381e5c97af94a83e03eae0ac6f11ed38,2026-09-20T03:00:00Z,Oregon State Beavers,Montana Grizzlies,betmgm,Montana Grizzlies,17.0,-110
2026-09-18T03:10:59Z,381e5c97af94a83e03eae0ac6f11ed38,2026-09-20T03:00:00Z,Oregon State Beavers,Montana Grizzlies,betmgm,Oregon State Beavers,-17.0,-108
2026-09-18T03:10:59Z,7a6a2035bf5d7abd30d6cc8b76d59e3e,2026-09-20T03:00:00Z,UCLA Bruins,Purdue Boilermakers,draftkings,Purdue Boilermakers,14.0,-105
2026-09-18T03:10:59Z,7a6a2035bf5d7abd30d6cc8b76d59e3e,2026-09-20T03:00:00Z,UCLA Bruins,Purdue Boilermakers,draftkings,UCLA Bruins,-14.0,-115
2026-09-18T03:10:59Z,7a6a2035bf5d7abd30d6cc8b76d59e3e,2026-09-20T03:00:00Z,UCLA Bruins,Purdue Boilermakers,betmgm,Purdue Boilermakers,14.0,-110
2026-09-18T03:10:59Z,7a6a2035bf5d7abd30d6cc8b76d59e3e,2026-09-20T03:00:00Z,UCLA Bruins,Purdue Boilermakers,betmgm,UCLA Bruins,-14.0,-108
2026-09-18T10:33:59Z,720451b07d54e435c9be484ef73ea211,2026-09-18T23:30:00Z,Wake Forest Demon Deacons,Miami Hurricanes,fanduel,Miami Hurricanes,-20.5,-110
2026-09-18T10:33:59Z,720451b07d54e435c9be484ef73ea211,2026-09-18T23:30:00Z,Wake Forest Demon Deacons,Miami Hurricanes,fanduel,Wake Forest Demon Deacons,20.5,-110
2026-09-18T10:33:59Z,720451b07d54e435c9be484ef73ea211,2026-09-18T23:30:00Z,Wake Forest Demon Deacons,Miami Hurricanes,betmgm,Miami Hurricanes,-20.5,-108
2026-09-18T10:33:59Z,720451b07d54e435c9be484ef73ea211,2026-09-18T23:30:00Z,Wake Forest Demon Deacons,Miami Hurricanes,betmgm,Wake Forest Demon Deacons,20.5,-110
2026-09-18T10:33:59Z,720451b07d54e435c9be484ef73ea211,2026-09-18T23:30:00Z,Wake Forest Demon Deacons,Miami Hurricanes,betrivers,Miami Hurricanes,-20.5,-115
2026-09-18T10:33:59Z,720451b07d54e435c9be484ef73ea211,2026-09-18T23:30:00Z,Wake Forest Demon Deacons,Miami Hurricanes,betrivers,Wake Forest Demon Deacons,20.5,-107
2026-09-18T10:33:59Z,720451b07d54e435c9be484ef73ea211,2026-09-18T23:30:00Z,Wake Forest Demon Deacons,Miami Hurricanes,lowvig,Miami Hurricanes,-20.5,-104
2026-09-18T10:33:59Z,720451b07d54e435c9be484ef73ea211,2026-09-18T23:30:00Z,Wake Forest Demon Deacons,Miami Hurricanes,lowvig,Wake Forest Demon Deacons,20.5,-108
2026-09-18T10:33:59Z,720451b07d54e435c9be484ef73ea211,2026-09-18T23:30:00Z,Wake Forest Demon Deacons,Miami Hurricanes,betonlineag,Miami Hurricanes,-20.5,-108
2026-09-18T10:33:59Z,720451b07d54e435c9be484ef73ea211,2026-09-18T23:30:00Z,Wake Forest Demon Deacons,Miami Hurricanes,betonlineag,Wake Forest Demon Deacons,20.5,-112
2026-09-18T10:33:59Z,720451b07d54e435c9be484ef73ea211,2026-09-18T23:30:00Z,Wake Forest Demon Deacons,Miami Hurricanes,bovada,Miami Hurricanes,-20.5,-110
2026-09-18T10:33:59Z,720451b07d54e435c9be484ef73ea211,2026-09-18T23:30:00Z,Wake Forest Demon Deacons,Miami Hurricanes,bovada,Wake Forest Demon Deacons,20.5,-110
2026-09-18T10:33:59Z,7311bf775464ae97893928e22512bb47,2026-09-19T00:00:00Z,Texas Tech Red Raiders,Houston Cougars,draftkings,Houston Cougars,7.5,-110
2026-09-18T10:33:59Z,7311bf775464ae97893928e22512bb47,2026-09-19T00:00:00Z,Texas Tech Red Raiders,Houston Cougars,draftkings,Texas Tech Red Raiders,-7.5,-110
2026-09-18T10:33:59Z,7311bf775464ae97893928e22512bb47,2026-09-19T00:00:00Z,Texas Tech Red Raiders,Houston Cougars,betmgm,Houston Cougars,7.5,-110
2026-09-18T10:33:59Z,7311bf775464ae97893928e22512bb47,2026-09-19T00:00:00Z,Texas Tech Red Raiders,Houston Cougars,betmgm,Texas Tech Red Raiders,-7.5,-108
2026-09-18T10:33:59Z,7311bf775464ae97893928e22512bb47,2026-09-19T00:00:00Z,Texas Tech Red Raiders,Houston Cougars,betus,Houston Cougars,7.5,-110
2026-09-18T10:33:59Z,7311bf775464ae97893928e22512bb47,2026-09-19T00:00:00Z,Texas Tech Red Raiders,Houston Cougars,betus,Texas Tech Red Raiders,-7.5,-110
2026-09-18T10:33:59Z,5658a82b80479ea42281da7d3e3e1337,2026-09-19T02:30:00Z,Oregon Ducks,Portland State Vikings,fanduel,Oregon Ducks,-57.5,-115
2026-09-18T10:33:59Z,5658a82b80479ea42281da7d3e3e1337,2026-09-19T02:30:00Z,Oregon Ducks,Portland State Vikings,fanduel,Portland State Vikings,57.5,-105
2026-09-18T10:33:59Z,5658a82b80479ea42281da7d3e3e1337,2026-09-19T02:30:00Z,Oregon Ducks,Portland State Vikings,betonlineag,Oregon Ducks,-57.5,-120
2026-09-18T10:33:59Z,5658a82b80479ea42281da7d3e3e1337,2026-09-19T02:30:00Z,Oregon Ducks,Portland State Vikings,betonlineag,Portland State Vikings,57.5,-110
2026-09-18T10:33:59Z,5658a82b80479ea42281da7d3e3e1337,2026-09-19T02:30:00Z,Oregon Ducks,Portland State Vikings,lowvig,Oregon Ducks,-57.5,-120
2026-09-18T10:33:59Z,5658a82b80479ea42281da7d3e3e1337,2026-09-19T02:30:00Z,Oregon Ducks,Portland State Vikings,lowvig,Portland State Vikings,57.5,-110
2026-09-18T10:33:59Z,5658a82b80479ea42281da7d3e3e1337,2026-09-19T02:30:00Z,Oregon Ducks,Portland State Vikings,betmgm,Oregon Ducks,-56.0,-115
2026-09-18T10:33:59Z,5658a82b80479ea42281da7d3e3e1337,2026-09-19T02:30:00Z,Oregon Ducks,Portland State Vikings,betmgm,Portland State Vikings,56.0,-105
2026-09-18T10:33:59Z,529a333381665c34d05b290d2c9eb5b9,2026-09-19T15:30:00Z,Delaware Blue Hens,Coastal Carolina Chanticleers,fanduel,Coastal Carolina Chanticleers,5.5,-115
2026-09-18T10:33:59Z,529a333381665c34d05b290d2c9eb5b9,2026-09-19T15:30:00Z,Delaware Blue Hens,Coastal Carolina Chanticleers,fanduel,Delaware Blue Hens,-5.5,-105
2026-09-18T10:33:59Z,529a333381665c34d05b290d2c9eb5b9,2026-09-19T15:30:00Z,Delaware Blue Hens,Coastal Carolina Chanticleers,draftkings,Coastal Carolina Chanticleers,4.5,-110
2026-09-18T10:33:59Z,529a333381665c34d05b290d2c9eb5b9,2026-09-19T15:30:00Z,Delaware Blue Hens,Coastal Carolina Chanticleers,draftkings,Delaware Blue Hens,-4.5,-110
2026-09-18T10:33:59Z,529a333381665c34d05b290d2c9eb5b9,2026-09-19T15:30:00Z,Delaware Blue Hens,Coastal Carolina Chanticleers,betonlineag,Coastal Carolina Chanticleers,4.5,100
2026-09-18T10:33:59Z,529a333381665c34d05b290d2c9eb5b9,2026-09-19T15:30:00Z,Delaware Blue Hens,Coastal Carolina Chanticleers,betonlineag,Delaware Blue Hens,-4.5,-120
2026-09-18T10:33:59Z,529a333381665c34d05b290d2c9eb5b9,2026-09-19T15:30:00Z,Delaware Blue Hens,Coastal Carolina Chanticleers,lowvig,Coastal Carolina Chanticleers,4.5,104
2026-09-18T10:33:59Z,529a333381665c34d05b290d2c9eb5b9,2026-09-19T15:30:00Z,Delaware Blue Hens,Coastal Carolina Chanticleers,lowvig,Delaware Blue Hens,-4.5,-116
2026-09-18T10:33:59Z,529a333381665c34d05b290d2c9eb5b9,2026-09-19T15:30:00Z,Delaware Blue Hens,Coastal Carolina Chanticleers,betmgm,Coastal Carolina Chanticleers,4.5,-115
2026-09-18T10:33:59Z,529a333381665c34d05b290d2c9eb5b9,2026-09-19T15:30:00Z,Delaware Blue Hens,Coastal Carolina Chanticleers,betmgm,Delaware Blue Hens,-4.5,-115
2026-09-18T10:33:59Z,529a333381665c34d05b290d2c9eb5b9,2026-09-19T15:30:00Z,Delaware Blue Hens,Coastal Carolina Chanticleers,betus,Coastal Carolina Chanticleers,5.0,-110
2026-09-18T10:33:59Z,529a333381665c34d05b290d2c9eb5b9,2026-09-19T15:30:00Z,Delaware Blue Hens,Coastal Carolina Chanticleers,betus,Delaware Blue Hens,-5.0,-110
2026-09-18T10:33:59Z,529a333381665c34d05b290d2c9eb5b9,2026-09-19T15:30:00Z,Delaware Blue Hens,Coastal Carolina Chanticleers,bovada,Coastal Carolina Chanticleers,5.0,-110
2026-09-18T10:33:59Z,529a333381665c34d05b290d2c9eb5b9,2026-09-19T15:30:00Z,Delaware Blue Hens,Coastal Carolina Chanticleers,bovada,Delaware Blue Hens,-5.0,-110
2026-09-18T10:33:59Z,5bc9efd5f27827a26c1cf8744bb8c2b1,2026-09-19T16:00:00Z,Minnesota Golden Gophers,Akron Zips,draftkings,Akron Zips,23.5,-118
2026-09-18T10:33:59Z,5bc9efd5f27827a26c1cf8744bb8c2b1,2026-09-19T16:00:00Z,Minnesota Golden Gophers,Akron Zips,draftkings,Minnesota Golden Gophers,-23.5,-102
2026-09-18T10:33:59Z,5bc9efd5f27827a26c1cf8744bb8c2b1,2026-09-19T16:00:00Z,Minnesota Golden Gophers,Akron Zips,lowvig,Akron Zips,23.0,-117
2026-09-18T10:33:59Z,5bc9efd5f27827a26c1cf8744bb8c2b1,2026-09-19T16:00:00Z,Minnesota Golden Gophers,Akron Zips,lowvig,Minnesota Golden Gophers,-23.0,105
2026-09-18T10:33:59Z,5bc9efd5f27827a26c1cf8744bb8c2b1,2026-09-19T16:00:00Z,Minnesota Golden Gophers,Akron Zips,betonlineag,Akron Zips,23.0,-125
2026-09-18T10:33:59Z,5bc9efd5f27827a26c1cf8744bb8c2b1,2026-09-19T16:00:00Z,Minnesota Golden Gophers,Akron Zips,betonlineag,Minnesota Golden Gophers,-23.0,105
2026-09-18T10:33:59Z,5bc9efd5f27827a26c1cf8744bb8c2b1,2026-09-19T16:00:00Z,Minnesota Golden Gophers,Akron Zips,betmgm,Akron Zips,23.0,-110
2026-09-18T10:33:59Z,5bc9efd5f27827a26c1cf8744bb8c2b1,2026-09-19T16:00:00Z,Minnesota Golden Gophers,Akron Zips,betmgm,Minnesota Golden Gophers,-23.0,-108
2026-09-18T10:33:59Z,5bc9efd5f27827a26c1cf8744bb8c2b1,2026-09-19T16:00:00Z,Minnesota Golden Gophers,Akron Zips,betus,Akron Zips,23.0,-110
2026-09-18T10:33:59Z,5bc9efd5f27827a26c1cf8744bb8c2b1,2026-09-19T16:00:00Z,Minnesota Golden Gophers,Akron Zips,betus,Minnesota Golden Gophers,-23.0,-110
2026-09-18T10:33:59Z,01e9c4d460a55375a75d025e2b1ddbf5,2026-09-19T16:00:00Z,Arkansas Razorbacks,Georgia Bulldogs,draftkings,Arkansas Razorbacks,24.5,-108
2026-09-18T10:33:59Z,01e9c4d460a55375a75d025e2b1ddbf5,2026-09-19T16:00:00Z,Arkansas Razorbacks,Georgia Bulldogs,draftkings,Georgia Bulldogs,-24.5,-112
2026-09-18T10:33:59Z,9a69dbd474c6181a4c51f397b9b25d38,2026-09-19T16:00:00Z,Iowa State Cyclones,Bowling Green Falcons,fanduel,Bowling Green Falcons,23.5,-102
2026-09-18T10:33:59Z,9a69dbd474c6181a4c51f397b9b25d38,2026-09-19T16:00:00Z,Iowa State Cyclones,Bowling Green Falcons,fanduel,Iowa State Cyclones,-23.5,-120
2026-09-18T10:33:59Z,36baf28c66c363255bb0cd88b6aaf914,2026-09-19T16:00:00Z,Penn State Nittany Lions,Buffalo Bulls,betmgm,Buffalo Bulls,41.5,-110
2026-09-18T10:33:59Z,36baf28c66c363255bb0cd88b6aaf914,2026-09-19T16:00:00Z,Penn State Nittany Lions,Buffalo Bulls,betmgm,Penn State Nittany Lions,-41.5,-108
2026-09-18T10:33:59Z,3fe3d77e009a7f205cce737523609a86,2026-09-19T16:00:00Z,Clemson Tigers,North Carolina Tar Heels,draftkings,Clemson Tigers,-3.0,-115
2026-09-18T10:33:59Z,3fe3d77e009a7f205cce737523609a86,2026-09-19T16:00:00Z,Clemson Tigers,North Carolina Tar Heels,draftkings,North Carolina Tar Heels,3.0,-105
2026-09-18T10:33:59Z,3fe3d77e009a7f205cce737523609a86,2026-09-19T16:00:00Z,Clemson Tigers,North Carolina Tar Heels,lowvig,Clemson Tigers,-3.5,109
2026-09-18T10:33:59Z,3fe3d77e009a7f205cce737523609a86,2026-09-19T16:00:00Z,Clemson Tigers,North Carolina Tar Heels,lowvig,North Carolina Tar Heels,3.5,-122
2026-09-18T10:33:59Z,3fe3d77e009a7f205cce737523609a86,2026-09-19T16:00:00Z,Clemson Tigers,North Carolina Tar Heels,betonlineag,Clemson Tigers,-3.5,105
2026-09-18T10:33:59Z,3fe3d77e009a7f205cce737523609a86,2026-09-19T16:00:00Z,Clemson Tigers,North Carolina Tar Heels,betonlineag,North Carolina Tar Heels,3.5,-125
2026-09-18T10:33:59Z,3fe3d77e009a7f205cce737523609a86,2026-09-19T16:00:00Z,Clemson Tigers,North Carolina Tar Heels,betmgm,North Carolina Tar Heels,3.0,-105
2026-09-18T10:33:59Z,72215c37435df22c87999aa675c675ca,2026-09-19T16:00:00Z,Kansas State Wildcats,Tulane Green Wave,draftkings,Kansas State Wildcats,-20.5,-108
2026-09-18T10:33:59Z,72215c37435df22c87999aa675c675ca,2026-09-19T16:00:00Z,Kansas State Wildcats,Tulane Green Wave,draftkings,Tulane Green Wave,20.5,-112
2026-09-18T10:33:59Z,72215c37435df22c87999aa675c675ca,2026-09-19T16:00:00Z,Kansas State Wildcats,Tulane Green Wave,betmgm,Kansas State Wildcats,-20.5,-108
2026-09-18T10:33:59Z,6eee31d7778965a3e617f10146619c1d,2026-09-19T16:00:00Z,Ohio State Buckeyes,Kent State Golden Flashes,draftkings,Kent State Golden Flashes,52.5,-115
2026-09-18T10:33:59Z,6eee31d7778965a3e617f10146619c1d,2026-09-19T16:00:00Z,Ohio State Buckeyes,Kent State Golden Flashes,draftkings,Ohio State Buckeyes,-52.5,-105
2026-09-18T10:33:59Z,b0cd2e8beaf0dc333daa592a0d3d5c3a,2026-09-19T16:00:00Z,Texas State Bobcats,North Texas Mean Green,draftkings,North Texas Mean Green,2.5,-105
2026-09-18T10:33:59Z,b0cd2e8beaf0dc333daa592a0d3d5c3a,2026-09-19T16:00:00Z,Texas State Bobcats,North Texas Mean Green,draftkings,Texas State Bobcats,-2.5,-115
2026-09-18T10:33:59Z,b0cd2e8beaf0dc333daa592a0d3d5c3a,2026-09-19T16:00:00Z,Texas State Bobcats,North Texas Mean Green,lowvig,North Texas Mean Green,2.5,-101
2026-09-18T10:33:59Z,b0cd2e8beaf0dc333daa592a0d3d5c3a,2026-09-19T16:00:00Z,Texas State Bobcats,North Texas Mean Green,lowvig,Texas State Bobcats,-2.5,-111
2026-09-18T10:33:59Z,b0cd2e8beaf0dc333daa592a0d3d5c3a,2026-09-19T16:00:00Z,Texas State Bobcats,North Texas Mean Green,betonlineag,North Texas Mean Green,2.5,-105
2026-09-18T10:33:59Z,b0cd2e8beaf0dc333daa592a0d3d5c3a,2026-09-19T16:00:00Z,Texas State Bobcats,North Texas Mean Green,betonlineag,Texas State Bobcats,-2.5,-115
2026-09-18T10:33:59Z,b0cd2e8beaf0dc333daa592a0d3d5c3a,2026-09-19T16:00:00Z,Texas State Bobcats,North Texas Mean Green,betus,North Texas Mean Green,2.5,-110
2026-09-18T10:33:59Z,b0cd2e8beaf0dc333daa592a0d3d5c3a,2026-09-19T16:00:00Z,Texas State Bobcats,North Texas Mean Green,betus,Texas State Bobcats,-2.5,-110
2026-09-18T10:33:59Z,bd7ae9e585a6595f7d308d45e1bf35e3,2026-09-19T16:30:00Z,Wisconsin Badgers,Eastern Michigan Eagles,betrivers,Eastern Michigan Eagles,23.5,-113
2026-09-18T10:33:59Z,bd7ae9e585a6595f7d308d45e1bf35e3,2026-09-19T16:30:00Z,Wisconsin Badgers,Eastern Michigan Eagles,betrivers,Wisconsin Badgers,-23.5,-110
2026-09-18T10:33:59Z,2e9835b129f8b8055d4a24f736547363,2026-09-19T16:45:00Z,Vanderbilt Commodores,NC State Wolfpack,betmgm,NC State Wolfpack,3.5,-118
2026-09-18T10:33:59Z,2e9835b129f8b8055d4a24f736547363,2026-09-19T16:45:00Z,Vanderbilt Commodores,NC State Wolfpack,betmgm,Vanderbilt Commodores,-3.5,-102
2026-09-18T10:33:59Z,26a76b78050ad3953d2d41dbeecd5a07,2026-09-19T17:00:00Z,Central Michigan Chippewas,Wyoming Cowboys,fanduel,Central Michigan Chippewas,1.5,-114
2026-09-18T10:33:59Z,26a76b78050ad3953d2d41dbeecd5a07,2026-09-19T17:00:00Z,Central Michigan Chippewas,Wyoming Cowboys,fanduel,Wyoming Cowboys,-1.5,-106
2026-09-18T10:33:59Z,26a76b78050ad3953d2d41dbeecd5a07,2026-09-19T17:00:00Z,Central Michigan Chippewas,Wyoming Cowboys,lowvig,Central Michigan Chippewas,0.0,-104
2026-09-18T10:33:59Z,26a76b78050ad3953d2d41dbeecd5a07,2026-09-19T17:00:00Z,Central Michigan Chippewas,Wyoming Cowboys,lowvig,Wyoming Cowboys,0.0,-108
2026-09-18T10:33:59Z,26a76b78050ad3953d2d41dbeecd5a07,2026-09-19T17:00:00Z,Central Michigan Chippewas,Wyoming Cowboys,betonlineag,Central Michigan Chippewas,0.0,-108
2026-09-18T10:33:59Z,26a76b78050ad3953d2d41dbeecd5a07,2026-09-19T17:00:00Z,Central Michigan Chippewas,Wyoming Cowboys,betonlineag,Wyoming Cowboys,0.0,-112
2026-09-18T10:33:59Z,26a76b78050ad3953d2d41dbeecd5a07,2026-09-19T17:00:00Z,Central Michigan Chippewas,Wyoming Cowboys,betrivers,Central Michigan Chippewas,-1.5,-110
2026-09-18T10:33:59Z,26a76b78050ad3953d2d41dbeecd5a07,2026-09-19T17:00:00Z,Central Michigan Chippewas,Wyoming Cowboys,betrivers,Wyoming Cowboys,1.5,-113
2026-09-18T10:33:59Z,26a76b78050ad3953d2d41dbeecd5a07,2026-09-19T17:00:00Z,Central Michigan Chippewas,Wyoming Cowboys,betmgm,Central Michigan Chippewas,1.0,-108
2026-09-18T10:33:59Z,26a76b78050ad3953d2d41dbeecd5a07,2026-09-19T17:00:00Z,Central Michigan Chippewas,Wyoming Cowboys,betmgm,Wyoming Cowboys,-1.0,-110
2026-09-18T10:33:59Z,08a2eb7afbd58ee7a8fb47bb4142eded,2026-09-19T18:00:00Z,Boston College Eagles,Maine Black Bears,betrivers,Boston College Eagles,-38.5,-107
2026-09-18T10:33:59Z,08a2eb7afbd58ee7a8fb47bb4142eded,2026-09-19T18:00:00Z,Boston College Eagles,Maine Black Bears,betrivers,Maine Black Bears,38.5,-117
2026-09-18T10:33:59Z,ea8b0414ff464255eef426fd61427030,2026-09-19T19:00:00Z,Toledo Rockets,Temple Owls,betrivers,Toledo Rockets,-6.0,-110
2026-09-18T10:33:59Z,a85cea77fbd44d9135461815777f6a9c,2026-09-19T19:30:00Z,Alabama Crimson Tide,Florida State Seminoles,betmgm,Alabama Crimson Tide,-19.0,-115
2026-09-18T10:33:59Z,a85cea77fbd44d9135461815777f6a9c,2026-09-19T19:30:00Z,Alabama Crimson Tide,Florida State Seminoles,betmgm,Florida State Seminoles,19.0,-115
2026-09-18T10:33:59Z,a85cea77fbd44d9135461815777f6a9c,2026-09-19T19:30:00Z,Alabama Crimson Tide,Florida State Seminoles,fanduel,Alabama Crimson Tide,-18.5,-115
2026-09-18T10:33:59Z,a85cea77fbd44d9135461815777f6a9c,2026-09-19T19:30:00Z,Alabama Crimson Tide,Florida State Seminoles,fanduel,Florida State Seminoles,18.5,-105
2026-09-18T10:33:59Z,a85cea77fbd44d9135461815777f6a9c,2026-09-19T19:30:00Z,Alabama Crimson Tide,Florida State Seminoles,bovada,Alabama Crimson Tide,-19.5,-115
2026-09-18T10:33:59Z,a85cea77fbd44d9135461815777f6a9c,2026-09-19T19:30:00Z,Alabama Crimson Tide,Florida State Seminoles,bovada,Florida State Seminoles,19.5,-105
2026-09-18T10:33:59Z,da8ba06d8ff130fdd0e8944b7a1ddff5,2026-09-19T19:30:00Z,California Golden Bears,Wagner Seahawks,fanduel,California Golden Bears,-58.5,-105
2026-09-18T10:33:59Z,da8ba06d8ff130fdd0e8944b7a1ddff5,2026-09-19T19:30:00Z,California Golden Bears,Wagner Seahawks,fanduel,Wagner Seahawks,58.5,-115
2026-09-18T10:33:59Z,15ebe2df1d91e584d091d509e70a1a71,2026-09-19T19:30:00Z,Cincinnati Bearcats,Miami (OH) RedHawks,draftkings,Cincinnati Bearcats,-15.5,-112
2026-09-18T10:33:59Z,15ebe2df1d91e584d091d509e70a1a71,2026-09-19T19:30:00Z,Cincinnati Bearcats,Miami (OH) RedHawks,draftkings,Miami (OH) RedHawks,15.5,-108
2026-09-18T10:33:59Z,15ebe2df1d91e584d091d509e70a1a71,2026-09-19T19:30:00Z,Cincinnati Bearcats,Miami (OH) RedHawks,betrivers,Cincinnati Bearcats,-15.5,-112
2026-09-18T10:33:59Z,15ebe2df1d91e584d091d509e70a1a71,2026-09-19T19:30:00Z,Cincinnati Bearcats,Miami (OH) RedHawks,betrivers,Miami (OH) RedHawks,15.5,-112
2026-09-18T10:33:59Z,8bdb9d65119df877f2e2ec632d28fef1,2026-09-19T19:30:00Z,Washington State Cougars,Duquesne Dukes,lowvig,Duquesne Dukes,38.5,-115
2026-09-18T10:33:59Z,8bdb9d65119df877f2e2ec632d28fef1,2026-09-19T19:30:00Z,Washington State Cougars,Duquesne Dukes,lowvig,Washington State Cougars,-38.5,-115
2026-09-18T10:33:59Z,8bdb9d65119df877f2e2ec632d28fef1,2026-09-19T19:30:00Z,Washington State Cougars,Duquesne Dukes,betonlineag,Duquesne Dukes,38.5,-115
2026-09-18T10:33:59Z,8bdb9d65119df877f2e2ec632d28fef1,2026-09-19T19:30:00Z,Washington State Cougars,Duquesne Dukes,betonlineag,Washington State Cougars,-38.5,-115
2026-09-18T10:33:59Z,8bdb9d65119df877f2e2ec632d28fef1,2026-09-19T19:30:00Z,Washington State Cougars,Duquesne Dukes,betmgm,Duquesne Dukes,38.5,-110
2026-09-18T10:33:59Z,8bdb9d65119df877f2e2ec632d28fef1,2026-09-19T19:30:00Z,Washington State Cougars,Duquesne Dukes,betmgm,Washington State Cougars,-38.5,-108
2026-09-18T10:33:59Z,d2da9e958e6f4800929ff9411b697a4b,2026-09-19T19:30:00Z,Texas A&M Aggies,Kentucky Wildcats,betmgm,Kentucky Wildcats,17.0,-108
2026-09-18T10:33:59Z,d2da9e958e6f4800929ff9411b697a4b,2026-09-19T19:30:00Z,Texas A&M Aggies,Kentucky Wildcats,betmgm,Texas A&M Aggies,-17.0,-110
2026-09-18T10:33:59Z,d2da9e958e6f4800929ff9411b697a4b,2026-09-19T19:30:00Z,Texas A&M Aggies,Kentucky Wildcats,lowvig,Kentucky Wildcats,16.5,104
2026-09-18T10:33:59Z,d2da9e958e6f4800929ff9411b697a4b,2026-09-19T19:30:00Z,Texas A&M Aggies,Kentucky Wildcats,lowvig,Texas A&M Aggies,-16.5,-116
2026-09-18T10:33:59Z,d2da9e958e6f4800929ff9411b697a4b,2026-09-19T19:30:00Z,Texas A&M Aggies,Kentucky Wildcats,betonlineag,Kentucky Wildcats,16.5,100
2026-09-18T10:33:59Z,d2da9e958e6f4800929ff9411b697a4b,2026-09-19T19:30:00Z,Texas A&M Aggies,Kentucky Wildcats,betonlineag,Texas A&M Aggies,-16.5,-120
2026-09-18T10:33:59Z,dbcfc3184e20d1ea45e910b89585071f,2026-09-19T19:30:00Z,Louisville Cardinals,SMU Mustangs,betmgm,SMU Mustangs,1.5,-110
2026-09-18T10:33:59Z,dbcfc3184e20d1ea45e910b89585071f,2026-09-19T19:30:00Z,Louisville Cardinals,SMU Mustangs,lowvig,Louisville Cardinals,-1.5,-102
2026-09-18T10:33:59Z,dbcfc3184e20d1ea45e910b89585071f,2026-09-19T19:30:00Z,Louisville Cardinals,SMU Mustangs,lowvig,SMU Mustangs,1.5,-110
2026-09-18T10:33:59Z,dbcfc3184e20d1ea45e910b89585071f,2026-09-19T19:30:00Z,Louisville Cardinals,SMU Mustangs,betonlineag,Louisville Cardinals,-1.5,-106
2026-09-18T10:33:59Z,dbcfc3184e20d1ea45e910b89585071f,2026-09-19T19:30:00Z,Louisville Cardinals,SMU Mustangs,betonlineag,SMU Mustangs,1.5,-114
2026-09-18T10:33:59Z,8b31d45a11a98ec8e6a9a9a5368a1bf4,2026-09-19T19:30:00Z,Rutgers Scarlet Knights,USC Trojans,draftkings,Rutgers Scarlet Knights,21.5,-105
2026-09-18T10:33:59Z,8b31d45a11a98ec8e6a9a9a5368a1bf4,2026-09-19T19:30:00Z,Rutgers Scarlet Knights,USC Trojans,draftkings,USC Trojans,-21.5,-115
2026-09-18T10:33:59Z,8b31d45a11a98ec8e6a9a9a5368a1bf4,2026-09-19T19:30:00Z,Rutgers Scarlet Knights,USC Trojans,betrivers,Rutgers Scarlet Knights,22.0,-110
2026-09-18T10:33:59Z,8b31d45a11a98ec8e6a9a9a5368a1bf4,2026-09-19T19:30:00Z,Rutgers Scarlet Knights,USC Trojans,betrivers,USC Trojans,-22.0,-114
2026-09-18T10:33:59Z,8b31d45a11a98ec8e6a9a9a5368a1bf4,2026-09-19T19:30:00Z,Rutgers Scarlet Knights,USC Trojans,betmgm,Rutgers Scarlet Knights,22.0,-110
2026-09-18T10:33:59Z,8b31d45a11a98ec8e6a9a9a5368a1bf4,2026-09-19T19:30:00Z,Rutgers Scarlet Knights,USC Trojans,betmgm,USC Trojans,-22.0,-108
2026-09-18T10:33:59Z,089e1a60578160dd6828794656461ba5,2026-09-19T20:00:00Z,Liberty Flames,Ball State Cardinals,betrivers,Ball State Cardinals,14.5,-115
2026-09-18T10:33:59Z,089e1a60578160dd6828794656461ba5,2026-09-19T20:00:00Z,Liberty Flames,Ball State Cardinals,betrivers,Liberty Flames,-14.5,-108
2026-09-18T10:33:59Z,089e1a60578160dd6828794656461ba5,2026-09-19T20:00:00Z,Liberty Flames,Ball State Cardinals,betonlineag,Ball State Cardinals,15.0,-113
2026-09-18T10:33:59Z,089e1a60578160dd6828794656461ba5,2026-09-19T20:00:00Z,Liberty Flames,Ball State Cardinals,betonlineag,Liberty Flames,-15.0,-107
2026-09-18T10:33:59Z,089e1a60578160dd6828794656461ba5,2026-09-19T20:00:00Z,Liberty Flames,Ball State Cardinals,lowvig,Ball State Cardinals,15.0,-109
2026-09-18T10:33:59Z,089e1a60578160dd6828794656461ba5,2026-09-19T20:00:00Z,Liberty Flames,Ball State Cardinals,lowvig,Liberty Flames,-15.0,-103
2026-09-18T10:33:59Z,089e1a60578160dd6828794656461ba5,2026-09-19T20:00:00Z,Liberty Flames,Ball State Cardinals,betus,Ball State Cardinals,15.0,-115
2026-09-18T10:33:59Z,089e1a60578160dd6828794656461ba5,2026-09-19T20:00:00Z,Liberty Flames,Ball State Cardinals,betus,Liberty Flames,-15.0,-105
2026-09-18T10:33:59Z,790266884d07b6c2aeed8efc216ba610,2026-09-19T20:00:00Z,Baylor Bears,Louisiana Tech Bulldogs,betrivers,Baylor Bears,-20.0,-109
2026-09-18T10:33:59Z,790266884d07b6c2aeed8efc216ba610,2026-09-19T20:00:00Z,Baylor Bears,Louisiana Tech Bulldogs,betrivers,Louisiana Tech Bulldogs,20.0,-114
2026-09-18T10:33:59Z,3c742aa7dc1c1da030846964a72de370,2026-09-19T20:00:00Z,Duke Blue Devils,Stanford Cardinal,fanduel,Duke Blue Devils,-10.5,-106
2026-09-18T10:33:59Z,3c742aa7dc1c1da030846964a72de370,2026-09-19T20:00:00Z,Duke Blue Devils,Stanford Cardinal,fanduel,Stanford Cardinal,10.5,-114
2026-09-18T10:33:59Z,3c742aa7dc1c1da030846964a72de370,2026-09-19T20:00:00Z,Duke Blue Devils,Stanford Cardinal,betmgm,Duke Blue Devils,-10.0,-112
2026-09-18T10:33:59Z,3c742aa7dc1c1da030846964a72de370,2026-09-19T20:00:00Z,Duke Blue Devils,Stanford Cardinal,betmgm,Stanford Cardinal,10.0,-105
2026-09-18T10:33:59Z,f459decff5e212a417df01fead33b180,2026-09-19T20:00:00Z,Indiana Hoosiers,Western Kentucky Hilltoppers,draftkings,Indiana Hoosiers,-44.5,-112
2026-09-18T10:33:59Z,f459decff5e212a417df01fead33b180,2026-09-19T20:00:00Z,Indiana Hoosiers,Western Kentucky Hilltoppers,draftkings,Western Kentucky Hilltoppers,44.5,-108
2026-09-18T10:33:59Z,a4e7771497976db67e6a81bc3700b32f,2026-09-19T20:15:00Z,South Carolina Gamecocks,Mississippi State Bulldogs,lowvig,Mississippi State Bulldogs,3.5,101
2026-09-18T10:33:59Z,a4e7771497976db67e6a81bc3700b32f,2026-09-19T20:15:00Z,South Carolina Gamecocks,Mississippi State Bulldogs,lowvig,South Carolina Gamecocks,-3.5,-113
2026-09-18T10:33:59Z,a4e7771497976db67e6a81bc3700b32f,2026-09-19T20:15:00Z,South Carolina Gamecocks,Mississippi State Bulldogs,betonlineag,Mississippi State Bulldogs,3.5,-103
2026-09-18T10:33:59Z,a4e7771497976db67e6a81bc3700b32f,2026-09-19T20:15:00Z,South Carolina Gamecocks,Mississippi State Bulldogs,betonlineag,South Carolina Gamecocks,-3.5,-117
2026-09-18T10:33:59Z,a4e7771497976db67e6a81bc3700b32f,2026-09-19T20:15:00Z,South Carolina Gamecocks,Mississippi State Bulldogs,bovada,Mississippi State Bulldogs,3.5,-105
2026-09-18T10:33:59Z,a4e7771497976db67e6a81bc3700b32f,2026-09-19T20:15:00Z,South Carolina Gamecocks,Mississippi State Bulldogs,bovada,South Carolina Gamecocks,-3.5,-115
2026-09-18T10:33:59Z,09e86b2dd47d075b2fddb3174d21b1ac,2026-09-19T20:30:00Z,UL Monroe Warhawks,Southeastern Louisiana Lions,fanduel,Southeastern Louisiana Lions,11.5,-110
2026-09-18T10:33:59Z,09e86b2dd47d075b2fddb3174d21b1ac,2026-09-19T20:30:00Z,UL Monroe Warhawks,Southeastern Louisiana Lions,fanduel,UL Monroe Warhawks,-11.5,-110
2026-09-18T10:33:59Z,3db3de2fb9101f01f676c1f319837667,2026-09-19T22:00:00Z,Appalachian State Mountaineers,Charlotte 49ers,fanduel,Appalachian State Mountaineers,-17.5,-106
2026-09-18T10:33:59Z,3db3de2fb9101f01f676c1f319837667,2026-09-19T22:00:00Z,Appalachian State Mountaineers,Charlotte 49ers,fanduel,Charlotte 49ers,17.5,-114
2026-09-18T10:33:59Z,436d9422da324c807b9d2fb50a2ef62a,2026-09-19T22:00:00Z,Old Dominion Monarchs,East Carolina Pirates,draftkings,East Carolina Pirates,3.0,-118
2026-09-18T10:33:59Z,436d9422da324c807b9d2fb50a2ef62a,2026-09-19T22:00:00Z,Old Dominion Monarchs,East Carolina Pirates,draftkings,Old Dominion Monarchs,-3.0,-102
2026-09-18T10:33:59Z,d72de7a6a2387f86edc530bbe90a7664,2026-09-19T23:00:00Z,South Florida Bulls,Delaware State Hornets,fanduel,Delaware State Hornets,36.5,-110
2026-09-18T10:33:59Z,d72de7a6a2387f86edc530bbe90a7664,2026-09-19T23:00:00Z,South Florida Bulls,Delaware State Hornets,fanduel,South Florida Bulls,-36.5,-110
2026-09-18T10:33:59Z,60c8d1fde1467bde9f2a20b5d4cb7c90,2026-09-19T23:00:00Z,Jacksonville State Gamecocks,Georgia Southern Eagles,betmgm,Georgia Southern Eagles,3.5,-115
2026-09-18T10:33:59Z,4a9e833f32775e201ee648c51840df85,2026-09-19T23:00:00Z,UCF Knights,Georgia State Panthers,lowvig,Georgia State Panthers,17.5,-116
2026-09-18T10:33:59Z,4a9e833f32775e201ee648c51840df85,2026-09-19T23:00:00Z,UCF Knights,Georgia State Panthers,lowvig,UCF Knights,-17.5,104
2026-09-18T10:33:59Z,4a9e833f32775e201ee648c51840df85,2026-09-19T23:00:00Z,UCF Knights,Georgia State Panthers,betonlineag,Georgia State Panthers,17.5,-120
2026-09-18T10:33:59Z,4a9e833f32775e201ee648c51840df85,2026-09-19T23:00:00Z,UCF Knights,Georgia State Panthers,betonlineag,UCF Knights,-17.5,100
2026-09-18T10:33:59Z,4a9e833f32775e201ee648c51840df85,2026-09-19T23:00:00Z,UCF Knights,Georgia State Panthers,betmgm,Georgia State Panthers,17.5,-115
2026-09-18T10:33:59Z,4a9e833f32775e201ee648c51840df85,2026-09-19T23:00:00Z,UCF Knights,Georgia State Panthers,betmgm,UCF Knights,-17.5,-105
2026-09-18T10:33:59Z,4a9e833f32775e201ee648c51840df85,2026-09-19T23:00:00Z,UCF Knights,Georgia State Panthers,bovada,Georgia State Panthers,17.5,-110
2026-09-18T10:33:59Z,4a9e833f32775e201ee648c51840df85,2026-09-19T23:00:00Z,UCF Knights,Georgia State Panthers,bovada,UCF Knights,-17.5,-110
2026-09-18T10:33:59Z,69164d1b806f25a76cdb6268e19d4365,2026-09-19T23:00:00Z,Missouri Tigers,Troy Trojans,fanduel,Missouri Tigers,-26.5,-115
2026-09-18T10:33:59Z,69164d1b806f25a76cdb6268e19d4365,2026-09-19T23:00:00Z,Missouri Tigers,Troy Trojans,fanduel,Troy Trojans,26.5,-105
2026-09-18T10:33:59Z,0ce2e66203e1c66f3f2687fdccd37408,2026-09-19T23:00:00Z,Sam Houston State Bearkats,Nicholls State Colonels,fanduel,Nicholls State Colonels,17.5,-110
2026-09-18T10:33:59Z,0ce2e66203e1c66f3f2687fdccd37408,2026-09-19T23:00:00Z,Sam Houston State Bearkats,Nicholls State Colonels,fanduel,Sam Houston State Bearkats,-17.5,-110
2026-09-18T10:33:59Z,0ce2e66203e1c66f3f2687fdccd37408,2026-09-19T23:00:00Z,Sam Houston State Bearkats,Nicholls State Colonels,betrivers,Nicholls State Colonels,18.0,-112
2026-09-18T10:33:59Z,0ce2e66203e1c66f3f2687fdccd37408,2026-09-19T23:00:00Z,Sam Houston State Bearkats,Nicholls State Colonels,betrivers,Sam Houston State Bearkats,-18.0,-110
2026-09-18T10:33:59Z,0ce2e66203e1c66f3f2687fdccd37408,2026-09-19T23:00:00Z,Sam Houston State Bearkats,Nicholls State Colonels,betmgm,Nicholls State Colonels,17.5,-112
2026-09-18T10:33:59Z,0ce2e66203e1c66f3f2687fdccd37408,2026-09-19T23:00:00Z,Sam Houston State Bearkats,Nicholls State Colonels,betmgm,Sam Houston State Bearkats,-17.5,-105
2026-09-18T10:33:59Z,bcc250cd218a520bcd287c120644ba05,2026-09-19T23:00:00Z,South Alabama Jaguars,Ohio Bobcats,draftkings,Ohio Bobcats,7.0,-118
2026-09-18T10:33:59Z,bcc250cd218a520bcd287c120644ba05,2026-09-19T23:00:00Z,South Alabama Jaguars,Ohio Bobcats,draftkings,South Alabama Jaguars,-7.0,-102
2026-09-18T10:33:59Z,bcc250cd218a520bcd287c120644ba05,2026-09-19T23:00:00Z,South Alabama Jaguars,Ohio Bobcats,betmgm,Ohio Bobcats,6.5,-105
2026-09-18T10:33:59Z,bcc250cd218a520bcd287c120644ba05,2026-09-19T23:00:00Z,South Alabama Jaguars,Ohio Bobcats,betmgm,South Alabama Jaguars,-6.5,-112
2026-09-18T10:33:59Z,1088ecb8a4c34880f9fb0b9274a8d3e4,2026-09-19T23:00:00Z,Southern Mississippi Golden Eagles,UConn Huskies,bovada,Southern Mississippi Golden Eagles,3.0,-105
2026-09-18T10:33:59Z,1088ecb8a4c34880f9fb0b9274a8d3e4,2026-09-19T23:00:00Z,Southern Mississippi Golden Eagles,UConn Huskies,bovada,UConn Huskies,-3.0,-115
2026-09-18T10:33:59Z,55699549855efd1bed7b9d6ae1c7aded,2026-09-19T23:15:00Z,Nebraska Cornhuskers,North Dakota Fighting Hawks,fanduel,Nebraska Cornhuskers,-24.5,-105
2026-09-18T10:33:59Z,55699549855efd1bed7b9d6ae1c7aded,2026-09-19T23:15:00Z,Nebraska Cornhuskers,North Dakota Fighting Hawks,fanduel,North Dakota Fighting Hawks,24.5,-115
2026-09-18T10:33:59Z,d3b7a8be0f6c9e50f7afd4005990228b,2026-09-19T23:30:00Z,Colorado State Rams,BYU Cougars,draftkings,BYU Cougars,-17.5,-115
2026-09-18T10:33:59Z,d3b7a8be0f6c9e50f7afd4005990228b,2026-09-19T23:30:00Z,Colorado State Rams,BYU Cougars,draftkings,Colorado State Rams,17.5,-105
2026-09-18T10:33:59Z,d3b7a8be0f6c9e50f7afd4005990228b,2026-09-19T23:30:00Z,Colorado State Rams,BYU Cougars,betmgm,BYU Cougars,-17.5,-120
2026-09-18T10:33:59Z,d3b7a8be0f6c9e50f7afd4005990228b,2026-09-19T23:30:00Z,Colorado State Rams,BYU Cougars,betmgm,Colorado State Rams,17.5,-110
2026-09-18T10:33:59Z,03297aa8a399c223aa1cc6aa923d9bc6,2026-09-19T23:30:00Z,Northwestern Wildcats,Colorado Buffaloes,fanduel,Colorado Buffaloes,3.5,-112
2026-09-18T10:33:59Z,03297aa8a399c223aa1cc6aa923d9bc6,2026-09-19T23:30:00Z,Northwestern Wildcats,Colorado Buffaloes,fanduel,Northwestern Wildcats,-3.5,-108
2026-09-18T10:33:59Z,03297aa8a399c223aa1cc6aa923d9bc6,2026-09-19T23:30:00Z,Northwestern Wildcats,Colorado Buffaloes,lowvig,Colorado Buffaloes,3.0,109
2026-09-18T10:33:59Z,03297aa8a399c223aa1cc6aa923d9bc6,2026-09-19T23:30:00Z,Northwestern Wildcats,Colorado Buffaloes,lowvig,Northwestern Wildcats,-3.0,-122
2026-09-18T10:33:59Z,03297aa8a399c223aa1cc6aa923d9bc6,2026-09-19T23:30:00Z,Northwestern Wildcats,Colorado Buffaloes,betonlineag,Colorado Buffaloes,3.0,105
2026-09-18T10:33:59Z,03297aa8a399c223aa1cc6aa923d9bc6,2026-09-19T23:30:00Z,Northwestern Wildcats,Colorado Buffaloes,betonlineag,Northwestern Wildcats,-3.0,-125
2026-09-18T10:33:59Z,03297aa8a399c223aa1cc6aa923d9bc6,2026-09-19T23:30:00Z,Northwestern Wildcats,Colorado Buffaloes,betmgm,Colorado Buffaloes,3.5,-110
2026-09-18T10:33:59Z,03297aa8a399c223aa1cc6aa923d9bc6,2026-09-19T23:30:00Z,Northwestern Wildcats,Colorado Buffaloes,betmgm,Northwestern Wildcats,-3.5,-108
2026-09-18T10:33:59Z,03297aa8a399c223aa1cc6aa923d9bc6,2026-09-19T23:30:00Z,Northwestern Wildcats,Colorado Buffaloes,betus,Colorado Buffaloes,3.5,-110
2026-09-18T10:33:59Z,03297aa8a399c223aa1cc6aa923d9bc6,2026-09-19T23:30:00Z,Northwestern Wildcats,Colorado Buffaloes,betus,Northwestern Wildcats,-3.5,-110
2026-09-18T10:33:59Z,65571f1cab1a260aae4a220e38dbbc1d,2026-09-19T23:30:00Z,Ole Miss Rebels,LSU Tigers,draftkings,LSU Tigers,-3.0,-112
2026-09-18T10:33:59Z,65571f1cab1a260aae4a220e38dbbc1d,2026-09-19T23:30:00Z,Ole Miss Rebels,LSU Tigers,draftkings,Ole Miss Rebels,3.0,-108
2026-09-18T10:33:59Z,65571f1cab1a260aae4a220e38dbbc1d,2026-09-19T23:30:00Z,Ole Miss Rebels,LSU Tigers,betrivers,LSU Tigers,-3.0,-112
2026-09-18T10:33:59Z,65571f1cab1a260aae4a220e38dbbc1d,2026-09-19T23:30:00Z,Ole Miss Rebels,LSU Tigers,betrivers,Ole Miss Rebels,3.0,-112
2026-09-18T10:33:59Z,65571f1cab1a260aae4a220e38dbbc1d,2026-09-19T23:30:00Z,Ole Miss Rebels,LSU Tigers,betonlineag,LSU Tigers,-3.0,-105
2026-09-18T10:33:59Z,65571f1cab1a260aae4a220e38dbbc1d,2026-09-19T23:30:00Z,Ole Miss Rebels,LSU Tigers,betonlineag,Ole Miss Rebels,3.0,-115
2026-09-18T10:33:59Z,b7cdc05f280bede1f19b996cc9b95753,2026-09-19T23:30:00Z,Maryland Terrapins,Virginia Tech Hokies,lowvig,Maryland Terrapins,2.5,107
2026-09-18T10:33:59Z,b7cdc05f280bede1f19b996cc9b95753,2026-09-19T23:30:00Z,Maryland Terrapins,Virginia Tech Hokies,lowvig,Virginia Tech Hokies,-2.5,-119
2026-09-18T10:33:59Z,b7cdc05f280bede1f19b996cc9b95753,2026-09-19T23:30:00Z,Maryland Terrapins,Virginia Tech Hokies,betonlineag,Maryland Terrapins,2.5,103
2026-09-18T10:33:59Z,b7cdc05f280bede1f19b996cc9b95753,2026-09-19T23:30:00Z,Maryland Terrapins,Virginia Tech Hokies,betonlineag,Virginia Tech Hokies,-2.5,-123
2026-09-18T10:33:59Z,7e3b8cd721f0817d0a6c3111221e8a91,2026-09-19T23:30:00Z,Notre Dame Fighting Irish,Michigan State Spartans,draftkings,Michigan State Spartans,29.5,-112
2026-09-18T10:33:59Z,7e3b8cd721f0817d0a6c3111221e8a91,2026-09-19T23:30:00Z,Notre Dame Fighting Irish,Michigan State Spartans,draftkings,Notre Dame Fighting Irish,-29.5,-108
2026-09-18T10:33:59Z,7e3b8cd721f0817d0a6c3111221e8a91,2026-09-19T23:30:00Z,Notre Dame Fighting Irish,Michigan State Spartans,betmgm,Michigan State Spartans,29.0,-108
2026-09-18T10:33:59Z,7e3b8cd721f0817d0a6c3111221e8a91,2026-09-19T23:30:00Z,Notre Dame Fighting Irish,Michigan State Spartans,betmgm,Notre Dame Fighting Irish,-29.0,-110
2026-09-18T10:33:59Z,a64b980a572375c0cc1adba3c3fc2811,2026-09-20T00:00:00Z,TCU Horned Frogs,Arkansas State Red Wolves,lowvig,Arkansas State Red Wolves,18.5,-111
2026-09-18T10:33:59Z,a64b980a572375c0cc1adba3c3fc2811,2026-09-20T00:00:00Z,TCU Horned Frogs,Arkansas State Red Wolves,lowvig,TCU Horned Frogs,-18.5,-101
2026-09-18T10:33:59Z,a64b980a572375c0cc1adba3c3fc2811,2026-09-20T00:00:00Z,TCU Horned Frogs,Arkansas State Red Wolves,betonlineag,Arkansas State Red Wolves,18.5,-115
2026-09-18T10:33:59Z,a64b980a572375c0cc1adba3c3fc2811,2026-09-20T00:00:00Z,TCU Horned Frogs,Arkansas State Red Wolves,betonlineag,TCU Horned Frogs,-18.5,-105
2026-09-18T10:33:59Z,a64b980a572375c0cc1adba3c3fc2811,2026-09-20T00:00:00Z,TCU Horned Frogs,Arkansas State Red Wolves,betus,Arkansas State Red Wolves,18.5,-115
2026-09-18T10:33:59Z,a64b980a572375c0cc1adba3c3fc2811,2026-09-20T00:00:00Z,TCU Horned Frogs,Arkansas State Red Wolves,betus,TCU Horned Frogs,-18.5,-105
2026-09-18T10:33:59Z,828ceb39d7fd7da80c98174ae5f02dcd,2026-09-20T00:00:00Z,Louisiana Ragin Cajuns,UAB Blazers,betmgm,UAB Blazers,7.5,-110
2026-09-18T10:33:59Z,93de8127b5d37170dff2b88deca0b95e,2026-09-20T02:30:00Z,Arizona Wildcats,Northern Illinois Huskies,lowvig,Arizona Wildcats,-33.5,-103
2026-09-18T10:33:59Z,93de8127b5d37170dff2b88deca0b95e,2026-09-20T02:30:00Z,Arizona Wildcats,Northern Illinois Huskies,lowvig,Northern Illinois Huskies,33.5,-109
2026-09-18T10:33:59Z,93de8127b5d37170dff2b88deca0b95e,2026-09-20T02:30:00Z,Arizona Wildcats,Northern Illinois Huskies,betonlineag,Arizona Wildcats,-33.5,-107
2026-09-18T10:33:59Z,93de8127b5d37170dff2b88deca0b95e,2026-09-20T02:30:00Z,Arizona Wildcats,Northern Illinois Huskies,betonlineag,Northern Illinois Huskies,33.5,-113
2026-09-18T10:33:59Z,f6db4e789ff9341a9c94befc751c5f53,2026-09-20T03:00:00Z,San Jose State Spartans,Fresno State Bulldogs,betmgm,Fresno State Bulldogs,-6.5,-108
2026-09-18T10:33:59Z,f6db4e789ff9341a9c94befc751c5f53,2026-09-20T03:00:00Z,San Jose State Spartans,Fresno State Bulldogs,betmgm,San Jose State Spartans,6.5,-110
2026-09-18T10:33:59Z,f6db4e789ff9341a9c94befc751c5f53,2026-09-20T03:00:00Z,San Jose State Spartans,Fresno State Bulldogs,bovada,Fresno State Bulldogs,-6.5,-105
2026-09-18T10:33:59Z,f6db4e789ff9341a9c94befc751c5f53,2026-09-20T03:00:00Z,San Jose State Spartans,Fresno State Bulldogs,bovada,San Jose State Spartans,6.5,-115
2026-09-18T10:33:59Z,7a6a2035bf5d7abd30d6cc8b76d59e3e,2026-09-20T03:00:00Z,UCLA Bruins,Purdue Boilermakers,lowvig,Purdue Boilermakers,14.0,102
2026-09-18T10:33:59Z,7a6a2035bf5d7abd30d6cc8b76d59e3e,2026-09-20T03:00:00Z,UCLA Bruins,Purdue Boilermakers,lowvig,UCLA Bruins,-14.0,-114
2026-09-18T10:33:59Z,7a6a2035bf5d7abd30d6cc8b76d59e3e,2026-09-20T03:00:00Z,UCLA Bruins,Purdue Boilermakers,betonlineag,Purdue Boilermakers,14.0,-102
2026-09-18T10:33:59Z,7a6a2035bf5d7abd30d6cc8b76d59e3e,2026-09-20T03:00:00Z,UCLA Bruins,Purdue Boilermakers,betonlineag,UCLA Bruins,-14.0,-118
2026-09-18T10:33:59Z,7a6a2035bf5d7abd30d6cc8b76d59e3e,2026-09-20T03:00:00Z,UCLA Bruins,Purdue Boilermakers,betmgm,Purdue Boilermakers,14.0,-108
2026-09-18T10:33:59Z,7a6a2035bf5d7abd30d6cc8b76d59e3e,2026-09-20T03:00:00Z,UCLA Bruins,Purdue Boilermakers,betmgm,UCLA Bruins,-14.0,-110
2026-09-18T10:33:59Z,7a6a2035bf5d7abd30d6cc8b76d59e3e,2026-09-20T03:00:00Z,UCLA Bruins,Purdue Boilermakers,bovada,Purdue Boilermakers,14.0,-105
2026-09-18T10:33:59Z,7a6a2035bf5d7abd30d6cc8b76d59e3e,2026-09-20T03:00:00Z,UCLA Bruins,Purdue Boilermakers,bovada,UCLA Bruins,-14.0,-115
2026-09-18T15:49:27Z,720451b07d54e435c9be484ef73ea211,2026-09-18T23:30:00Z,Wake Forest Demon Deacons,Miami Hurricanes,fanduel,Miami Hurricanes,-20.5,-114
2026-09-18T15:49:27Z,720451b07d54e435c9be484ef73ea211,2026-09-18T23:30:00Z,Wake Forest Demon Deacons,Miami Hurricanes,fanduel,Wake Forest Demon Deacons,20.5,-106
2026-09-18T15:49:27Z,720451b07d54e435c9be484ef73ea211,2026-09-18T23:30:00Z,Wake Forest Demon Deacons,Miami Hurricanes,betmgm,Miami Hurricanes,-20.5,-110
2026-09-18T15:49:27Z,720451b07d54e435c9be484ef73ea211,2026-09-18T23:30:00Z,Wake Forest Demon Deacons,Miami Hurricanes,betmgm,Wake Forest Demon Deacons,20.5,-118
2026-09-18T15:49:27Z,720451b07d54e435c9be484ef73ea211,2026-09-18T23:30:00Z,Wake Forest Demon Deacons,Miami Hurricanes,betrivers,Miami Hurricanes,-21.0,-109
2026-09-18T15:49:27Z,720451b07d54e435c9be484ef73ea211,2026-09-18T23:30:00Z,Wake Forest Demon Deacons,Miami Hurricanes,betrivers,Wake Forest Demon Deacons,21.0,-114
2026-09-18T15:49:27Z,720451b07d54e435c9be484ef73ea211,2026-09-18T23:30:00Z,Wake Forest Demon Deacons,Miami Hurricanes,bovada,Miami Hurricanes,-20.0,-110
2026-09-18T15:49:27Z,720451b07d54e435c9be484ef73ea211,2026-09-18T23:30:00Z,Wake Forest Demon Deacons,Miami Hurricanes,bovada,Wake Forest Demon Deacons,20.0,-110
2026-09-18T15:49:27Z,7311bf775464ae97893928e22512bb47,2026-09-19T00:00:00Z,Texas Tech Red Raiders,Houston Cougars,draftkings,Houston Cougars,7.5,-112
2026-09-18T15:49:27Z,7311bf775464ae97893928e22512bb47,2026-09-19T00:00:00Z,Texas Tech Red Raiders,Houston Cougars,draftkings,Texas Tech Red Raiders,-7.5,-108
2026-09-18T15:49:27Z,7311bf775464ae97893928e22512bb47,2026-09-19T00:00:00Z,Texas Tech Red Raiders,Houston Cougars,betrivers,Houston Cougars,7.5,-110
2026-09-18T15:49:27Z,7311bf775464ae97893928e22512bb47,2026-09-19T00:00:00Z,Texas Tech Red Raiders,Houston Cougars,betrivers,Texas Tech Red Raiders,-7.5,-113
2026-09-18T15:49:27Z,7311bf775464ae97893928e22512bb47,2026-09-19T00:00:00Z,Texas Tech Red Raiders,Houston Cougars,lowvig,Houston Cougars,7.5,-107
2026-09-18T15:49:27Z,7311bf775464ae97893928e22512bb47,2026-09-19T00:00:00Z,Texas Tech Red Raiders,Houston Cougars,lowvig,Texas Tech Red Raiders,-7.5,-105
2026-09-18T15:49:27Z,7311bf775464ae97893928e22512bb47,2026-09-19T00:00:00Z,Texas Tech Red Raiders,Houston Cougars,betonlineag,Houston Cougars,7.5,-108
2026-09-18T15:49:27Z,7311bf775464ae97893928e22512bb47,2026-09-19T00:00:00Z,Texas Tech Red Raiders,Houston Cougars,betonlineag,Texas Tech Red Raiders,-7.5,-112
2026-09-18T15:49:27Z,7311bf775464ae97893928e22512bb47,2026-09-19T00:00:00Z,Texas Tech Red Raiders,Houston Cougars,bovada,Houston Cougars,8.0,-115
2026-09-18T15:49:27Z,7311bf775464ae97893928e22512bb47,2026-09-19T00:00:00Z,Texas Tech Red Raiders,Houston Cougars,bovada,Texas Tech Red Raiders,-8.0,-105
2026-09-18T15:49:27Z,5658a82b80479ea42281da7d3e3e1337,2026-09-19T02:30:00Z,Oregon Ducks,Portland State Vikings,betrivers,Oregon Ducks,-58.5,-108
2026-09-18T15:49:27Z,5658a82b80479ea42281da7d3e3e1337,2026-09-19T02:30:00Z,Oregon Ducks,Portland State Vikings,betrivers,Portland State Vikings,58.5,-114
2026-09-18T15:49:27Z,5658a82b80479ea42281da7d3e3e1337,2026-09-19T02:30:00Z,Oregon Ducks,Portland State Vikings,draftkings,Oregon Ducks,-58.5,-110
2026-09-18T15:49:27Z,5658a82b80479ea42281da7d3e3e1337,2026-09-19T02:30:00Z,Oregon Ducks,Portland State Vikings,draftkings,Portland State Vikings,58.5,-110
2026-09-18T15:49:27Z,5658a82b80479ea42281da7d3e3e1337,2026-09-19T02:30:00Z,Oregon Ducks,Portland State Vikings,betonlineag,Oregon Ducks,-58.5,-115
2026-09-18T15:49:27Z,5658a82b80479ea42281da7d3e3e1337,2026-09-19T02:30:00Z,Oregon Ducks,Portland State Vikings,betonlineag,Portland State Vikings,58.5,-105
2026-09-18T15:49:27Z,5658a82b80479ea42281da7d3e3e1337,2026-09-19T02:30:00Z,Oregon Ducks,Portland State Vikings,lowvig,Oregon Ducks,-58.5,-115
2026-09-18T15:49:27Z,5658a82b80479ea42281da7d3e3e1337,2026-09-19T02:30:00Z,Oregon Ducks,Portland State Vikings,lowvig,Portland State Vikings,58.5,-105
2026-09-18T15:49:27Z,5658a82b80479ea42281da7d3e3e1337,2026-09-19T02:30:00Z,Oregon Ducks,Portland State Vikings,betmgm,Oregon Ducks,-58.5,100
2026-09-18T15:49:27Z,5658a82b80479ea42281da7d3e3e1337,2026-09-19T02:30:00Z,Oregon Ducks,Portland State Vikings,betmgm,Portland State Vikings,58.5,-120
2026-09-18T15:49:27Z,5658a82b80479ea42281da7d3e3e1337,2026-09-19T02:30:00Z,Oregon Ducks,Portland State Vikings,bovada,Oregon Ducks,-57.5,-125
2026-09-18T15:49:27Z,5658a82b80479ea42281da7d3e3e1337,2026-09-19T02:30:00Z,Oregon Ducks,Portland State Vikings,bovada,Portland State Vikings,57.5,105
2026-09-18T15:49:27Z,529a333381665c34d05b290d2c9eb5b9,2026-09-19T15:30:00Z,Delaware Blue Hens,Coastal Carolina Chanticleers,fanduel,Coastal Carolina Chanticleers,4.5,-104
2026-09-18T15:49:27Z,529a333381665c34d05b290d2c9eb5b9,2026-09-19T15:30:00Z,Delaware Blue Hens,Coastal Carolina Chanticleers,fanduel,Delaware Blue Hens,-4.5,-118
2026-09-18T15:49:27Z,529a333381665c34d05b290d2c9eb5b9,2026-09-19T15:30:00Z,Delaware Blue Hens,Coastal Carolina Chanticleers,betrivers,Coastal Carolina Chanticleers,5.5,-110
2026-09-18T15:49:27Z,529a333381665c34d05b290d2c9eb5b9,2026-09-19T15:30:00Z,Delaware Blue Hens,Coastal Carolina Chanticleers,draftkings,Coastal Carolina Chanticleers,5.5,-115
2026-09-18T15:49:27Z,529a333381665c34d05b290d2c9eb5b9,2026-09-19T15:30:00Z,Delaware Blue Hens,Coastal Carolina Chanticleers,draftkings,Delaware Blue Hens,-5.5,-105
2026-09-18T15:49:27Z,529a333381665c34d05b290d2c9eb5b9,2026-09-19T15:30:00Z,Delaware Blue Hens,Coastal Carolina Chanticleers,betmgm,Coastal Carolina Chanticleers,5.5,-110
2026-09-18T15:49:27Z,529a333381665c34d05b290d2c9eb5b9,2026-09-19T15:30:00Z,Delaware Blue Hens,Coastal Carolina Chanticleers,betmgm,Delaware Blue Hens,-5.5,-108
2026-09-18T15:49:27Z,5bc9efd5f27827a26c1cf8744bb8c2b1,2026-09-19T16:00:00Z,Minnesota Golden Gophers,Akron Zips,betrivers,Minnesota Golden Gophers,-23.5,-114
2026-09-18T15:49:27Z,5bc9efd5f27827a26c1cf8744bb8c2b1,2026-09-19T16:00:00Z,Minnesota Golden Gophers,Akron Zips,lowvig,Akron Zips,23.0,-111
2026-09-18T15:49:27Z,5bc9efd5f27827a26c1cf8744bb8c2b1,2026-09-19T16:00:00Z,Minnesota Golden Gophers,Akron Zips,lowvig,Minnesota Golden Gophers,-23.0,-101
2026-09-18T15:49:27Z,5bc9efd5f27827a26c1cf8744bb8c2b1,2026-09-19T16:00:00Z,Minnesota Golden Gophers,Akron Zips,betonlineag,Akron Zips,23.0,-115
2026-09-18T15:49:27Z,5bc9efd5f27827a26c1cf8744bb8c2b1,2026-09-19T16:00:00Z,Minnesota Golden Gophers,Akron Zips,betonlineag,Minnesota Golden Gophers,-23.0,-105
2026-09-18T15:49:27Z,01e9c4d460a55375a75d025e2b1ddbf5,2026-09-19T16:00:00Z,Arkansas Razorbacks,Georgia Bulldogs,betmgm,Arkansas Razorbacks,24.5,-110
2026-09-18T15:49:27Z,01e9c4d460a55375a75d025e2b1ddbf5,2026-09-19T16:00:00Z,Arkansas Razorbacks,Georgia Bulldogs,betmgm,Georgia Bulldogs,-24.5,-118
2026-09-18T15:49:27Z,9a69dbd474c6181a4c51f397b9b25d38,2026-09-19T16:00:00Z,Iowa State Cyclones,Bowling Green Falcons,betrivers,Bowling Green Falcons,24.0,-112
2026-09-18T15:49:27Z,9a69dbd474c6181a4c51f397b9b25d38,2026-09-19T16:00:00Z,Iowa State Cyclones,Bowling Green Falcons,betrivers,Iowa State Cyclones,-24.0,-110
2026-09-18T15:49:27Z,9a69dbd474c6181a4c51f397b9b25d38,2026-09-19T16:00:00Z,Iowa State Cyclones,Bowling Green Falcons,draftkings,Bowling Green Falcons,23.5,100
2026-09-18T15:49:27Z,9a69dbd474c6181a4c51f397b9b25d38,2026-09-19T16:00:00Z,Iowa State Cyclones,Bowling Green Falcons,draftkings,Iowa State Cyclones,-23.5,-120
2026-09-18T15:49:27Z,36baf28c66c363255bb0cd88b6aaf914,2026-09-19T16:00:00Z,Penn State Nittany Lions,Buffalo Bulls,draftkings,Buffalo Bulls,40.5,-102
2026-09-18T15:49:27Z,36baf28c66c363255bb0cd88b6aaf914,2026-09-19T16:00:00Z,Penn State Nittany Lions,Buffalo Bulls,draftkings,Penn State Nittany Lions,-40.5,-118
2026-09-18T15:49:27Z,3fe3d77e009a7f205cce737523609a86,2026-09-19T16:00:00Z,Clemson Tigers,North Carolina Tar Heels,draftkings,Clemson Tigers,-3.0,-112
2026-09-18T15:49:27Z,3fe3d77e009a7f205cce737523609a86,2026-09-19T16:00:00Z,Clemson Tigers,North Carolina Tar Heels,draftkings,North Carolina Tar Heels,3.0,-108
2026-09-18T15:49:27Z,3fe3d77e009a7f205cce737523609a86,2026-09-19T16:00:00Z,Clemson Tigers,North Carolina Tar Heels,lowvig,Clemson Tigers,-3.0,-106
2026-09-18T15:49:27Z,3fe3d77e009a7f205cce737523609a86,2026-09-19T16:00:00Z,Clemson Tigers,North Carolina Tar Heels,lowvig,North Carolina Tar Heels,3.0,-106
2026-09-18T15:49:27Z,3fe3d77e009a7f205cce737523609a86,2026-09-19T16:00:00Z,Clemson Tigers,North Carolina Tar Heels,betonlineag,Clemson Tigers,-3.0,-110
2026-09-18T15:49:27Z,3fe3d77e009a7f205cce737523609a86,2026-09-19T16:00:00Z,Clemson Tigers,North Carolina Tar Heels,betonlineag,North Carolina Tar Heels,3.0,-110
2026-09-18T15:49:27Z,3fe3d77e009a7f205cce737523609a86,2026-09-19T16:00:00Z,Clemson Tigers,North Carolina Tar Heels,betmgm,Clemson Tigers,-3.0,-112
2026-09-18T15:49:27Z,3fe3d77e009a7f205cce737523609a86,2026-09-19T16:00:00Z,Clemson Tigers,North Carolina Tar Heels,betus,Clemson Tigers,-3.0,-110
2026-09-18T15:49:27Z,3fe3d77e009a7f205cce737523609a86,2026-09-19T16:00:00Z,Clemson Tigers,North Carolina Tar Heels,betus,North Carolina Tar Heels,3.0,-110
2026-09-18T15:49:27Z,3514404f321e9cf55f11222c8e36233b,2026-09-19T16:00:00Z,Georgia Tech Yellow Jackets,Mercer Bears,betrivers,Georgia Tech Yellow Jackets,-40.5,-110
2026-09-18T15:49:27Z,3514404f321e9cf55f11222c8e36233b,2026-09-19T16:00:00Z,Georgia Tech Yellow Jackets,Mercer Bears,betrivers,Mercer Bears,40.5,-113
2026-09-18T15:49:27Z,3514404f321e9cf55f11222c8e36233b,2026-09-19T16:00:00Z,Georgia Tech Yellow Jackets,Mercer Bears,draftkings,Georgia Tech Yellow Jackets,-38.5,-110
2026-09-18T15:49:27Z,3514404f321e9cf55f11222c8e36233b,2026-09-19T16:00:00Z,Georgia Tech Yellow Jackets,Mercer Bears,draftkings,Mercer Bears,38.5,-110
2026-09-18T15:49:27Z,3514404f321e9cf55f11222c8e36233b,2026-09-19T16:00:00Z,Georgia Tech Yellow Jackets,Mercer Bears,betonlineag,Georgia Tech Yellow Jackets,-39.5,-125
2026-09-18T15:49:27Z,3514404f321e9cf55f11222c8e36233b,2026-09-19T16:00:00Z,Georgia Tech Yellow Jackets,Mercer Bears,betonlineag,Mercer Bears,39.5,-105
2026-09-18T15:49:27Z,3514404f321e9cf55f11222c8e36233b,2026-09-19T16:00:00Z,Georgia Tech Yellow Jackets,Mercer Bears,lowvig,Georgia Tech Yellow Jackets,-39.5,-125
2026-09-18T15:49:27Z,3514404f321e9cf55f11222c8e36233b,2026-09-19T16:00:00Z,Georgia Tech Yellow Jackets,Mercer Bears,lowvig,Mercer Bears,39.5,-105
2026-09-18T15:49:27Z,3514404f321e9cf55f11222c8e36233b,2026-09-19T16:00:00Z,Georgia Tech Yellow Jackets,Mercer Bears,betmgm,Georgia Tech Yellow Jackets,-39.5,-110
2026-09-18T15:49:27Z,3514404f321e9cf55f11222c8e36233b,2026-09-19T16:00:00Z,Georgia Tech Yellow Jackets,Mercer Bears,betmgm,Mercer Bears,39.5,-108
2026-09-18T15:49:27Z,3514404f321e9cf55f11222c8e36233b,2026-09-19T16:00:00Z,Georgia Tech Yellow Jackets,Mercer Bears,bovada,Georgia Tech Yellow Jackets,-38.5,-115
2026-09-18T15:49:27Z,3514404f321e9cf55f11222c8e36233b,2026-09-19T16:00:00Z,Georgia Tech Yellow Jackets,Mercer Bears,bovada,Mercer Bears,38.5,-105
2026-09-18T15:49:27Z,6eee31d7778965a3e617f10146619c1d,2026-09-19T16:00:00Z,Ohio State Buckeyes,Kent State Golden Flashes,betmgm,Kent State Golden Flashes,52.5,-112
2026-09-18T15:49:27Z,bd7ae9e585a6595f7d308d45e1bf35e3,2026-09-19T16:30:00Z,Wisconsin Badgers,Eastern Michigan Eagles,draftkings,Eastern Michigan Eagles,23.5,-108
2026-09-18T15:49:27Z,bd7ae9e585a6595f7d308d45e1bf35e3,2026-09-19T16:30:00Z,Wisconsin Badgers,Eastern Michigan Eagles,draftkings,Wisconsin Badgers,-23.5,-112
2026-09-18T15:49:27Z,2e9835b129f8b8055d4a24f736547363,2026-09-19T16:45:00Z,Vanderbilt Commodores,NC State Wolfpack,fanduel,NC State Wolfpack,3.5,-110
2026-09-18T15:49:27Z,2e9835b129f8b8055d4a24f736547363,2026-09-19T16:45:00Z,Vanderbilt Commodores,NC State Wolfpack,fanduel,Vanderbilt Commodores,-3.5,-110
2026-09-18T15:49:27Z,2e9835b129f8b8055d4a24f736547363,2026-09-19T16:45:00Z,Vanderbilt Commodores,NC State Wolfpack,betmgm,NC State Wolfpack,3.5,-112
2026-09-18T15:49:27Z,2e9835b129f8b8055d4a24f736547363,2026-09-19T16:45:00Z,Vanderbilt Commodores,NC State Wolfpack,betmgm,Vanderbilt Commodores,-3.5,-105
2026-09-18T15:49:27Z,26a76b78050ad3953d2d41dbeecd5a07,2026-09-19T17:00:00Z,Central Michigan Chippewas,Wyoming Cowboys,fanduel,Central Michigan Chippewas,1.5,-115
2026-09-18T15:49:27Z,26a76b78050ad3953d2d41dbeecd5a07,2026-09-19T17:00:00Z,Central Michigan Chippewas,Wyoming Cowboys,fanduel,Wyoming Cowboys,-1.5,-105
2026-09-18T15:49:27Z,08a2eb7afbd58ee7a8fb47bb4142eded,2026-09-19T18:00:00Z,Boston College Eagles,Maine Black Bears,bovada,Boston College Eagles,-38.5,-110
2026-09-18T15:49:27Z,08a2eb7afbd58ee7a8fb47bb4142eded,2026-09-19T18:00:00Z,Boston College Eagles,Maine Black Bears,bovada,Maine Black Bears,38.5,-110
2026-09-18T15:49:27Z,578e82a8bc67101e9eba884729ffcc69,2026-09-19T18:00:00Z,Illinois Fighting Illini,Southern Illinois Salukis,betrivers,Illinois Fighting Illini,-38.5,-113
2026-09-18T15:49:27Z,578e82a8bc67101e9eba884729ffcc69,2026-09-19T18:00:00Z,Illinois Fighting Illini,Southern Illinois Salukis,betrivers,Southern Illinois Salukis,38.5,-110
2026-09-18T15:49:27Z,578e82a8bc67101e9eba884729ffcc69,2026-09-19T18:00:00Z,Illinois Fighting Illini,Southern Illinois Salukis,bovada,Illinois Fighting Illini,-38.5,-115
2026-09-18T15:49:27Z,578e82a8bc67101e9eba884729ffcc69,2026-09-19T18:00:00Z,Illinois Fighting Illini,Southern Illinois Salukis,bovada,Southern Illinois Salukis,38.5,-105
2026-09-18T15:49:27Z,a85cea77fbd44d9135461815777f6a9c,2026-09-19T19:30:00Z,Alabama Crimson Tide,Florida State Seminoles,betmgm,Alabama Crimson Tide,-19.5,-110
2026-09-18T15:49:27Z,a85cea77fbd44d9135461815777f6a9c,2026-09-19T19:30:00Z,Alabama Crimson Tide,Florida State Seminoles,betmgm,Florida State Seminoles,19.5,-108
2026-09-18T15:49:27Z,a85cea77fbd44d9135461815777f6a9c,2026-09-19T19:30:00Z,Alabama Crimson Tide,Florida State Seminoles,fanduel,Alabama Crimson Tide,-19.5,-110
2026-09-18T15:49:27Z,a85cea77fbd44d9135461815777f6a9c,2026-09-19T19:30:00Z,Alabama Crimson Tide,Florida State Seminoles,fanduel,Florida State Seminoles,19.5,-110
2026-09-18T15:49:27Z,a85cea77fbd44d9135461815777f6a9c,2026-09-19T19:30:00Z,Alabama Crimson Tide,Florida State Seminoles,betrivers,Alabama Crimson Tide,-20.0,-112
2026-09-18T15:49:27Z,a85cea77fbd44d9135461815777f6a9c,2026-09-19T19:30:00Z,Alabama Crimson Tide,Florida State Seminoles,betrivers,Florida State Seminoles,20.0,-112
2026-09-18T15:49:27Z,a85cea77fbd44d9135461815777f6a9c,2026-09-19T19:30:00Z,Alabama Crimson Tide,Florida State Seminoles,bovada,Alabama Crimson Tide,-20.0,-110
2026-09-18T15:49:27Z,a85cea77fbd44d9135461815777f6a9c,2026-09-19T19:30:00Z,Alabama Crimson Tide,Florida State Seminoles,bovada,Florida State Seminoles,20.0,-110
2026-09-18T15:49:27Z,15ebe2df1d91e584d091d509e70a1a71,2026-09-19T19:30:00Z,Cincinnati Bearcats,Miami (OH) RedHawks,fanduel,Cincinnati Bearcats,-15.5,-110
2026-09-18T15:49:27Z,15ebe2df1d91e584d091d509e70a1a71,2026-09-19T19:30:00Z,Cincinnati Bearcats,Miami (OH) RedHawks,fanduel,Miami (OH) RedHawks,15.5,-110
2026-09-18T15:49:27Z,15ebe2df1d91e584d091d509e70a1a71,2026-09-19T19:30:00Z,Cincinnati Bearcats,Miami (OH) RedHawks,betrivers,Cincinnati Bearcats,-14.5,-109
2026-09-18T15:49:27Z,15ebe2df1d91e584d091d509e70a1a71,2026-09-19T19:30:00Z,Cincinnati Bearcats,Miami (OH) RedHawks,betrivers,Miami (OH) RedHawks,14.5,-114
2026-09-18T15:49:27Z,8bdb9d65119df877f2e2ec632d28fef1,2026-09-19T19:30:00Z,Washington State Cougars,Duquesne Dukes,betmgm,Duquesne Dukes,38.5,-108
2026-09-18T15:49:27Z,8bdb9d65119df877f2e2ec632d28fef1,2026-09-19T19:30:00Z,Washington State Cougars,Duquesne Dukes,betmgm,Washington State Cougars,-38.5,-110
2026-09-18T15:49:27Z,8bdb9d65119df877f2e2ec632d28fef1,2026-09-19T19:30:00Z,Washington State Cougars,Duquesne Dukes,bovada,Duquesne Dukes,38.5,-105
2026-09-18T15:49:27Z,8bdb9d65119df877f2e2ec632d28fef1,2026-09-19T19:30:00Z,Washington State Cougars,Duquesne Dukes,bovada,Washington State Cougars,-38.5,-115
2026-09-18T15:49:27Z,d2da9e958e6f4800929ff9411b697a4b,2026-09-19T19:30:00Z,Texas A&M Aggies,Kentucky Wildcats,draftkings,Kentucky Wildcats,16.5,-102
2026-09-18T15:49:27Z,d2da9e958e6f4800929ff9411b697a4b,2026-09-19T19:30:00Z,Texas A&M Aggies,Kentucky Wildcats,draftkings,Texas A&M Aggies,-16.5,-118
2026-09-18T15:49:27Z,dbcfc3184e20d1ea45e910b89585071f,2026-09-19T19:30:00Z,Louisville Cardinals,SMU Mustangs,betmgm,Louisville Cardinals,-1.5,-108
2026-09-18T15:49:27Z,8b31d45a11a98ec8e6a9a9a5368a1bf4,2026-09-19T19:30:00Z,Rutgers Scarlet Knights,USC Trojans,fanduel,Rutgers Scarlet Knights,21.5,-108
2026-09-18T15:49:27Z,8b31d45a11a98ec8e6a9a9a5368a1bf4,2026-09-19T19:30:00Z,Rutgers Scarlet Knights,USC Trojans,fanduel,USC Trojans,-21.5,-112
2026-09-18T15:49:27Z,8b31d45a11a98ec8e6a9a9a5368a1bf4,2026-09-19T19:30:00Z,Rutgers Scarlet Knights,USC Trojans,betmgm,Rutgers Scarlet Knights,21.5,-108
2026-09-18T15:49:27Z,8b31d45a11a98ec8e6a9a9a5368a1bf4,2026-09-19T19:30:00Z,Rutgers Scarlet Knights,USC Trojans,betmgm,USC Trojans,-21.5,-110
2026-09-18T15:49:27Z,a25ab1dfd8fdb11a06a6a4b5c707d266,2026-09-19T19:30:00Z,UMass Minutemen,Stonehill Skyhawks,betrivers,Stonehill Skyhawks,33.0,-113
2026-09-18T15:49:27Z,a25ab1dfd8fdb11a06a6a4b5c707d266,2026-09-19T19:30:00Z,UMass Minutemen,Stonehill Skyhawks,betrivers,UMass Minutemen,-33.0,-109
2026-09-18T15:49:27Z,a25ab1dfd8fdb11a06a6a4b5c707d266,2026-09-19T19:30:00Z,UMass Minutemen,Stonehill Skyhawks,bovada,Stonehill Skyhawks,33.5,-105
2026-09-18T15:49:27Z,a25ab1dfd8fdb11a06a6a4b5c707d266,2026-09-19T19:30:00Z,UMass Minutemen,Stonehill Skyhawks,bovada,UMass Minutemen,-33.5,-115
2026-09-18T15:49:27Z,9a94b95365b9c78fbfb612ce4c859eda,2026-09-19T19:30:00Z,Utah Utes,Utah State Aggies,betrivers,Utah State Aggies,28.0,-112
2026-09-18T15:49:27Z,9a94b95365b9c78fbfb612ce4c859eda,2026-09-19T19:30:00Z,Utah Utes,Utah State Aggies,betrivers,Utah Utes,-28.0,-112
2026-09-18T15:49:27Z,089e1a60578160dd6828794656461ba5,2026-09-19T20:00:00Z,Liberty Flames,Ball State Cardinals,draftkings,Ball State Cardinals,14.5,-112
2026-09-18T15:49:27Z,089e1a60578160dd6828794656461ba5,2026-09-19T20:00:00Z,Liberty Flames,Ball State Cardinals,draftkings,Liberty Flames,-14.5,-108
2026-09-18T15:49:27Z,089e1a60578160dd6828794656461ba5,2026-09-19T20:00:00Z,Liberty Flames,Ball State Cardinals,betmgm,Ball State Cardinals,14.5,-110
2026-09-18T15:49:27Z,089e1a60578160dd6828794656461ba5,2026-09-19T20:00:00Z,Liberty Flames,Ball State Cardinals,betmgm,Liberty Flames,-14.5,-108
2026-09-18T15:49:27Z,790266884d07b6c2aeed8efc216ba610,2026-09-19T20:00:00Z,Baylor Bears,Louisiana Tech Bulldogs,draftkings,Baylor Bears,-19.5,-115
2026-09-18T15:49:27Z,790266884d07b6c2aeed8efc216ba610,2026-09-19T20:00:00Z,Baylor Bears,Louisiana Tech Bulldogs,draftkings,Louisiana Tech Bulldogs,19.5,-105
2026-09-18T15:49:27Z,790266884d07b6c2aeed8efc216ba610,2026-09-19T20:00:00Z,Baylor Bears,Louisiana Tech Bulldogs,betrivers,Baylor Bears,-18.5,-112
2026-09-18T15:49:27Z,790266884d07b6c2aeed8efc216ba610,2026-09-19T20:00:00Z,Baylor Bears,Louisiana Tech Bulldogs,betrivers,Louisiana Tech Bulldogs,18.5,-112
2026-09-18T15:49:27Z,3c742aa7dc1c1da030846964a72de370,2026-09-19T20:00:00Z,Duke Blue Devils,Stanford Cardinal,fanduel,Duke Blue Devils,-10.5,-104
2026-09-18T15:49:27Z,3c742aa7dc1c1da030846964a72de370,2026-09-19T20:00:00Z,Duke Blue Devils,Stanford Cardinal,fanduel,Stanford Cardinal,10.5,-118
2026-09-18T15:49:27Z,3c742aa7dc1c1da030846964a72de370,2026-09-19T20:00:00Z,Duke Blue Devils,Stanford Cardinal,betmgm,Duke Blue Devils,-10.0,-110
2026-09-18T15:49:27Z,3c742aa7dc1c1da030846964a72de370,2026-09-19T20:00:00Z,Duke Blue Devils,Stanford Cardinal,betmgm,Stanford Cardinal,10.0,-108
2026-09-18T15:49:27Z,f459decff5e212a417df01fead33b180,2026-09-19T20:00:00Z,Indiana Hoosiers,Western Kentucky Hilltoppers,lowvig,Indiana Hoosiers,-44.5,-114
2026-09-18T15:49:27Z,f459decff5e212a417df01fead33b180,2026-09-19T20:00:00Z,Indiana Hoosiers,Western Kentucky Hilltoppers,lowvig,Western Kentucky Hilltoppers,44.5,102
2026-09-18T15:49:27Z,f459decff5e212a417df01fead33b180,2026-09-19T20:00:00Z,Indiana Hoosiers,Western Kentucky Hilltoppers,betonlineag,Indiana Hoosiers,-44.5,-118
2026-09-18T15:49:27Z,f459decff5e212a417df01fead33b180,2026-09-19T20:00:00Z,Indiana Hoosiers,Western Kentucky Hilltoppers,betonlineag,Western Kentucky Hilltoppers,44.5,-102
2026-09-18T15:49:27Z,f459decff5e212a417df01fead33b180,2026-09-19T20:00:00Z,Indiana Hoosiers,Western Kentucky Hilltoppers,betus,Indiana Hoosiers,-44.5,-115
2026-09-18T15:49:27Z,f459decff5e212a417df01fead33b180,2026-09-19T20:00:00Z,Indiana Hoosiers,Western Kentucky Hilltoppers,betus,Western Kentucky Hilltoppers,44.5,-105
2026-09-18T15:49:27Z,f459decff5e212a417df01fead33b180,2026-09-19T20:00:00Z,Indiana Hoosiers,Western Kentucky Hilltoppers,betmgm,Indiana Hoosiers,-44.5,-112
2026-09-18T15:49:27Z,f459decff5e212a417df01fead33b180,2026-09-19T20:00:00Z,Indiana Hoosiers,Western Kentucky Hilltoppers,betmgm,Western Kentucky Hilltoppers,44.5,-105
2026-09-18T15:49:27Z,1d773c6e9934d12970ba222e96ec4c80,2026-09-19T20:00:00Z,Iowa Hawkeyes,Northern Iowa Panthers,lowvig,Iowa Hawkeyes,-38.5,-105
2026-09-18T15:49:27Z,1d773c6e9934d12970ba222e96ec4c80,2026-09-19T20:00:00Z,Iowa Hawkeyes,Northern Iowa Panthers,lowvig,Northern Iowa Panthers,38.5,-125
2026-09-18T15:49:27Z,1d773c6e9934d12970ba222e96ec4c80,2026-09-19T20:00:00Z,Iowa Hawkeyes,Northern Iowa Panthers,betonlineag,Iowa Hawkeyes,-38.5,-105
2026-09-18T15:49:27Z,1d773c6e9934d12970ba222e96ec4c80,2026-09-19T20:00:00Z,Iowa Hawkeyes,Northern Iowa Panthers,betonlineag,Northern Iowa Panthers,38.5,-125
2026-09-18T15:49:27Z,1d773c6e9934d12970ba222e96ec4c80,2026-09-19T20:00:00Z,Iowa Hawkeyes,Northern Iowa Panthers,betmgm,Iowa Hawkeyes,-38.5,-110
2026-09-18T15:49:27Z,1d773c6e9934d12970ba222e96ec4c80,2026-09-19T20:00:00Z,Iowa Hawkeyes,Northern Iowa Panthers,betmgm,Northern Iowa Panthers,38.5,-108
2026-09-18T15:49:27Z,1d773c6e9934d12970ba222e96ec4c80,2026-09-19T20:00:00Z,Iowa Hawkeyes,Northern Iowa Panthers,bovada,Iowa Hawkeyes,-39.5,-110
2026-09-18T15:49:27Z,1d773c6e9934d12970ba222e96ec4c80,2026-09-19T20:00:00Z,Iowa Hawkeyes,Northern Iowa Panthers,bovada,Northern Iowa Panthers,39.5,-110
2026-09-18T15:49:27Z,a4e7771497976db67e6a81bc3700b32f,2026-09-19T20:15:00Z,South Carolina Gamecocks,Mississippi State Bulldogs,betmgm,Mississippi State Bulldogs,4.0,-110
2026-09-18T15:49:27Z,a4e7771497976db67e6a81bc3700b32f,2026-09-19T20:15:00Z,South Carolina Gamecocks,Mississippi State Bulldogs,betmgm,South Carolina Gamecocks,-4.0,-108
2026-09-18T15:49:27Z,09e86b2dd47d075b2fddb3174d21b1ac,2026-09-19T20:30:00Z,UL Monroe Warhawks,Southeastern Louisiana Lions,betrivers,Southeastern Louisiana Lions,11.0,-113
2026-09-18T15:49:27Z,09e86b2dd47d075b2fddb3174d21b1ac,2026-09-19T20:30:00Z,UL Monroe Warhawks,Southeastern Louisiana Lions,betrivers,UL Monroe Warhawks,-11.0,-109
2026-09-18T15:49:27Z,09e86b2dd47d075b2fddb3174d21b1ac,2026-09-19T20:30:00Z,UL Monroe Warhawks,Southeastern Louisiana Lions,bovada,Southeastern Louisiana Lions,10.5,-115
2026-09-18T15:49:27Z,09e86b2dd47d075b2fddb3174d21b1ac,2026-09-19T20:30:00Z,UL Monroe Warhawks,Southeastern Louisiana Lions,bovada,UL Monroe Warhawks,-10.5,-105
2026-09-18T15:49:27Z,3db3de2fb9101f01f676c1f319837667,2026-09-19T22:00:00Z,Appalachian State Mountaineers,Charlotte 49ers,draftkings,Appalachian State Mountaineers,-17.5,-105
2026-09-18T15:49:27Z,3db3de2fb9101f01f676c1f319837667,2026-09-19T22:00:00Z,Appalachian State Mountaineers,Charlotte 49ers,draftkings,Charlotte 49ers,17.5,-115
2026-09-18T15:49:27Z,3db3de2fb9101f01f676c1f319837667,2026-09-19T22:00:00Z,Appalachian State Mountaineers,Charlotte 49ers,betmgm,Charlotte 49ers,17.0,-110
2026-09-18T15:49:27Z,3db3de2fb9101f01f676c1f319837667,2026-09-19T22:00:00Z,Appalachian State Mountaineers,Charlotte 49ers,fanduel,Appalachian State Mountaineers,-17.5,-104
2026-09-18T15:49:27Z,3db3de2fb9101f01f676c1f319837667,2026-09-19T22:00:00Z,Appalachian State Mountaineers,Charlotte 49ers,fanduel,Charlotte 49ers,17.5,-118
2026-09-18T15:49:27Z,3db3de2fb9101f01f676c1f319837667,2026-09-19T22:00:00Z,Appalachian State Mountaineers,Charlotte 49ers,bovada,Appalachian State Mountaineers,-17.0,-115
2026-09-18T15:49:27Z,3db3de2fb9101f01f676c1f319837667,2026-09-19T22:00:00Z,Appalachian State Mountaineers,Charlotte 49ers,bovada,Charlotte 49ers,17.0,-105
2026-09-18T15:49:27Z,436d9422da324c807b9d2fb50a2ef62a,2026-09-19T22:00:00Z,Old Dominion Monarchs,East Carolina Pirates,draftkings,East Carolina Pirates,3.0,-115
2026-09-18T15:49:27Z,436d9422da324c807b9d2fb50a2ef62a,2026-09-19T22:00:00Z,Old Dominion Monarchs,East Carolina Pirates,draftkings,Old Dominion Monarchs,-3.0,-105
2026-09-18T15:49:27Z,da4cee8b35281f4528d3dd939d42814d,2026-09-19T22:00:00Z,Florida Atlantic Owls,Florida International Panthers,betrivers,Florida Atlantic Owls,-6.5,-108
2026-09-18T15:49:27Z,da4cee8b35281f4528d3dd939d42814d,2026-09-19T22:00:00Z,Florida Atlantic Owls,Florida International Panthers,betrivers,Florida International Panthers,6.5,-115
2026-09-18T15:49:27Z,fa9113ed354c9a40e487f5b923b4238f,2026-09-19T22:30:00Z,Missouri State Bears,Marshall Thundering Herd,draftkings,Marshall Thundering Herd,-4.0,-110
2026-09-18T15:49:27Z,fa9113ed354c9a40e487f5b923b4238f,2026-09-19T22:30:00Z,Missouri State Bears,Marshall Thundering Herd,draftkings,Missouri State Bears,4.0,-110
2026-09-18T15:49:27Z,fa9113ed354c9a40e487f5b923b4238f,2026-09-19T22:30:00Z,Missouri State Bears,Marshall Thundering Herd,betonlineag,Marshall Thundering Herd,-4.0,-110
2026-09-18T15:49:27Z,fa9113ed354c9a40e487f5b923b4238f,2026-09-19T22:30:00Z,Missouri State Bears,Marshall Thundering Herd,betonlineag,Missouri State Bears,4.0,-110
2026-09-18T15:49:27Z,fa9113ed354c9a40e487f5b923b4238f,2026-09-19T22:30:00Z,Missouri State Bears,Marshall Thundering Herd,lowvig,Marshall Thundering Herd,-4.0,-106
2026-09-18T15:49:27Z,fa9113ed354c9a40e487f5b923b4238f,2026-09-19T22:30:00Z,Missouri State Bears,Marshall Thundering Herd,lowvig,Missouri State Bears,4.0,-106
2026-09-18T15:49:27Z,fa9113ed354c9a40e487f5b923b4238f,2026-09-19T22:30:00Z,Missouri State Bears,Marshall Thundering Herd,bovada,Marshall Thundering Herd,-4.0,-110
2026-09-18T15:49:27Z,fa9113ed354c9a40e487f5b923b4238f,2026-09-19T22:30:00Z,Missouri State Bears,Marshall Thundering Herd,bovada,Missouri State Bears,4.0,-110
2026-09-18T15:49:27Z,fa9113ed354c9a40e487f5b923b4238f,2026-09-19T22:30:00Z,Missouri State Bears,Marshall Thundering Herd,betmgm,Marshall Thundering Herd,-3.5,-118
2026-09-18T15:49:27Z,fa9113ed354c9a40e487f5b923b4238f,2026-09-19T22:30:00Z,Missouri State Bears,Marshall Thundering Herd,betmgm,Missouri State Bears,3.5,-110
2026-09-18T15:49:27Z,7ef3b27d15de635a3e05324f2b0c56cb,2026-09-19T23:00:00Z,Auburn Tigers,Florida Gators,betmgm,Auburn Tigers,2.0,-110
2026-09-18T15:49:27Z,7ef3b27d15de635a3e05324f2b0c56cb,2026-09-19T23:00:00Z,Auburn Tigers,Florida Gators,betmgm,Florida Gators,-2.0,-108
2026-09-18T15:49:27Z,d72de7a6a2387f86edc530bbe90a7664,2026-09-19T23:00:00Z,South Florida Bulls,Delaware State Hornets,betrivers,Delaware State Hornets,37.0,-109
2026-09-18T15:49:27Z,d72de7a6a2387f86edc530bbe90a7664,2026-09-19T23:00:00Z,South Florida Bulls,Delaware State Hornets,betrivers,South Florida Bulls,-37.0,-114
2026-09-18T15:49:27Z,d72de7a6a2387f86edc530bbe90a7664,2026-09-19T23:00:00Z,South Florida Bulls,Delaware State Hornets,bovada,Delaware State Hornets,36.5,-105
2026-09-18T15:49:27Z,d72de7a6a2387f86edc530bbe90a7664,2026-09-19T23:00:00Z,South Florida Bulls,Delaware State Hornets,bovada,South Florida Bulls,-36.5,-115
2026-09-18T15:49:27Z,60c8d1fde1467bde9f2a20b5d4cb7c90,2026-09-19T23:00:00Z,Jacksonville State Gamecocks,Georgia Southern Eagles,betmgm,Georgia Southern Eagles,3.5,-112
2026-09-18T15:49:27Z,4a9e833f32775e201ee648c51840df85,2026-09-19T23:00:00Z,UCF Knights,Georgia State Panthers,fanduel,Georgia State Panthers,17.5,-114
2026-09-18T15:49:27Z,4a9e833f32775e201ee648c51840df85,2026-09-19T23:00:00Z,UCF Knights,Georgia State Panthers,fanduel,UCF Knights,-17.5,-106
2026-09-18T15:49:27Z,4a9e833f32775e201ee648c51840df85,2026-09-19T23:00:00Z,UCF Knights,Georgia State Panthers,draftkings,Georgia State Panthers,17.5,-118
2026-09-18T15:49:27Z,4a9e833f32775e201ee648c51840df85,2026-09-19T23:00:00Z,UCF Knights,Georgia State Panthers,draftkings,UCF Knights,-17.5,-102
2026-09-18T15:49:27Z,4a9e833f32775e201ee648c51840df85,2026-09-19T23:00:00Z,UCF Knights,Georgia State Panthers,betmgm,Georgia State Panthers,17.0,-105
2026-09-18T15:49:27Z,4a9e833f32775e201ee648c51840df85,2026-09-19T23:00:00Z,UCF Knights,Georgia State Panthers,betmgm,UCF Knights,-17.0,-112
2026-09-18T15:49:27Z,36bb6ea150432c9958bd533c49b06f23,2026-09-19T23:00:00Z,Memphis Tigers,UT Martin Skyhawks,bovada,Memphis Tigers,-34.5,-110
2026-09-18T15:49:27Z,36bb6ea150432c9958bd533c49b06f23,2026-09-19T23:00:00Z,Memphis Tigers,UT Martin Skyhawks,bovada,UT Martin Skyhawks,34.5,-110
2026-09-18T15:49:27Z,6c41bd5edc806bb66ae3038c8bfa3df0,2026-09-19T23:00:00Z,Oklahoma State Cowboys,Murray State Racers,betmgm,Murray State Racers,55.5,-110
2026-09-18T15:49:27Z,6c41bd5edc806bb66ae3038c8bfa3df0,2026-09-19T23:00:00Z,Oklahoma State Cowboys,Murray State Racers,bovada,Murray State Racers,55.5,-105
2026-09-18T15:49:27Z,6c41bd5edc806bb66ae3038c8bfa3df0,2026-09-19T23:00:00Z,Oklahoma State Cowboys,Murray State Racers,bovada,Oklahoma State Cowboys,-55.5,-115
2026-09-18T15:49:27Z,0ce2e66203e1c66f3f2687fdccd37408,2026-09-19T23:00:00Z,Sam Houston State Bearkats,Nicholls State Colonels,betmgm,Nicholls State Colonels,17.5,-110
2026-09-18T15:49:27Z,0ce2e66203e1c66f3f2687fdccd37408,2026-09-19T23:00:00Z,Sam Houston State Bearkats,Nicholls State Colonels,betmgm,Sam Houston State Bearkats,-17.5,-108
2026-09-18T15:49:27Z,0ce2e66203e1c66f3f2687fdccd37408,2026-09-19T23:00:00Z,Sam Houston State Bearkats,Nicholls State Colonels,bovada,Nicholls State Colonels,17.5,-105
2026-09-18T15:49:27Z,0ce2e66203e1c66f3f2687fdccd37408,2026-09-19T23:00:00Z,Sam Houston State Bearkats,Nicholls State Colonels,bovada,Sam Houston State Bearkats,-17.5,-115
2026-09-18T15:49:27Z,bcc250cd218a520bcd287c120644ba05,2026-09-19T23:00:00Z,South Alabama Jaguars,Ohio Bobcats,draftkings,Ohio Bobcats,6.5,-102
2026-09-18T15:49:27Z,bcc250cd218a520bcd287c120644ba05,2026-09-19T23:00:00Z,South Alabama Jaguars,Ohio Bobcats,draftkings,South Alabama Jaguars,-6.5,-118
2026-09-18T15:49:27Z,bcc250cd218a520bcd287c120644ba05,2026-09-19T23:00:00Z,South Alabama Jaguars,Ohio Bobcats,betmgm,Ohio Bobcats,6.5,-108
2026-09-18T15:49:27Z,bcc250cd218a520bcd287c120644ba05,2026-09-19T23:00:00Z,South Alabama Jaguars,Ohio Bobcats,betmgm,South Alabama Jaguars,-6.5,-120
2026-09-18T15:49:27Z,be8b2e012b50c86775a87bb633e330e6,2026-09-19T23:00:00Z,Rice Owls,Western Michigan Broncos,betmgm,Rice Owls,9.5,-118
2026-09-18T15:49:27Z,be8b2e012b50c86775a87bb633e330e6,2026-09-19T23:00:00Z,Rice Owls,Western Michigan Broncos,betus,Rice Owls,9.5,-110
2026-09-18T15:49:27Z,be8b2e012b50c86775a87bb633e330e6,2026-09-19T23:00:00Z,Rice Owls,Western Michigan Broncos,betus,Western Michigan Broncos,-9.5,-110
2026-09-18T15:49:27Z,1088ecb8a4c34880f9fb0b9274a8d3e4,2026-09-19T23:00:00Z,Southern Mississippi Golden Eagles,UConn Huskies,betrivers,Southern Mississippi Golden Eagles,3.0,-107
2026-09-18T15:49:27Z,1088ecb8a4c34880f9fb0b9274a8d3e4,2026-09-19T23:00:00Z,Southern Mississippi Golden Eagles,UConn Huskies,betrivers,UConn Huskies,-3.0,-117
2026-09-18T15:49:27Z,e68b359be33a1855ff582d9dde87faac,2026-09-19T23:15:00Z,Washington Huskies,Eastern Washington Eagles,betmgm,Eastern Washington Eagles,42.5,-108
2026-09-18T15:49:27Z,e68b359be33a1855ff582d9dde87faac,2026-09-19T23:15:00Z,Washington Huskies,Eastern Washington Eagles,betmgm,Washington Huskies,-42.5,-110
2026-09-18T15:49:27Z,e68b359be33a1855ff582d9dde87faac,2026-09-19T23:15:00Z,Washington Huskies,Eastern Washington Eagles,bovada,Eastern Washington Eagles,42.5,-105
2026-09-18T15:49:27Z,e68b359be33a1855ff582d9dde87faac,2026-09-19T23:15:00Z,Washington Huskies,Eastern Washington Eagles,bovada,Washington Huskies,-42.5,-115
2026-09-18T15:49:27Z,55699549855efd1bed7b9d6ae1c7aded,2026-09-19T23:15:00Z,Nebraska Cornhuskers,North Dakota Fighting Hawks,fanduel,Nebraska Cornhuskers,-24.5,-106
2026-09-18T15:49:27Z,55699549855efd1bed7b9d6ae1c7aded,2026-09-19T23:15:00Z,Nebraska Cornhuskers,North Dakota Fighting Hawks,fanduel,North Dakota Fighting Hawks,24.5,-114
2026-09-18T15:49:27Z,55699549855efd1bed7b9d6ae1c7aded,2026-09-19T23:15:00Z,Nebraska Cornhuskers,North Dakota Fighting Hawks,bovada,Nebraska Cornhuskers,-24.0,-105
2026-09-18T15:49:27Z,55699549855efd1bed7b9d6ae1c7aded,2026-09-19T23:15:00Z,Nebraska Cornhuskers,North Dakota Fighting Hawks,bovada,North Dakota Fighting Hawks,24.0,-115
2026-09-18T15:49:27Z,d3b7a8be0f6c9e50f7afd4005990228b,2026-09-19T23:30:00Z,Colorado State Rams,BYU Cougars,draftkings,BYU Cougars,-17.5,-110
2026-09-18T15:49:27Z,d3b7a8be0f6c9e50f7afd4005990228b,2026-09-19T23:30:00Z,Colorado State Rams,BYU Cougars,draftkings,Colorado State Rams,17.5,-110
2026-09-18T15:49:27Z,d3b7a8be0f6c9e50f7afd4005990228b,2026-09-19T23:30:00Z,Colorado State Rams,BYU Cougars,betmgm,BYU Cougars,-17.5,-108
2026-09-18T15:49:27Z,d3b7a8be0f6c9e50f7afd4005990228b,2026-09-19T23:30:00Z,Colorado State Rams,BYU Cougars,bovada,BYU Cougars,-17.0,-115
2026-09-18T15:49:27Z,d3b7a8be0f6c9e50f7afd4005990228b,2026-09-19T23:30:00Z,Colorado State Rams,BYU Cougars,bovada,Colorado State Rams,17.0,-105
2026-09-18T15:49:27Z,03297aa8a399c223aa1cc6aa923d9bc6,2026-09-19T23:30:00Z,Northwestern Wildcats,Colorado Buffaloes,fanduel,Colorado Buffaloes,3.5,-118
2026-09-18T15:49:27Z,03297aa8a399c223aa1cc6aa923d9bc6,2026-09-19T23:30:00Z,Northwestern Wildcats,Colorado Buffaloes,fanduel,Northwestern Wildcats,-3.5,-104
2026-09-18T15:49:27Z,03297aa8a399c223aa1cc6aa923d9bc6,2026-09-19T23:30:00Z,Northwestern Wildcats,Colorado Buffaloes,betmgm,Colorado Buffaloes,3.5,-112
2026-09-18T15:49:27Z,03297aa8a399c223aa1cc6aa923d9bc6,2026-09-19T23:30:00Z,Northwestern Wildcats,Colorado Buffaloes,betmgm,Northwestern Wildcats,-3.5,-105
2026-09-18T15:49:27Z,65571f1cab1a260aae4a220e38dbbc1d,2026-09-19T23:30:00Z,Ole Miss Rebels,LSU Tigers,fanduel,LSU Tigers,-2.5,-122
2026-09-18T15:49:27Z,65571f1cab1a260aae4a220e38dbbc1d,2026-09-19T23:30:00Z,Ole Miss Rebels,LSU Tigers,fanduel,Ole Miss Rebels,2.5,100
2026-09-18T15:49:27Z,65571f1cab1a260aae4a220e38dbbc1d,2026-09-19T23:30:00Z,Ole Miss Rebels,LSU Tigers,betmgm,LSU Tigers,-3.0,-110
2026-09-18T15:49:27Z,65571f1cab1a260aae4a220e38dbbc1d,2026-09-19T23:30:00Z,Ole Miss Rebels,LSU Tigers,betmgm,Ole Miss Rebels,3.0,-108
2026-09-18T15:49:27Z,65571f1cab1a260aae4a220e38dbbc1d,2026-09-19T23:30:00Z,Ole Miss Rebels,LSU Tigers,draftkings,LSU Tigers,-3.0,-108
2026-09-18T15:49:27Z,65571f1cab1a260aae4a220e38dbbc1d,2026-09-19T23:30:00Z,Ole Miss Rebels,LSU Tigers,draftkings,Ole Miss Rebels,3.0,-112
2026-09-18T15:49:27Z,65571f1cab1a260aae4a220e38dbbc1d,2026-09-19T23:30:00Z,Ole Miss Rebels,LSU Tigers,betrivers,LSU Tigers,-3.0,-109
2026-09-18T15:49:27Z,65571f1cab1a260aae4a220e38dbbc1d,2026-09-19T23:30:00Z,Ole Miss Rebels,LSU Tigers,betrivers,Ole Miss Rebels,3.0,-114
2026-09-18T15:49:27Z,65571f1cab1a260aae4a220e38dbbc1d,2026-09-19T23:30:00Z,Ole Miss Rebels,LSU Tigers,betonlineag,LSU Tigers,-3.0,-107
2026-09-18T15:49:27Z,65571f1cab1a260aae4a220e38dbbc1d,2026-09-19T23:30:00Z,Ole Miss Rebels,LSU Tigers,betonlineag,Ole Miss Rebels,3.0,-113
2026-09-18T15:49:27Z,65571f1cab1a260aae4a220e38dbbc1d,2026-09-19T23:30:00Z,Ole Miss Rebels,LSU Tigers,betus,LSU Tigers,-3.0,-110
2026-09-18T15:49:27Z,65571f1cab1a260aae4a220e38dbbc1d,2026-09-19T23:30:00Z,Ole Miss Rebels,LSU Tigers,betus,Ole Miss Rebels,3.0,-110
2026-09-18T15:49:27Z,65571f1cab1a260aae4a220e38dbbc1d,2026-09-19T23:30:00Z,Ole Miss Rebels,LSU Tigers,bovada,LSU Tigers,-3.0,-110
2026-09-18T15:49:27Z,65571f1cab1a260aae4a220e38dbbc1d,2026-09-19T23:30:00Z,Ole Miss Rebels,LSU Tigers,bovada,Ole Miss Rebels,3.0,-110
2026-09-18T15:49:27Z,b7cdc05f280bede1f19b996cc9b95753,2026-09-19T23:30:00Z,Maryland Terrapins,Virginia Tech Hokies,betrivers,Maryland Terrapins,3.0,-117
2026-09-18T15:49:27Z,b7cdc05f280bede1f19b996cc9b95753,2026-09-19T23:30:00Z,Maryland Terrapins,Virginia Tech Hokies,betrivers,Virginia Tech Hokies,-3.0,-107
2026-09-18T15:49:27Z,b7cdc05f280bede1f19b996cc9b95753,2026-09-19T23:30:00Z,Maryland Terrapins,Virginia Tech Hokies,betmgm,Virginia Tech Hokies,-3.0,-105
2026-09-18T15:49:27Z,47892b65c28a830d83bbe465b070ce01,2026-09-19T23:30:00Z,Oklahoma Sooners,New Mexico Lobos,bovada,New Mexico Lobos,22.0,-120
2026-09-18T15:49:27Z,47892b65c28a830d83bbe465b070ce01,2026-09-19T23:30:00Z,Oklahoma Sooners,New Mexico Lobos,bovada,Oklahoma Sooners,-22.0,100
2026-09-18T15:49:27Z,cc6953f45fe5acfc853fdf5e5e28a0e7,2026-09-19T23:45:00Z,Tennessee Volunteers,Kennesaw State Owls,bovada,Kennesaw State Owls,35.5,-115
2026-09-18T15:49:27Z,cc6953f45fe5acfc853fdf5e5e28a0e7,2026-09-19T23:45:00Z,Tennessee Volunteers,Kennesaw State Owls,bovada,Tennessee Volunteers,-35.5,-105
2026-09-18T15:49:27Z,a64b980a572375c0cc1adba3c3fc2811,2026-09-20T00:00:00Z,TCU Horned Frogs,Arkansas State Red Wolves,fanduel,Arkansas State Red Wolves,19.5,-115
2026-09-18T15:49:27Z,a64b980a572375c0cc1adba3c3fc2811,2026-09-20T00:00:00Z,TCU Horned Frogs,Arkansas State Red Wolves,fanduel,TCU Horned Frogs,-19.5,-105
2026-09-18T15:49:27Z,a64b980a572375c0cc1adba3c3fc2811,2026-09-20T00:00:00Z,TCU Horned Frogs,Arkansas State Red Wolves,betmgm,Arkansas State Red Wolves,18.5,-108
2026-09-18T15:49:27Z,a64b980a572375c0cc1adba3c3fc2811,2026-09-20T00:00:00Z,TCU Horned Frogs,Arkansas State Red Wolves,betmgm,TCU Horned Frogs,-18.5,-110
2026-09-18T15:49:27Z,0fff6569a000494c8821a53d886df670,2026-09-20T00:00:00Z,Tulsa Golden Hurricane,East Texas A&M Lions,bovada,East Texas A&M Lions,42.5,-105
2026-09-18T15:49:27Z,0fff6569a000494c8821a53d886df670,2026-09-20T00:00:00Z,Tulsa Golden Hurricane,East Texas A&M Lions,bovada,Tulsa Golden Hurricane,-42.5,-115
2026-09-18T15:49:27Z,828ceb39d7fd7da80c98174ae5f02dcd,2026-09-20T00:00:00Z,Louisiana Ragin Cajuns,UAB Blazers,betmgm,Louisiana Ragin Cajuns,-7.5,-108
2026-09-18T15:49:27Z,828ceb39d7fd7da80c98174ae5f02dcd,2026-09-20T00:00:00Z,Louisiana Ragin Cajuns,UAB Blazers,bovada,Louisiana Ragin Cajuns,-7.5,-110
2026-09-18T15:49:27Z,828ceb39d7fd7da80c98174ae5f02dcd,2026-09-20T00:00:00Z,Louisiana Ragin Cajuns,UAB Blazers,bovada,UAB Blazers,7.5,-110
2026-09-18T15:49:27Z,6059b05ef23d08d9033bd7b5fe38e5d0,2026-09-20T00:00:00Z,Texas Longhorns,UTSA Roadrunners,betmgm,Texas Longhorns,-30.0,-108
2026-09-18T15:49:27Z,6059b05ef23d08d9033bd7b5fe38e5d0,2026-09-20T00:00:00Z,Texas Longhorns,UTSA Roadrunners,betmgm,UTSA Roadrunners,30.0,-110
2026-09-18T15:49:27Z,6d109b8538a3588ad21a393896d32efc,2026-09-20T02:00:00Z,Boise State Broncos,South Dakota Coyotes,bovada,Boise State Broncos,-24.5,-105
2026-09-18T15:49:27Z,6d109b8538a3588ad21a393896d32efc,2026-09-20T02:00:00Z,Boise State Broncos,South Dakota Coyotes,bovada,South Dakota Coyotes,24.5,-115
2026-09-18T15:49:27Z,6d109b8538a3588ad21a393896d32efc,2026-09-20T02:00:00Z,Boise State Broncos,South Dakota Coyotes,lowvig,Boise State Broncos,-24.0,-125
2026-09-18T15:49:27Z,6d109b8538a3588ad21a393896d32efc,2026-09-20T02:00:00Z,Boise State Broncos,South Dakota Coyotes,lowvig,South Dakota Coyotes,24.0,-105
2026-09-18T15:49:27Z,93de8127b5d37170dff2b88deca0b95e,2026-09-20T02:30:00Z,Arizona Wildcats,Northern Illinois Huskies,bovada,Arizona Wildcats,-34.0,-110
2026-09-18T15:49:27Z,93de8127b5d37170dff2b88deca0b95e,2026-09-20T02:30:00Z,Arizona Wildcats,Northern Illinois Huskies,bovada,Northern Illinois Huskies,34.0,-110
2026-09-18T15:49:27Z,0c7583234f964dbb7d9803a27d6b6dae,2026-09-20T02:30:00Z,Sacramento State Hornets,North Dakota State Bison,betmgm,North Dakota State Bison,-27.0,-110
2026-09-18T15:49:27Z,0c7583234f964dbb7d9803a27d6b6dae,2026-09-20T02:30:00Z,Sacramento State Hornets,North Dakota State Bison,betmgm,Sacramento State Hornets,27.0,-108
2026-09-18T15:49:27Z,0c7583234f964dbb7d9803a27d6b6dae,2026-09-20T02:30:00Z,Sacramento State Hornets,North Dakota State Bison,fanduel,North Dakota State Bison,-27.5,-105
2026-09-18T15:49:27Z,0c7583234f964dbb7d9803a27d6b6dae,2026-09-20T02:30:00Z,Sacramento State Hornets,North Dakota State Bison,fanduel,Sacramento State Hornets,27.5,-115
2026-09-18T15:49:27Z,f6db4e789ff9341a9c94befc751c5f53,2026-09-20T03:00:00Z,San Jose State Spartans,Fresno State Bulldogs,draftkings,Fresno State Bulldogs,-6.5,-108
2026-09-18T15:49:27Z,f6db4e789ff9341a9c94befc751c5f53,2026-09-20T03:00:00Z,San Jose State Spartans,Fresno State Bulldogs,draftkings,San Jose State Spartans,6.5,-112
2026-09-18T15:49:27Z,f6db4e789ff9341a9c94befc751c5f53,2026-09-20T03:00:00Z,San Jose State Spartans,Fresno State Bulldogs,bovada,Fresno State Bulldogs,-6.5,-110
2026-09-18T15:49:27Z,f6db4e789ff9341a9c94befc751c5f53,2026-09-20T03:00:00Z,San Jose State Spartans,Fresno State Bulldogs,bovada,San Jose State Spartans,6.5,-110
2026-09-18T15:49:27Z,381e5c97af94a83e03eae0ac6f11ed38,2026-09-20T03:00:00Z,Oregon State Beavers,Montana Grizzlies,bovada,Montana Grizzlies,17.0,-110
2026-09-18T15:49:27Z,381e5c97af94a83e03eae0ac6f11ed38,2026-09-20T03:00:00Z,Oregon State Beavers,Montana Grizzlies,bovada,Oregon State Beavers,-17.0,-110
2026-09-18T15:49:27Z,7a6a2035bf5d7abd30d6cc8b76d59e3e,2026-09-20T03:00:00Z,UCLA Bruins,Purdue Boilermakers,draftkings,Purdue Boilermakers,14.0,-108
2026-09-18T15:49:27Z,7a6a2035bf5d7abd30d6cc8b76d59e3e,2026-09-20T03:00:00Z,UCLA Bruins,Purdue Boilermakers,draftkings,UCLA Bruins,-14.0,-112
2026-09-18T20:23:41Z,720451b07d54e435c9be484ef73ea211,2026-09-18T23:30:00Z,Wake Forest Demon Deacons,Miami Hurricanes,draftkings,Miami Hurricanes,-20.5,-108
2026-09-18T20:23:41Z,720451b07d54e435c9be484ef73ea211,2026-09-18T23:30:00Z,Wake Forest Demon Deacons,Miami Hurricanes,draftkings,Wake Forest Demon Deacons,20.5,-112
2026-09-18T20:23:41Z,720451b07d54e435c9be484ef73ea211,2026-09-18T23:30:00Z,Wake Forest Demon Deacons,Miami Hurricanes,betmgm,Miami Hurricanes,-20.5,-108
2026-09-18T20:23:41Z,720451b07d54e435c9be484ef73ea211,2026-09-18T23:30:00Z,Wake Forest Demon Deacons,Miami Hurricanes,betmgm,Wake Forest Demon Deacons,20.5,-110
2026-09-18T20:23:41Z,720451b07d54e435c9be484ef73ea211,2026-09-18T23:30:00Z,Wake Forest Demon Deacons,Miami Hurricanes,betrivers,Miami Hurricanes,-20.5,-115
2026-09-18T20:23:41Z,720451b07d54e435c9be484ef73ea211,2026-09-18T23:30:00Z,Wake Forest Demon Deacons,Miami Hurricanes,betrivers,Wake Forest Demon Deacons,20.5,-108
2026-09-18T20:23:41Z,720451b07d54e435c9be484ef73ea211,2026-09-18T23:30:00Z,Wake Forest Demon Deacons,Miami Hurricanes,lowvig,Miami Hurricanes,-20.5,-106
2026-09-18T20:23:41Z,720451b07d54e435c9be484ef73ea211,2026-09-18T23:30:00Z,Wake Forest Demon Deacons,Miami Hurricanes,lowvig,Wake Forest Demon Deacons,20.5,-106
2026-09-18T20:23:41Z,720451b07d54e435c9be484ef73ea211,2026-09-18T23:30:00Z,Wake Forest Demon Deacons,Miami Hurricanes,betonlineag,Miami Hurricanes,-20.5,-110
2026-09-18T20:23:41Z,720451b07d54e435c9be484ef73ea211,2026-09-18T23:30:00Z,Wake Forest Demon Deacons,Miami Hurricanes,betonlineag,Wake Forest Demon Deacons,20.5,-110
2026-09-18T20:23:41Z,720451b07d54e435c9be484ef73ea211,2026-09-18T23:30:00Z,Wake Forest Demon Deacons,Miami Hurricanes,bovada,Miami Hurricanes,-20.5,-105
2026-09-18T20:23:41Z,720451b07d54e435c9be484ef73ea211,2026-09-18T23:30:00Z,Wake Forest Demon Deacons,Miami Hurricanes,bovada,Wake Forest Demon Deacons,20.5,-115
2026-09-18T20:23:41Z,7311bf775464ae97893928e22512bb47,2026-09-19T00:00:00Z,Texas Tech Red Raiders,Houston Cougars,draftkings,Houston Cougars,7.5,-108
2026-09-18T20:23:41Z,7311bf775464ae97893928e22512bb47,2026-09-19T00:00:00Z,Texas Tech Red Raiders,Houston Cougars,draftkings,Texas Tech Red Raiders,-7.5,-112
2026-09-18T20:23:41Z,7311bf775464ae97893928e22512bb47,2026-09-19T00:00:00Z,Texas Tech Red Raiders,Houston Cougars,betrivers,Houston Cougars,7.5,-109
2026-09-18T20:23:41Z,7311bf775464ae97893928e22512bb47,2026-09-19T00:00:00Z,Texas Tech Red Raiders,Houston Cougars,betrivers,Texas Tech Red Raiders,-7.5,-114
2026-09-18T20:23:41Z,7311bf775464ae97893928e22512bb47,2026-09-19T00:00:00Z,Texas Tech Red Raiders,Houston Cougars,lowvig,Houston Cougars,7.5,-106
2026-09-18T20:23:41Z,7311bf775464ae97893928e22512bb47,2026-09-19T00:00:00Z,Texas Tech Red Raiders,Houston Cougars,lowvig,Texas Tech Red Raiders,-7.5,-106
2026-09-18T20:23:41Z,7311bf775464ae97893928e22512bb47,2026-09-19T00:00:00Z,Texas Tech Red Raiders,Houston Cougars,betonlineag,Houston Cougars,7.5,-110
2026-09-18T20:23:41Z,7311bf775464ae97893928e22512bb47,2026-09-19T00:00:00Z,Texas Tech Red Raiders,Houston Cougars,betonlineag,Texas Tech Red Raiders,-7.5,-110
2026-09-18T20:23:41Z,7311bf775464ae97893928e22512bb47,2026-09-19T00:00:00Z,Texas Tech Red Raiders,Houston Cougars,betmgm,Texas Tech Red Raiders,-7.5,-110
2026-09-18T20:23:41Z,7311bf775464ae97893928e22512bb47,2026-09-19T00:00:00Z,Texas Tech Red Raiders,Houston Cougars,bovada,Houston Cougars,7.5,-115
2026-09-18T20:23:41Z,7311bf775464ae97893928e22512bb47,2026-09-19T00:00:00Z,Texas Tech Red Raiders,Houston Cougars,bovada,Texas Tech Red Raiders,-7.5,-105
2026-09-18T20:23:41Z,5658a82b80479ea42281da7d3e3e1337,2026-09-19T02:30:00Z,Oregon Ducks,Portland State Vikings,fanduel,Oregon Ducks,-58.5,-115
2026-09-18T20:23:41Z,5658a82b80479ea42281da7d3e3e1337,2026-09-19T02:30:00Z,Oregon Ducks,Portland State Vikings,fanduel,Portland State Vikings,58.5,-105
2026-09-18T20:23:41Z,5658a82b80479ea42281da7d3e3e1337,2026-09-19T02:30:00Z,Oregon Ducks,Portland State Vikings,betrivers,Oregon Ducks,-59.0,-110
2026-09-18T20:23:41Z,5658a82b80479ea42281da7d3e3e1337,2026-09-19T02:30:00Z,Oregon Ducks,Portland State Vikings,betrivers,Portland State Vikings,59.0,-114
2026-09-18T20:23:41Z,5658a82b80479ea42281da7d3e3e1337,2026-09-19T02:30:00Z,Oregon Ducks,Portland State Vikings,draftkings,Oregon Ducks,-58.5,-115
2026-09-18T20:23:41Z,5658a82b80479ea42281da7d3e3e1337,2026-09-19T02:30:00Z,Oregon Ducks,Portland State Vikings,draftkings,Portland State Vikings,58.5,-105
2026-09-18T20:23:41Z,5658a82b80479ea42281da7d3e3e1337,2026-09-19T02:30:00Z,Oregon Ducks,Portland State Vikings,betmgm,Oregon Ducks,-58.5,-112
2026-09-18T20:23:41Z,5658a82b80479ea42281da7d3e3e1337,2026-09-19T02:30:00Z,Oregon Ducks,Portland State Vikings,betmgm,Portland State Vikings,58.5,-105
2026-09-18T20:23:41Z,529a333381665c34d05b290d2c9eb5b9,2026-09-19T15:30:00Z,Delaware Blue Hens,Coastal Carolina Chanticleers,betrivers,Coastal Carolina Chanticleers,5.5,-112
2026-09-18T20:23:41Z,5bc9efd5f27827a26c1cf8744bb8c2b1,2026-09-19T16:00:00Z,Minnesota Golden Gophers,Akron Zips,draftkings,Akron Zips,23.5,-115
2026-09-18T20:23:41Z,5bc9efd5f27827a26c1cf8744bb8c2b1,2026-09-19T16:00:00Z,Minnesota Golden Gophers,Akron Zips,draftkings,Minnesota Golden Gophers,-23.5,-105
2026-09-18T20:23:41Z,5bc9efd5f27827a26c1cf8744bb8c2b1,2026-09-19T16:00:00Z,Minnesota Golden Gophers,Akron Zips,betmgm,Akron Zips,23.0,-108
2026-09-18T20:23:41Z,5bc9efd5f27827a26c1cf8744bb8c2b1,2026-09-19T16:00:00Z,Minnesota Golden Gophers,Akron Zips,betmgm,Minnesota Golden Gophers,-23.0,-110
2026-09-18T20:23:41Z,a317e3ffe5919c8bff3b9b303054f1b3,2026-09-19T16:00:00Z,Arizona State Sun Devils,Kansas Jayhawks,betmgm,Arizona State Sun Devils,-5.0,-110
2026-09-18T20:23:41Z,a317e3ffe5919c8bff3b9b303054f1b3,2026-09-19T16:00:00Z,Arizona State Sun Devils,Kansas Jayhawks,betmgm,Kansas Jayhawks,5.0,-108
2026-09-18T20:23:41Z,01e9c4d460a55375a75d025e2b1ddbf5,2026-09-19T16:00:00Z,Arkansas Razorbacks,Georgia Bulldogs,betrivers,Arkansas Razorbacks,25.0,-110
2026-09-18T20:23:41Z,01e9c4d460a55375a75d025e2b1ddbf5,2026-09-19T16:00:00Z,Arkansas Razorbacks,Georgia Bulldogs,betrivers,Georgia Bulldogs,-25.0,-113
2026-09-18T20:23:41Z,3fe3d77e009a7f205cce737523609a86,2026-09-19T16:00:00Z,Clemson Tigers,North Carolina Tar Heels,betmgm,Clemson Tigers,-3.0,-115
2026-09-18T20:23:41Z,3fe3d77e009a7f205cce737523609a86,2026-09-19T16:00:00Z,Clemson Tigers,North Carolina Tar Heels,betmgm,North Carolina Tar Heels,3.0,-102
2026-09-18T20:23:41Z,3514404f321e9cf55f11222c8e36233b,2026-09-19T16:00:00Z,Georgia Tech Yellow Jackets,Mercer Bears,betrivers,Georgia Tech Yellow Jackets,-39.0,-114
2026-09-18T20:23:41Z,3514404f321e9cf55f11222c8e36233b,2026-09-19T16:00:00Z,Georgia Tech Yellow Jackets,Mercer Bears,betrivers,Mercer Bears,39.0,-109
2026-09-18T20:23:41Z,6eee31d7778965a3e617f10146619c1d,2026-09-19T16:00:00Z,Ohio State Buckeyes,Kent State Golden Flashes,lowvig,Kent State Golden Flashes,52.0,-106
2026-09-18T20:23:41Z,6eee31d7778965a3e617f10146619c1d,2026-09-19T16:00:00Z,Ohio State Buckeyes,Kent State Golden Flashes,lowvig,Ohio State Buckeyes,-52.0,-106
2026-09-18T20:23:41Z,6eee31d7778965a3e617f10146619c1d,2026-09-19T16:00:00Z,Ohio State Buckeyes,Kent State Golden Flashes,betonlineag,Kent State Golden Flashes,52.0,-110
2026-09-18T20:23:41Z,6eee31d7778965a3e617f10146619c1d,2026-09-19T16:00:00Z,Ohio State Buckeyes,Kent State Golden Flashes,betonlineag,Ohio State Buckeyes,-52.0,-110
2026-09-18T20:23:41Z,6eee31d7778965a3e617f10146619c1d,2026-09-19T16:00:00Z,Ohio State Buckeyes,Kent State Golden Flashes,betrivers,Kent State Golden Flashes,52.5,-109
2026-09-18T20:23:41Z,6eee31d7778965a3e617f10146619c1d,2026-09-19T16:00:00Z,Ohio State Buckeyes,Kent State Golden Flashes,betrivers,Ohio State Buckeyes,-52.5,-114
2026-09-18T20:23:41Z,6eee31d7778965a3e617f10146619c1d,2026-09-19T16:00:00Z,Ohio State Buckeyes,Kent State Golden Flashes,betmgm,Ohio State Buckeyes,-52.5,-105
2026-09-18T20:23:41Z,b0cd2e8beaf0dc333daa592a0d3d5c3a,2026-09-19T16:00:00Z,Texas State Bobcats,North Texas Mean Green,betrivers,North Texas Mean Green,3.0,-113
2026-09-18T20:23:41Z,b0cd2e8beaf0dc333daa592a0d3d5c3a,2026-09-19T16:00:00Z,Texas State Bobcats,North Texas Mean Green,betmgm,North Texas Mean Green,2.5,-108
2026-09-18T20:23:41Z,b0cd2e8beaf0dc333daa592a0d3d5c3a,2026-09-19T16:00:00Z,Texas State Bobcats,North Texas Mean Green,betmgm,Texas State Bobcats,-2.5,-110
2026-09-18T20:23:41Z,bd7ae9e585a6595f7d308d45e1bf35e3,2026-09-19T16:30:00Z,Wisconsin Badgers,Eastern Michigan Eagles,betrivers,Eastern Michigan Eagles,22.5,-113
2026-09-18T20:23:41Z,bd7ae9e585a6595f7d308d45e1bf35e3,2026-09-19T16:30:00Z,Wisconsin Badgers,Eastern Michigan Eagles,betrivers,Wisconsin Badgers,-22.5,-110
2026-09-18T20:23:41Z,26a76b78050ad3953d2d41dbeecd5a07,2026-09-19T17:00:00Z,Central Michigan Chippewas,Wyoming Cowboys,betrivers,Central Michigan Chippewas,1.0,-113
2026-09-18T20:23:41Z,26a76b78050ad3953d2d41dbeecd5a07,2026-09-19T17:00:00Z,Central Michigan Chippewas,Wyoming Cowboys,betrivers,Wyoming Cowboys,-1.0,-110
2026-09-18T20:23:41Z,578e82a8bc67101e9eba884729ffcc69,2026-09-19T18:00:00Z,Illinois Fighting Illini,Southern Illinois Salukis,betrivers,Illinois Fighting Illini,-40.5,-110
2026-09-18T20:23:41Z,578e82a8bc67101e9eba884729ffcc69,2026-09-19T18:00:00Z,Illinois Fighting Illini,Southern Illinois Salukis,betrivers,Southern Illinois Salukis,40.5,-113
2026-09-18T20:23:41Z,ea8b0414ff464255eef426fd61427030,2026-09-19T19:00:00Z,Toledo Rockets,Temple Owls,betonlineag,Temple Owls,6.0,-110
2026-09-18T20:23:41Z,ea8b0414ff464255eef426fd61427030,2026-09-19T19:00:00Z,Toledo Rockets,Temple Owls,betonlineag,Toledo Rockets,-6.0,-110
2026-09-18T20:23:41Z,ea8b0414ff464255eef426fd61427030,2026-09-19T19:00:00Z,Toledo Rockets,Temple Owls,lowvig,Temple Owls,6.0,-106
2026-09-18T20:23:41Z,ea8b0414ff464255eef426fd61427030,2026-09-19T19:00:00Z,Toledo Rockets,Temple Owls,lowvig,Toledo Rockets,-6.0,-106
2026-09-18T20:23:41Z,ea8b0414ff464255eef426fd61427030,2026-09-19T19:00:00Z,Toledo Rockets,Temple Owls,betrivers,Temple Owls,5.5,-110
2026-09-18T20:23:41Z,ea8b0414ff464255eef426fd61427030,2026-09-19T19:00:00Z,Toledo Rockets,Temple Owls,betrivers,Toledo Rockets,-5.5,-113
2026-09-18T20:23:41Z,ea8b0414ff464255eef426fd61427030,2026-09-19T19:00:00Z,Toledo Rockets,Temple Owls,bovada,Temple Owls,6.0,-110
2026-09-18T20:23:41Z,ea8b0414ff464255eef426fd61427030,2026-09-19T19:00:00Z,Toledo Rockets,Temple Owls,bovada,Toledo Rockets,-6.0,-110
2026-09-18T20:23:41Z,a85cea77fbd44d9135461815777f6a9c,2026-09-19T19:30:00Z,Alabama Crimson Tide,Florida State Seminoles,betmgm,Florida State Seminoles,19.5,-110
2026-09-18T20:23:41Z,da8ba06d8ff130fdd0e8944b7a1ddff5,2026-09-19T19:30:00Z,California Golden Bears,Wagner Seahawks,draftkings,California Golden Bears,-58.5,-110
2026-09-18T20:23:41Z,da8ba06d8ff130fdd0e8944b7a1ddff5,2026-09-19T19:30:00Z,California Golden Bears,Wagner Seahawks,draftkings,Wagner Seahawks,58.5,-110
2026-09-18T20:23:41Z,15ebe2df1d91e584d091d509e70a1a71,2026-09-19T19:30:00Z,Cincinnati Bearcats,Miami (OH) RedHawks,betrivers,Cincinnati Bearcats,-15.0,-110
2026-09-18T20:23:41Z,15ebe2df1d91e584d091d509e70a1a71,2026-09-19T19:30:00Z,Cincinnati Bearcats,Miami (OH) RedHawks,betrivers,Miami (OH) RedHawks,15.0,-113
2026-09-18T20:23:41Z,8bdb9d65119df877f2e2ec632d28fef1,2026-09-19T19:30:00Z,Washington State Cougars,Duquesne Dukes,betmgm,Duquesne Dukes,38.5,-110
2026-09-18T20:23:41Z,8bdb9d65119df877f2e2ec632d28fef1,2026-09-19T19:30:00Z,Washington State Cougars,Duquesne Dukes,betmgm,Washington State Cougars,-38.5,-108
2026-09-18T20:23:41Z,8bdb9d65119df877f2e2ec632d28fef1,2026-09-19T19:30:00Z,Washington State Cougars,Duquesne Dukes,bovada,Duquesne Dukes,38.5,-110
2026-09-18T20:23:41Z,8bdb9d65119df877f2e2ec632d28fef1,2026-09-19T19:30:00Z,Washington State Cougars,Duquesne Dukes,bovada,Washington State Cougars,-38.5,-110
2026-09-18T20:23:41Z,d2da9e958e6f4800929ff9411b697a4b,2026-09-19T19:30:00Z,Texas A&M Aggies,Kentucky Wildcats,bovada,Kentucky Wildcats,17.5,-115
2026-09-18T20:23:41Z,d2da9e958e6f4800929ff9411b697a4b,2026-09-19T19:30:00Z,Texas A&M Aggies,Kentucky Wildcats,bovada,Texas A&M Aggies,-17.5,-105
2026-09-18T20:23:41Z,f9b0ff34657875b54ee16b8254168159,2026-09-19T19:30:00Z,Michigan Wolverines,UTEP Miners,lowvig,Michigan Wolverines,-35.0,-101
2026-09-18T20:23:41Z,f9b0ff34657875b54ee16b8254168159,2026-09-19T19:30:00Z,Michigan Wolverines,UTEP Miners,lowvig,UTEP Miners,35.0,-111
2026-09-18T20:23:41Z,f9b0ff34657875b54ee16b8254168159,2026-09-19T19:30:00Z,Michigan Wolverines,UTEP Miners,betonlineag,Michigan Wolverines,-35.0,-105
2026-09-18T20:23:41Z,f9b0ff34657875b54ee16b8254168159,2026-09-19T19:30:00Z,Michigan Wolverines,UTEP Miners,betonlineag,UTEP Miners,35.0,-115
2026-09-18T20:23:41Z,f9b0ff34657875b54ee16b8254168159,2026-09-19T19:30:00Z,Michigan Wolverines,UTEP Miners,bovada,Michigan Wolverines,-35.5,100
2026-09-18T20:23:41Z,f9b0ff34657875b54ee16b8254168159,2026-09-19T19:30:00Z,Michigan Wolverines,UTEP Miners,bovada,UTEP Miners,35.5,-120
2026-09-18T20:23:41Z,8b31d45a11a98ec8e6a9a9a5368a1bf4,2026-09-19T19:30:00Z,Rutgers Scarlet Knights,USC Trojans,betmgm,Rutgers Scarlet Knights,21.5,-110
2026-09-18T20:23:41Z,8b31d45a11a98ec8e6a9a9a5368a1bf4,2026-09-19T19:30:00Z,Rutgers Scarlet Knights,USC Trojans,betmgm,USC Trojans,-21.5,-108
2026-09-18T20:23:41Z,a25ab1dfd8fdb11a06a6a4b5c707d266,2026-09-19T19:30:00Z,UMass Minutemen,Stonehill Skyhawks,fanduel,Stonehill Skyhawks,32.5,-110
2026-09-18T20:23:41Z,a25ab1dfd8fdb11a06a6a4b5c707d266,2026-09-19T19:30:00Z,UMass Minutemen,Stonehill Skyhawks,fanduel,UMass Minutemen,-32.5,-110
2026-09-18T20:23:41Z,9a94b95365b9c78fbfb612ce4c859eda,2026-09-19T19:30:00Z,Utah Utes,Utah State Aggies,fanduel,Utah State Aggies,26.5,-106
2026-09-18T20:23:41Z,9a94b95365b9c78fbfb612ce4c859eda,2026-09-19T19:30:00Z,Utah Utes,Utah State Aggies,fanduel,Utah Utes,-26.5,-114
2026-09-18T20:23:41Z,9a94b95365b9c78fbfb612ce4c859eda,2026-09-19T19:30:00Z,Utah Utes,Utah State Aggies,draftkings,Utah State Aggies,27.5,-108
2026-09-18T20:23:41Z,9a94b95365b9c78fbfb612ce4c859eda,2026-09-19T19:30:00Z,Utah Utes,Utah State Aggies,draftkings,Utah Utes,-27.5,-112
2026-09-18T20:23:41Z,9a94b95365b9c78fbfb612ce4c859eda,2026-09-19T19:30:00Z,Utah Utes,Utah State Aggies,betonlineag,Utah State Aggies,27.5,-110
2026-09-18T20:23:41Z,9a94b95365b9c78fbfb612ce4c859eda,2026-09-19T19:30:00Z,Utah Utes,Utah State Aggies,betonlineag,Utah Utes,-27.5,-110
2026-09-18T20:23:41Z,9a94b95365b9c78fbfb612ce4c859eda,2026-09-19T19:30:00Z,Utah Utes,Utah State Aggies,betmgm,Utah State Aggies,27.5,-110
2026-09-18T20:23:41Z,9a94b95365b9c78fbfb612ce4c859eda,2026-09-19T19:30:00Z,Utah Utes,Utah State Aggies,betmgm,Utah Utes,-27.5,-108
2026-09-18T20:23:41Z,9a94b95365b9c78fbfb612ce4c859eda,2026-09-19T19:30:00Z,Utah Utes,Utah State Aggies,betus,Utah State Aggies,27.5,-110
2026-09-18T20:23:41Z,9a94b95365b9c78fbfb612ce4c859eda,2026-09-19T19:30:00Z,Utah Utes,Utah State Aggies,betus,Utah Utes,-27.5,-110
2026-09-18T20:23:41Z,9a94b95365b9c78fbfb612ce4c859eda,2026-09-19T19:30:00Z,Utah Utes,Utah State Aggies,bovada,Utah State Aggies,27.5,-110
2026-09-18T20:23:41Z,9a94b95365b9c78fbfb612ce4c859eda,2026-09-19T19:30:00Z,Utah Utes,Utah State Aggies,bovada,Utah Utes,-27.5,-110
2026-09-18T20:23:41Z,089e1a60578160dd6828794656461ba5,2026-09-19T20:00:00Z,Liberty Flames,Ball State Cardinals,betonlineag,Ball State Cardinals,15.0,-115
2026-09-18T20:23:41Z,089e1a60578160dd6828794656461ba5,2026-09-19T20:00:00Z,Liberty Flames,Ball State Cardinals,betonlineag,Liberty Flames,-15.0,-105
2026-09-18T20:23:41Z,089e1a60578160dd6828794656461ba5,2026-09-19T20:00:00Z,Liberty Flames,Ball State Cardinals,lowvig,Ball State Cardinals,15.0,-107
2026-09-18T20:23:41Z,089e1a60578160dd6828794656461ba5,2026-09-19T20:00:00Z,Liberty Flames,Ball State Cardinals,lowvig,Liberty Flames,-15.0,-105
2026-09-18T20:23:41Z,089e1a60578160dd6828794656461ba5,2026-09-19T20:00:00Z,Liberty Flames,Ball State Cardinals,betmgm,Ball State Cardinals,14.5,-112
2026-09-18T20:23:41Z,089e1a60578160dd6828794656461ba5,2026-09-19T20:00:00Z,Liberty Flames,Ball State Cardinals,betmgm,Liberty Flames,-14.5,-105
2026-09-18T20:23:41Z,089e1a60578160dd6828794656461ba5,2026-09-19T20:00:00Z,Liberty Flames,Ball State Cardinals,bovada,Ball State Cardinals,14.0,-105
2026-09-18T20:23:41Z,089e1a60578160dd6828794656461ba5,2026-09-19T20:00:00Z,Liberty Flames,Ball State Cardinals,bovada,Liberty Flames,-14.0,-115
2026-09-18T20:23:41Z,790266884d07b6c2aeed8efc216ba610,2026-09-19T20:00:00Z,Baylor Bears,Louisiana Tech Bulldogs,draftkings,Baylor Bears,-20.5,-105
2026-09-18T20:23:41Z,790266884d07b6c2aeed8efc216ba610,2026-09-19T20:00:00Z,Baylor Bears,Louisiana Tech Bulldogs,draftkings,Louisiana Tech Bulldogs,20.5,-115
2026-09-18T20:23:41Z,3c742aa7dc1c1da030846964a72de370,2026-09-19T20:00:00Z,Duke Blue Devils,Stanford Cardinal,bovada,Duke Blue Devils,-10.0,-110
2026-09-18T20:23:41Z,3c742aa7dc1c1da030846964a72de370,2026-09-19T20:00:00Z,Duke Blue Devils,Stanford Cardinal,bovada,Stanford Cardinal,10.0,-110
2026-09-18T20:23:41Z,f459decff5e212a417df01fead33b180,2026-09-19T20:00:00Z,Indiana Hoosiers,Western Kentucky Hilltoppers,lowvig,Indiana Hoosiers,-44.5,-111
2026-09-18T20:23:41Z,f459decff5e212a417df01fead33b180,2026-09-19T20:00:00Z,Indiana Hoosiers,Western Kentucky Hilltoppers,lowvig,Western Kentucky Hilltoppers,44.5,-101
2026-09-18T20:23:41Z,f459decff5e212a417df01fead33b180,2026-09-19T20:00:00Z,Indiana Hoosiers,Western Kentucky Hilltoppers,betonlineag,Indiana Hoosiers,-44.5,-119
2026-09-18T20:23:41Z,f459decff5e212a417df01fead33b180,2026-09-19T20:00:00Z,Indiana Hoosiers,Western Kentucky Hilltoppers,betonlineag,Western Kentucky Hilltoppers,44.5,-101
2026-09-18T20:23:41Z,1d773c6e9934d12970ba222e96ec4c80,2026-09-19T20:00:00Z,Iowa Hawkeyes,Northern Iowa Panthers,betrivers,Iowa Hawkeyes,-38.5,-110
2026-09-18T20:23:41Z,1d773c6e9934d12970ba222e96ec4c80,2026-09-19T20:00:00Z,Iowa Hawkeyes,Northern Iowa Panthers,betrivers,Northern Iowa Panthers,38.5,-113
2026-09-18T20:23:41Z,1d773c6e9934d12970ba222e96ec4c80,2026-09-19T20:00:00Z,Iowa Hawkeyes,Northern Iowa Panthers,betmgm,Northern Iowa Panthers,38.5,-110
2026-09-18T20:23:41Z,a4e7771497976db67e6a81bc3700b32f,2026-09-19T20:15:00Z,South Carolina Gamecocks,Mississippi State Bulldogs,betrivers,Mississippi State Bulldogs,4.0,-114
2026-09-18T20:23:41Z,a4e7771497976db67e6a81bc3700b32f,2026-09-19T20:15:00Z,South Carolina Gamecocks,Mississippi State Bulldogs,betrivers,South Carolina Gamecocks,-4.0,-109
2026-09-18T20:23:41Z,09e86b2dd47d075b2fddb3174d21b1ac,2026-09-19T20:30:00Z,UL Monroe Warhawks,Southeastern Louisiana Lions,betrivers,Southeastern Louisiana Lions,10.0,-110
2026-09-18T20:23:41Z,09e86b2dd47d075b2fddb3174d21b1ac,2026-09-19T20:30:00Z,UL Monroe Warhawks,Southeastern Louisiana Lions,betrivers,UL Monroe Warhawks,-10.0,-113
2026-09-18T20:23:41Z,09e86b2dd47d075b2fddb3174d21b1ac,2026-09-19T20:30:00Z,UL Monroe Warhawks,Southeastern Louisiana Lions,betmgm,Southeastern Louisiana Lions,10.5,-110
2026-09-18T20:23:41Z,09e86b2dd47d075b2fddb3174d21b1ac,2026-09-19T20:30:00Z,UL Monroe Warhawks,Southeastern Louisiana Lions,betmgm,UL Monroe Warhawks,-10.5,-108
2026-09-18T20:23:41Z,436d9422da324c807b9d2fb50a2ef62a,2026-09-19T22:00:00Z,Old Dominion Monarchs,East Carolina Pirates,draftkings,East Carolina Pirates,3.0,-118
2026-09-18T20:23:41Z,436d9422da324c807b9d2fb50a2ef62a,2026-09-19T22:00:00Z,Old Dominion Monarchs,East Carolina Pirates,draftkings,Old Dominion Monarchs,-3.0,-102
2026-09-18T20:23:41Z,436d9422da324c807b9d2fb50a2ef62a,2026-09-19T22:00:00Z,Old Dominion Monarchs,East Carolina Pirates,bovada,East Carolina Pirates,2.5,-105
2026-09-18T20:23:41Z,436d9422da324c807b9d2fb50a2ef62a,2026-09-19T22:00:00Z,Old Dominion Monarchs,East Carolina Pirates,bovada,Old Dominion Monarchs,-2.5,-115
2026-09-18T20:23:41Z,da4cee8b35281f4528d3dd939d42814d,2026-09-19T22:00:00Z,Florida Atlantic Owls,Florida International Panthers,betrivers,Florida Atlantic Owls,-6.5,-120
2026-09-18T20:23:41Z,da4cee8b35281f4528d3dd939d42814d,2026-09-19T22:00:00Z,Florida Atlantic Owls,Florida International Panthers,betrivers,Florida International Panthers,6.5,-105
2026-09-18T20:23:41Z,fa9113ed354c9a40e487f5b923b4238f,2026-09-19T22:30:00Z,Missouri State Bears,Marshall Thundering Herd,betrivers,Marshall Thundering Herd,-4.0,-112
2026-09-18T20:23:41Z,fa9113ed354c9a40e487f5b923b4238f,2026-09-19T22:30:00Z,Missouri State Bears,Marshall Thundering Herd,betrivers,Missouri State Bears,4.0,-112
2026-09-18T20:23:41Z,fa9113ed354c9a40e487f5b923b4238f,2026-09-19T22:30:00Z,Missouri State Bears,Marshall Thundering Herd,betmgm,Marshall Thundering Herd,-3.5,-110
2026-09-18T20:23:41Z,fa9113ed354c9a40e487f5b923b4238f,2026-09-19T22:30:00Z,Missouri State Bears,Marshall Thundering Herd,betmgm,Missouri State Bears,3.5,-108
2026-09-18T20:23:41Z,7ef3b27d15de635a3e05324f2b0c56cb,2026-09-19T23:00:00Z,Auburn Tigers,Florida Gators,betrivers,Auburn Tigers,2.0,-110
2026-09-18T20:23:41Z,7ef3b27d15de635a3e05324f2b0c56cb,2026-09-19T23:00:00Z,Auburn Tigers,Florida Gators,betrivers,Florida Gators,-2.0,-113
2026-09-18T20:23:41Z,7ef3b27d15de635a3e05324f2b0c56cb,2026-09-19T23:00:00Z,Auburn Tigers,Florida Gators,lowvig,Auburn Tigers,1.5,-101
2026-09-18T20:23:41Z,7ef3b27d15de635a3e05324f2b0c56cb,2026-09-19T23:00:00Z,Auburn Tigers,Florida Gators,lowvig,Florida Gators,-1.5,-111
2026-09-18T20:23:41Z,7ef3b27d15de635a3e05324f2b0c56cb,2026-09-19T23:00:00Z,Auburn Tigers,Florida Gators,betonlineag,Auburn Tigers,1.5,-105
2026-09-18T20:23:41Z,7ef3b27d15de635a3e05324f2b0c56cb,2026-09-19T23:00:00Z,Auburn Tigers,Florida Gators,betonlineag,Florida Gators,-1.5,-115
2026-09-18T20:23:41Z,7ef3b27d15de635a3e05324f2b0c56cb,2026-09-19T23:00:00Z,Auburn Tigers,Florida Gators,betmgm,Auburn Tigers,2.0,-108
2026-09-18T20:23:41Z,7ef3b27d15de635a3e05324f2b0c56cb,2026-09-19T23:00:00Z,Auburn Tigers,Florida Gators,betmgm,Florida Gators,-2.0,-110
2026-09-18T20:23:41Z,7ef3b27d15de635a3e05324f2b0c56cb,2026-09-19T23:00:00Z,Auburn Tigers,Florida Gators,bovada,Auburn Tigers,2.5,-115
2026-09-18T20:23:41Z,7ef3b27d15de635a3e05324f2b0c56cb,2026-09-19T23:00:00Z,Auburn Tigers,Florida Gators,bovada,Florida Gators,-2.5,-105
2026-09-18T20:23:41Z,4a9e833f32775e201ee648c51840df85,2026-09-19T23:00:00Z,UCF Knights,Georgia State Panthers,betrivers,Georgia State Panthers,17.5,-115
2026-09-18T20:23:41Z,4a9e833f32775e201ee648c51840df85,2026-09-19T23:00:00Z,UCF Knights,Georgia State Panthers,betrivers,UCF Knights,-17.5,-108
2026-09-18T20:23:41Z,b8810f15896c1fbe1ca25054585612f0,2026-09-19T23:00:00Z,Middle Tennessee Blue Raiders,Nevada Wolf Pack,fanduel,Middle Tennessee Blue Raiders,3.5,-110
2026-09-18T20:23:41Z,b8810f15896c1fbe1ca25054585612f0,2026-09-19T23:00:00Z,Middle Tennessee Blue Raiders,Nevada Wolf Pack,fanduel,Nevada Wolf Pack,-3.5,-110
2026-09-18T20:23:41Z,69164d1b806f25a76cdb6268e19d4365,2026-09-19T23:00:00Z,Missouri Tigers,Troy Trojans,bovada,Missouri Tigers,-27.0,-115
2026-09-18T20:23:41Z,69164d1b806f25a76cdb6268e19d4365,2026-09-19T23:00:00Z,Missouri Tigers,Troy Trojans,bovada,Troy Trojans,27.0,-105
2026-09-18T20:23:41Z,6c41bd5edc806bb66ae3038c8bfa3df0,2026-09-19T23:00:00Z,Oklahoma State Cowboys,Murray State Racers,fanduel,Murray State Racers,55.5,100
2026-09-18T20:23:41Z,6c41bd5edc806bb66ae3038c8bfa3df0,2026-09-19T23:00:00Z,Oklahoma State Cowboys,Murray State Racers,fanduel,Oklahoma State Cowboys,-55.5,-122
2026-09-18T20:23:41Z,6c41bd5edc806bb66ae3038c8bfa3df0,2026-09-19T23:00:00Z,Oklahoma State Cowboys,Murray State Racers,betmgm,Murray State Racers,55.5,-105
2026-09-18T20:23:41Z,6c41bd5edc806bb66ae3038c8bfa3df0,2026-09-19T23:00:00Z,Oklahoma State Cowboys,Murray State Racers,betmgm,Oklahoma State Cowboys,-55.5,-112
2026-09-18T20:23:41Z,0ce2e66203e1c66f3f2687fdccd37408,2026-09-19T23:00:00Z,Sam Houston State Bearkats,Nicholls State Colonels,betrivers,Nicholls State Colonels,19.0,-113
2026-09-18T20:23:41Z,0ce2e66203e1c66f3f2687fdccd37408,2026-09-19T23:00:00Z,Sam Houston State Bearkats,Nicholls State Colonels,betrivers,Sam Houston State Bearkats,-19.0,-110
2026-09-18T20:23:41Z,bcc250cd218a520bcd287c120644ba05,2026-09-19T23:00:00Z,South Alabama Jaguars,Ohio Bobcats,bovada,Ohio Bobcats,6.5,-105
2026-09-18T20:23:41Z,bcc250cd218a520bcd287c120644ba05,2026-09-19T23:00:00Z,South Alabama Jaguars,Ohio Bobcats,bovada,South Alabama Jaguars,-6.5,-115
2026-09-18T20:23:41Z,be8b2e012b50c86775a87bb633e330e6,2026-09-19T23:00:00Z,Rice Owls,Western Michigan Broncos,betmgm,Rice Owls,9.5,-110
2026-09-18T20:23:41Z,be8b2e012b50c86775a87bb633e330e6,2026-09-19T23:00:00Z,Rice Owls,Western Michigan Broncos,betmgm,Western Michigan Broncos,-9.5,-108
2026-09-18T20:23:41Z,be8b2e012b50c86775a87bb633e330e6,2026-09-19T23:00:00Z,Rice Owls,Western Michigan Broncos,betrivers,Rice Owls,9.5,-112
2026-09-18T20:23:41Z,be8b2e012b50c86775a87bb633e330e6,2026-09-19T23:00:00Z,Rice Owls,Western Michigan Broncos,betrivers,Western Michigan Broncos,-9.5,-112
2026-09-18T20:23:41Z,1088ecb8a4c34880f9fb0b9274a8d3e4,2026-09-19T23:00:00Z,Southern Mississippi Golden Eagles,UConn Huskies,betmgm,UConn Huskies,-3.0,-115
2026-09-18T20:23:41Z,e68b359be33a1855ff582d9dde87faac,2026-09-19T23:15:00Z,Washington Huskies,Eastern Washington Eagles,betmgm,Eastern Washington Eagles,42.5,-110
2026-09-18T20:23:41Z,55699549855efd1bed7b9d6ae1c7aded,2026-09-19T23:15:00Z,Nebraska Cornhuskers,North Dakota Fighting Hawks,lowvig,Nebraska Cornhuskers,-24.0,-125
2026-09-18T20:23:41Z,55699549855efd1bed7b9d6ae1c7aded,2026-09-19T23:15:00Z,Nebraska Cornhuskers,North Dakota Fighting Hawks,lowvig,North Dakota Fighting Hawks,24.0,-105
2026-09-18T20:23:41Z,55699549855efd1bed7b9d6ae1c7aded,2026-09-19T23:15:00Z,Nebraska Cornhuskers,North Dakota Fighting Hawks,betonlineag,Nebraska Cornhuskers,-24.0,-125
2026-09-18T20:23:41Z,55699549855efd1bed7b9d6ae1c7aded,2026-09-19T23:15:00Z,Nebraska Cornhuskers,North Dakota Fighting Hawks,betonlineag,North Dakota Fighting Hawks,24.0,-105
2026-09-18T20:23:41Z,55699549855efd1bed7b9d6ae1c7aded,2026-09-19T23:15:00Z,Nebraska Cornhuskers,North Dakota Fighting Hawks,betmgm,Nebraska Cornhuskers,-24.5,-108
2026-09-18T20:23:41Z,55699549855efd1bed7b9d6ae1c7aded,2026-09-19T23:15:00Z,Nebraska Cornhuskers,North Dakota Fighting Hawks,betmgm,North Dakota Fighting Hawks,24.5,-110
2026-09-18T20:23:41Z,55699549855efd1bed7b9d6ae1c7aded,2026-09-19T23:15:00Z,Nebraska Cornhuskers,North Dakota Fighting Hawks,bovada,Nebraska Cornhuskers,-24.5,-110
2026-09-18T20:23:41Z,55699549855efd1bed7b9d6ae1c7aded,2026-09-19T23:15:00Z,Nebraska Cornhuskers,North Dakota Fighting Hawks,bovada,North Dakota Fighting Hawks,24.5,-110
2026-09-18T20:23:41Z,d3b7a8be0f6c9e50f7afd4005990228b,2026-09-19T23:30:00Z,Colorado State Rams,BYU Cougars,betmgm,BYU Cougars,-17.5,-110
2026-09-18T20:23:41Z,d3b7a8be0f6c9e50f7afd4005990228b,2026-09-19T23:30:00Z,Colorado State Rams,BYU Cougars,betmgm,Colorado State Rams,17.5,-108
2026-09-18T20:23:41Z,03297aa8a399c223aa1cc6aa923d9bc6,2026-09-19T23:30:00Z,Northwestern Wildcats,Colorado Buffaloes,betmgm,Colorado Buffaloes,3.5,-110
2026-09-18T20:23:41Z,03297aa8a399c223aa1cc6aa923d9bc6,2026-09-19T23:30:00Z,Northwestern Wildcats,Colorado Buffaloes,betmgm,Northwestern Wildcats,-3.5,-108
2026-09-18T20:23:41Z,03297aa8a399c223aa1cc6aa923d9bc6,2026-09-19T23:30:00Z,Northwestern Wildcats,Colorado Buffaloes,bovada,Colorado Buffaloes,3.5,-110
2026-09-18T20:23:41Z,03297aa8a399c223aa1cc6aa923d9bc6,2026-09-19T23:30:00Z,Northwestern Wildcats,Colorado Buffaloes,bovada,Northwestern Wildcats,-3.5,-110
2026-09-18T20:23:41Z,65571f1cab1a260aae4a220e38dbbc1d,2026-09-19T23:30:00Z,Ole Miss Rebels,LSU Tigers,betonlineag,LSU Tigers,-3.0,-115
2026-09-18T20:23:41Z,65571f1cab1a260aae4a220e38dbbc1d,2026-09-19T23:30:00Z,Ole Miss Rebels,LSU Tigers,betonlineag,Ole Miss Rebels,3.0,-105
2026-09-18T20:23:41Z,b7cdc05f280bede1f19b996cc9b95753,2026-09-19T23:30:00Z,Maryland Terrapins,Virginia Tech Hokies,betmgm,Maryland Terrapins,3.0,-118
2026-09-18T20:23:41Z,b7cdc05f280bede1f19b996cc9b95753,2026-09-19T23:30:00Z,Maryland Terrapins,Virginia Tech Hokies,betmgm,Virginia Tech Hokies,-3.0,-102
2026-09-18T20:23:41Z,b7cdc05f280bede1f19b996cc9b95753,2026-09-19T23:30:00Z,Maryland Terrapins,Virginia Tech Hokies,bovada,Maryland Terrapins,3.0,-120
2026-09-18T20:23:41Z,b7cdc05f280bede1f19b996cc9b95753,2026-09-19T23:30:00Z,Maryland Terrapins,Virginia Tech Hokies,bovada,Virginia Tech Hokies,-3.0,100
2026-09-18T20:23:41Z,7e3b8cd721f0817d0a6c3111221e8a91,2026-09-19T23:30:00Z,Notre Dame Fighting Irish,Michigan State Spartans,betrivers,Michigan State Spartans,30.0,-112
2026-09-18T20:23:41Z,7e3b8cd721f0817d0a6c3111221e8a91,2026-09-19T23:30:00Z,Notre Dame Fighting Irish,Michigan State Spartans,betrivers,Notre Dame Fighting Irish,-30.0,-112
2026-09-18T20:23:41Z,47892b65c28a830d83bbe465b070ce01,2026-09-19T23:30:00Z,Oklahoma Sooners,New Mexico Lobos,lowvig,New Mexico Lobos,21.5,-111
2026-09-18T20:23:41Z,47892b65c28a830d83bbe465b070ce01,2026-09-19T23:30:00Z,Oklahoma Sooners,New Mexico Lobos,lowvig,Oklahoma Sooners,-21.5,-101
2026-09-18T20:23:41Z,47892b65c28a830d83bbe465b070ce01,2026-09-19T23:30:00Z,Oklahoma Sooners,New Mexico Lobos,betonlineag,New Mexico Lobos,21.5,-115
2026-09-18T20:23:41Z,47892b65c28a830d83bbe465b070ce01,2026-09-19T23:30:00Z,Oklahoma Sooners,New Mexico Lobos,betonlineag,Oklahoma Sooners,-21.5,-105
2026-09-18T20:23:41Z,47892b65c28a830d83bbe465b070ce01,2026-09-19T23:30:00Z,Oklahoma Sooners,New Mexico Lobos,betmgm,New Mexico Lobos,21.5,-112
2026-09-18T20:23:41Z,47892b65c28a830d83bbe465b070ce01,2026-09-19T23:30:00Z,Oklahoma Sooners,New Mexico Lobos,betmgm,Oklahoma Sooners,-21.5,-105
2026-09-18T20:23:41Z,eda972dc55ded05916deafa37efab9c3,2026-09-19T23:30:00Z,West Virginia Mountaineers,Virginia Cavaliers,betmgm,Virginia Cavaliers,-11.0,-112
2026-09-18T20:23:41Z,eda972dc55ded05916deafa37efab9c3,2026-09-19T23:30:00Z,West Virginia Mountaineers,Virginia Cavaliers,betmgm,West Virginia Mountaineers,11.0,-118
2026-09-18T20:23:41Z,cc6953f45fe5acfc853fdf5e5e28a0e7,2026-09-19T23:45:00Z,Tennessee Volunteers,Kennesaw State Owls,betmgm,Kennesaw State Owls,35.0,-110
2026-09-18T20:23:41Z,cc6953f45fe5acfc853fdf5e5e28a0e7,2026-09-19T23:45:00Z,Tennessee Volunteers,Kennesaw State Owls,betmgm,Tennessee Volunteers,-35.0,-120
2026-09-18T20:23:41Z,a64b980a572375c0cc1adba3c3fc2811,2026-09-20T00:00:00Z,TCU Horned Frogs,Arkansas State Red Wolves,lowvig,Arkansas State Red Wolves,18.5,-101
2026-09-18T20:23:41Z,a64b980a572375c0cc1adba3c3fc2811,2026-09-20T00:00:00Z,TCU Horned Frogs,Arkansas State Red Wolves,lowvig,TCU Horned Frogs,-18.5,-111
2026-09-18T20:23:41Z,a64b980a572375c0cc1adba3c3fc2811,2026-09-20T00:00:00Z,TCU Horned Frogs,Arkansas State Red Wolves,betonlineag,Arkansas State Red Wolves,18.5,-105
2026-09-18T20:23:41Z,a64b980a572375c0cc1adba3c3fc2811,2026-09-20T00:00:00Z,TCU Horned Frogs,Arkansas State Red Wolves,betonlineag,TCU Horned Frogs,-18.5,-115
2026-09-18T20:23:41Z,a64b980a572375c0cc1adba3c3fc2811,2026-09-20T00:00:00Z,TCU Horned Frogs,Arkansas State Red Wolves,betmgm,Arkansas State Red Wolves,18.5,-110
2026-09-18T20:23:41Z,a64b980a572375c0cc1adba3c3fc2811,2026-09-20T00:00:00Z,TCU Horned Frogs,Arkansas State Red Wolves,betmgm,TCU Horned Frogs,-18.5,-118
2026-09-18T20:23:41Z,a64b980a572375c0cc1adba3c3fc2811,2026-09-20T00:00:00Z,TCU Horned Frogs,Arkansas State Red Wolves,betus,Arkansas State Red Wolves,18.5,-105
2026-09-18T20:23:41Z,a64b980a572375c0cc1adba3c3fc2811,2026-09-20T00:00:00Z,TCU Horned Frogs,Arkansas State Red Wolves,betus,TCU Horned Frogs,-18.5,-115
2026-09-18T20:23:41Z,828ceb39d7fd7da80c98174ae5f02dcd,2026-09-20T00:00:00Z,Louisiana Ragin Cajuns,UAB Blazers,betmgm,Louisiana Ragin Cajuns,-7.5,-110
2026-09-18T20:23:41Z,828ceb39d7fd7da80c98174ae5f02dcd,2026-09-20T00:00:00Z,Louisiana Ragin Cajuns,UAB Blazers,betmgm,UAB Blazers,7.5,-108
2026-09-18T20:23:41Z,828ceb39d7fd7da80c98174ae5f02dcd,2026-09-20T00:00:00Z,Louisiana Ragin Cajuns,UAB Blazers,betrivers,Louisiana Ragin Cajuns,-7.0,-120
2026-09-18T20:23:41Z,828ceb39d7fd7da80c98174ae5f02dcd,2026-09-20T00:00:00Z,Louisiana Ragin Cajuns,UAB Blazers,betrivers,UAB Blazers,7.0,-105
2026-09-18T20:23:41Z,6059b05ef23d08d9033bd7b5fe38e5d0,2026-09-20T00:00:00Z,Texas Longhorns,UTSA Roadrunners,betmgm,Texas Longhorns,-29.5,-118
2026-09-18T20:23:41Z,6059b05ef23d08d9033bd7b5fe38e5d0,2026-09-20T00:00:00Z,Texas Longhorns,UTSA Roadrunners,betmgm,UTSA Roadrunners,29.5,-112
2026-09-18T20:23:41Z,6d109b8538a3588ad21a393896d32efc,2026-09-20T02:00:00Z,Boise State Broncos,South Dakota Coyotes,betrivers,Boise State Broncos,-24.5,-108
2026-09-18T20:23:41Z,6d109b8538a3588ad21a393896d32efc,2026-09-20T02:00:00Z,Boise State Broncos,South Dakota Coyotes,betrivers,South Dakota Coyotes,24.5,-117
2026-09-18T20:23:41Z,6d109b8538a3588ad21a393896d32efc,2026-09-20T02:00:00Z,Boise State Broncos,South Dakota Coyotes,draftkings,Boise State Broncos,-24.5,-110
2026-09-18T20:23:41Z,6d109b8538a3588ad21a393896d32efc,2026-09-20T02:00:00Z,Boise State Broncos,South Dakota Coyotes,draftkings,South Dakota Coyotes,24.5,-110
2026-09-18T20:23:41Z,6d109b8538a3588ad21a393896d32efc,2026-09-20T02:00:00Z,Boise State Broncos,South Dakota Coyotes,betmgm,Boise State Broncos,-24.5,-105
2026-09-18T20:23:41Z,6d109b8538a3588ad21a393896d32efc,2026-09-20T02:00:00Z,Boise State Broncos,South Dakota Coyotes,betmgm,South Dakota Coyotes,24.5,-112
2026-09-18T20:23:41Z,0cdf27f150204b8512bca1e2d7cce051,2026-09-20T02:00:00Z,San Diego State Aztecs,James Madison Dukes,betmgm,James Madison Dukes,1.5,-112
2026-09-18T20:23:41Z,0cdf27f150204b8512bca1e2d7cce051,2026-09-20T02:00:00Z,San Diego State Aztecs,James Madison Dukes,betmgm,San Diego State Aztecs,-1.5,-118
2026-09-18T20:23:41Z,0cdf27f150204b8512bca1e2d7cce051,2026-09-20T02:00:00Z,San Diego State Aztecs,James Madison Dukes,bovada,James Madison Dukes,1.0,-105
2026-09-18T20:23:41Z,0cdf27f150204b8512bca1e2d7cce051,2026-09-20T02:00:00Z,San Diego State Aztecs,James Madison Dukes,bovada,San Diego State Aztecs,-1.0,-115
2026-09-18T20:23:41Z,93de8127b5d37170dff2b88deca0b95e,2026-09-20T02:30:00Z,Arizona Wildcats,Northern Illinois Huskies,draftkings,Arizona Wildcats,-33.5,-118
2026-09-18T20:23:41Z,93de8127b5d37170dff2b88deca0b95e,2026-09-20T02:30:00Z,Arizona Wildcats,Northern Illinois Huskies,draftkings,Northern Illinois Huskies,33.5,-102
2026-09-18T20:23:41Z,93de8127b5d37170dff2b88deca0b95e,2026-09-20T02:30:00Z,Arizona Wildcats,Northern Illinois Huskies,lowvig,Arizona Wildcats,-34.0,-106
2026-09-18T20:23:41Z,93de8127b5d37170dff2b88deca0b95e,2026-09-20T02:30:00Z,Arizona Wildcats,Northern Illinois Huskies,lowvig,Northern Illinois Huskies,34.0,-106
2026-09-18T20:23:41Z,93de8127b5d37170dff2b88deca0b95e,2026-09-20T02:30:00Z,Arizona Wildcats,Northern Illinois Huskies,betonlineag,Arizona Wildcats,-34.0,-110
2026-09-18T20:23:41Z,93de8127b5d37170dff2b88deca0b95e,2026-09-20T02:30:00Z,Arizona Wildcats,Northern Illinois Huskies,betonlineag,Northern Illinois Huskies,34.0,-110
2026-09-18T20:23:41Z,93de8127b5d37170dff2b88deca0b95e,2026-09-20T02:30:00Z,Arizona Wildcats,Northern Illinois Huskies,betmgm,Arizona Wildcats,-33.5,-110
2026-09-18T20:23:41Z,93de8127b5d37170dff2b88deca0b95e,2026-09-20T02:30:00Z,Arizona Wildcats,Northern Illinois Huskies,betmgm,Northern Illinois Huskies,33.5,-108
2026-09-18T20:23:41Z,0c7583234f964dbb7d9803a27d6b6dae,2026-09-20T02:30:00Z,Sacramento State Hornets,North Dakota State Bison,draftkings,North Dakota State Bison,-27.5,-115
2026-09-18T20:23:41Z,0c7583234f964dbb7d9803a27d6b6dae,2026-09-20T02:30:00Z,Sacramento State Hornets,North Dakota State Bison,draftkings,Sacramento State Hornets,27.5,-105
2026-09-18T20:23:41Z,381e5c97af94a83e03eae0ac6f11ed38,2026-09-20T03:00:00Z,Oregon State Beavers,Montana Grizzlies,betrivers,Montana Grizzlies,17.0,-109
2026-09-18T20:23:41Z,381e5c97af94a83e03eae0ac6f11ed38,2026-09-20T03:00:00Z,Oregon State Beavers,Montana Grizzlies,betrivers,Oregon State Beavers,-17.0,-114
2026-09-18T20:23:41Z,7a6a2035bf5d7abd30d6cc8b76d59e3e,2026-09-20T03:00:00Z,UCLA Bruins,Purdue Boilermakers,betrivers,Purdue Boilermakers,14.0,-112
2026-09-18T20:23:41Z,7a6a2035bf5d7abd30d6cc8b76d59e3e,2026-09-20T03:00:00Z,UCLA Bruins,Purdue Boilermakers,betrivers,UCLA Bruins,-14.0,-112
2026-09-19T03:57:21Z,529a333381665c34d05b290d2c9eb5b9,2026-09-19T15:30:00Z,Delaware Blue Hens,Coastal Carolina Chanticleers,betrivers,Coastal Carolina Chanticleers,5.5,-114
2026-09-19T03:57:21Z,529a333381665c34d05b290d2c9eb5b9,2026-09-19T15:30:00Z,Delaware Blue Hens,Coastal Carolina Chanticleers,betrivers,Delaware Blue Hens,-5.5,-109
2026-09-19T03:57:21Z,529a333381665c34d05b290d2c9eb5b9,2026-09-19T15:30:00Z,Delaware Blue Hens,Coastal Carolina Chanticleers,betonlineag,Coastal Carolina Chanticleers,5.0,-110
2026-09-19T03:57:21Z,529a333381665c34d05b290d2c9eb5b9,2026-09-19T15:30:00Z,Delaware Blue Hens,Coastal Carolina Chanticleers,betonlineag,Delaware Blue Hens,-5.0,-110
2026-09-19T03:57:21Z,529a333381665c34d05b290d2c9eb5b9,2026-09-19T15:30:00Z,Delaware Blue Hens,Coastal Carolina Chanticleers,lowvig,Coastal Carolina Chanticleers,5.0,-106
2026-09-19T03:57:21Z,529a333381665c34d05b290d2c9eb5b9,2026-09-19T15:30:00Z,Delaware Blue Hens,Coastal Carolina Chanticleers,lowvig,Delaware Blue Hens,-5.0,-106
2026-09-19T03:57:21Z,529a333381665c34d05b290d2c9eb5b9,2026-09-19T15:30:00Z,Delaware Blue Hens,Coastal Carolina Chanticleers,betmgm,Coastal Carolina Chanticleers,5.0,-110
2026-09-19T03:57:21Z,529a333381665c34d05b290d2c9eb5b9,2026-09-19T15:30:00Z,Delaware Blue Hens,Coastal Carolina Chanticleers,betmgm,Delaware Blue Hens,-5.0,-108
2026-09-19T03:57:21Z,a317e3ffe5919c8bff3b9b303054f1b3,2026-09-19T16:00:00Z,Arizona State Sun Devils,Kansas Jayhawks,fanduel,Arizona State Sun Devils,-5.5,-110
2026-09-19T03:57:21Z,a317e3ffe5919c8bff3b9b303054f1b3,2026-09-19T16:00:00Z,Arizona State Sun Devils,Kansas Jayhawks,fanduel,Kansas Jayhawks,5.5,-110
2026-09-19T03:57:21Z,a317e3ffe5919c8bff3b9b303054f1b3,2026-09-19T16:00:00Z,Arizona State Sun Devils,Kansas Jayhawks,betrivers,Arizona State Sun Devils,-5.5,-110
2026-09-19T03:57:21Z,a317e3ffe5919c8bff3b9b303054f1b3,2026-09-19T16:00:00Z,Arizona State Sun Devils,Kansas Jayhawks,betrivers,Kansas Jayhawks,5.5,-113
2026-09-19T03:57:21Z,01e9c4d460a55375a75d025e2b1ddbf5,2026-09-19T16:00:00Z,Arkansas Razorbacks,Georgia Bulldogs,betrivers,Arkansas Razorbacks,24.5,-114
2026-09-19T03:57:21Z,01e9c4d460a55375a75d025e2b1ddbf5,2026-09-19T16:00:00Z,Arkansas Razorbacks,Georgia Bulldogs,betrivers,Georgia Bulldogs,-24.5,-109
2026-09-19T03:57:21Z,01e9c4d460a55375a75d025e2b1ddbf5,2026-09-19T16:00:00Z,Arkansas Razorbacks,Georgia Bulldogs,betmgm,Arkansas Razorbacks,24.5,-108
2026-09-19T03:57:21Z,01e9c4d460a55375a75d025e2b1ddbf5,2026-09-19T16:00:00Z,Arkansas Razorbacks,Georgia Bulldogs,betmgm,Georgia Bulldogs,-24.5,-110
2026-09-19T03:57:21Z,9a69dbd474c6181a4c51f397b9b25d38,2026-09-19T16:00:00Z,Iowa State Cyclones,Bowling Green Falcons,fanduel,Bowling Green Falcons,23.5,-114
2026-09-19T03:57:21Z,9a69dbd474c6181a4c51f397b9b25d38,2026-09-19T16:00:00Z,Iowa State Cyclones,Bowling Green Falcons,fanduel,Iowa State Cyclones,-23.5,-106
2026-09-19T03:57:21Z,9a69dbd474c6181a4c51f397b9b25d38,2026-09-19T16:00:00Z,Iowa State Cyclones,Bowling Green Falcons,betmgm,Bowling Green Falcons,23.5,-108
2026-09-19T03:57:21Z,9a69dbd474c6181a4c51f397b9b25d38,2026-09-19T16:00:00Z,Iowa State Cyclones,Bowling Green Falcons,betmgm,Iowa State Cyclones,-23.5,-110
2026-09-19T03:57:21Z,36baf28c66c363255bb0cd88b6aaf914,2026-09-19T16:00:00Z,Penn State Nittany Lions,Buffalo Bulls,betrivers,Buffalo Bulls,41.0,-115
2026-09-19T03:57:21Z,36baf28c66c363255bb0cd88b6aaf914,2026-09-19T16:00:00Z,Penn State Nittany Lions,Buffalo Bulls,betrivers,Penn State Nittany Lions,-41.0,-108
2026-09-19T03:57:21Z,36baf28c66c363255bb0cd88b6aaf914,2026-09-19T16:00:00Z,Penn State Nittany Lions,Buffalo Bulls,betmgm,Buffalo Bulls,41.5,-112
2026-09-19T03:57:21Z,3fe3d77e009a7f205cce737523609a86,2026-09-19T16:00:00Z,Clemson Tigers,North Carolina Tar Heels,draftkings,Clemson Tigers,-3.0,-115
2026-09-19T03:57:21Z,3fe3d77e009a7f205cce737523609a86,2026-09-19T16:00:00Z,Clemson Tigers,North Carolina Tar Heels,draftkings,North Carolina Tar Heels,3.0,-105
2026-09-19T03:57:21Z,3fe3d77e009a7f205cce737523609a86,2026-09-19T16:00:00Z,Clemson Tigers,North Carolina Tar Heels,betrivers,Clemson Tigers,-3.5,-106
2026-09-19T03:57:21Z,3fe3d77e009a7f205cce737523609a86,2026-09-19T16:00:00Z,Clemson Tigers,North Carolina Tar Heels,betrivers,North Carolina Tar Heels,3.5,-118
2026-09-19T03:57:21Z,3fe3d77e009a7f205cce737523609a86,2026-09-19T16:00:00Z,Clemson Tigers,North Carolina Tar Heels,betmgm,Clemson Tigers,-3.0,-118
2026-09-19T03:57:21Z,3514404f321e9cf55f11222c8e36233b,2026-09-19T16:00:00Z,Georgia Tech Yellow Jackets,Mercer Bears,fanduel,Georgia Tech Yellow Jackets,-40.5,-112
2026-09-19T03:57:21Z,3514404f321e9cf55f11222c8e36233b,2026-09-19T16:00:00Z,Georgia Tech Yellow Jackets,Mercer Bears,fanduel,Mercer Bears,40.5,-108
2026-09-19T03:57:21Z,3514404f321e9cf55f11222c8e36233b,2026-09-19T16:00:00Z,Georgia Tech Yellow Jackets,Mercer Bears,betrivers,Georgia Tech Yellow Jackets,-38.5,-112
2026-09-19T03:57:21Z,3514404f321e9cf55f11222c8e36233b,2026-09-19T16:00:00Z,Georgia Tech Yellow Jackets,Mercer Bears,betrivers,Mercer Bears,38.5,-112
2026-09-19T03:57:21Z,3514404f321e9cf55f11222c8e36233b,2026-09-19T16:00:00Z,Georgia Tech Yellow Jackets,Mercer Bears,draftkings,Georgia Tech Yellow Jackets,-39.5,-105
2026-09-19T03:57:21Z,3514404f321e9cf55f11222c8e36233b,2026-09-19T16:00:00Z,Georgia Tech Yellow Jackets,Mercer Bears,draftkings,Mercer Bears,39.5,-115
2026-09-19T03:57:21Z,3514404f321e9cf55f11222c8e36233b,2026-09-19T16:00:00Z,Georgia Tech Yellow Jackets,Mercer Bears,betonlineag,Georgia Tech Yellow Jackets,-40.5,-105
2026-09-19T03:57:21Z,3514404f321e9cf55f11222c8e36233b,2026-09-19T16:00:00Z,Georgia Tech Yellow Jackets,Mercer Bears,betonlineag,Mercer Bears,40.5,-125
2026-09-19T03:57:21Z,3514404f321e9cf55f11222c8e36233b,2026-09-19T16:00:00Z,Georgia Tech Yellow Jackets,Mercer Bears,lowvig,Georgia Tech Yellow Jackets,-40.5,-105
2026-09-19T03:57:21Z,3514404f321e9cf55f11222c8e36233b,2026-09-19T16:00:00Z,Georgia Tech Yellow Jackets,Mercer Bears,lowvig,Mercer Bears,40.5,-125
2026-09-19T03:57:21Z,3514404f321e9cf55f11222c8e36233b,2026-09-19T16:00:00Z,Georgia Tech Yellow Jackets,Mercer Bears,betmgm,Georgia Tech Yellow Jackets,-39.0,-110
2026-09-19T03:57:21Z,3514404f321e9cf55f11222c8e36233b,2026-09-19T16:00:00Z,Georgia Tech Yellow Jackets,Mercer Bears,betmgm,Mercer Bears,39.0,-108
2026-09-19T03:57:21Z,3514404f321e9cf55f11222c8e36233b,2026-09-19T16:00:00Z,Georgia Tech Yellow Jackets,Mercer Bears,bovada,Georgia Tech Yellow Jackets,-38.5,-110
2026-09-19T03:57:21Z,3514404f321e9cf55f11222c8e36233b,2026-09-19T16:00:00Z,Georgia Tech Yellow Jackets,Mercer Bears,bovada,Mercer Bears,38.5,-110
2026-09-19T03:57:21Z,6eee31d7778965a3e617f10146619c1d,2026-09-19T16:00:00Z,Ohio State Buckeyes,Kent State Golden Flashes,betrivers,Kent State Golden Flashes,52.5,-115
2026-09-19T03:57:21Z,6eee31d7778965a3e617f10146619c1d,2026-09-19T16:00:00Z,Ohio State Buckeyes,Kent State Golden Flashes,betrivers,Ohio State Buckeyes,-52.5,-108
2026-09-19T03:57:21Z,b0cd2e8beaf0dc333daa592a0d3d5c3a,2026-09-19T16:00:00Z,Texas State Bobcats,North Texas Mean Green,fanduel,North Texas Mean Green,2.5,100
2026-09-19T03:57:21Z,b0cd2e8beaf0dc333daa592a0d3d5c3a,2026-09-19T16:00:00Z,Texas State Bobcats,North Texas Mean Green,fanduel,Texas State Bobcats,-2.5,-122
2026-09-19T03:57:21Z,b0cd2e8beaf0dc333daa592a0d3d5c3a,2026-09-19T16:00:00Z,Texas State Bobcats,North Texas Mean Green,betrivers,North Texas Mean Green,2.5,-107
2026-09-19T03:57:21Z,b0cd2e8beaf0dc333daa592a0d3d5c3a,2026-09-19T16:00:00Z,Texas State Bobcats,North Texas Mean Green,betrivers,Texas State Bobcats,-2.5,-117
2026-09-19T03:57:21Z,b0cd2e8beaf0dc333daa592a0d3d5c3a,2026-09-19T16:00:00Z,Texas State Bobcats,North Texas Mean Green,draftkings,North Texas Mean Green,3.0,-115
2026-09-19T03:57:21Z,b0cd2e8beaf0dc333daa592a0d3d5c3a,2026-09-19T16:00:00Z,Texas State Bobcats,North Texas Mean Green,draftkings,Texas State Bobcats,-3.0,-105
2026-09-19T03:57:21Z,b0cd2e8beaf0dc333daa592a0d3d5c3a,2026-09-19T16:00:00Z,Texas State Bobcats,North Texas Mean Green,lowvig,North Texas Mean Green,3.0,-111
2026-09-19T03:57:21Z,b0cd2e8beaf0dc333daa592a0d3d5c3a,2026-09-19T16:00:00Z,Texas State Bobcats,North Texas Mean Green,lowvig,Texas State Bobcats,-3.0,-101
2026-09-19T03:57:21Z,b0cd2e8beaf0dc333daa592a0d3d5c3a,2026-09-19T16:00:00Z,Texas State Bobcats,North Texas Mean Green,betonlineag,North Texas Mean Green,3.0,-115
2026-09-19T03:57:21Z,b0cd2e8beaf0dc333daa592a0d3d5c3a,2026-09-19T16:00:00Z,Texas State Bobcats,North Texas Mean Green,betonlineag,Texas State Bobcats,-3.0,-105
2026-09-19T03:57:21Z,b0cd2e8beaf0dc333daa592a0d3d5c3a,2026-09-19T16:00:00Z,Texas State Bobcats,North Texas Mean Green,betmgm,North Texas Mean Green,3.0,-115
2026-09-19T03:57:21Z,b0cd2e8beaf0dc333daa592a0d3d5c3a,2026-09-19T16:00:00Z,Texas State Bobcats,North Texas Mean Green,betmgm,Texas State Bobcats,-3.0,-102
2026-09-19T03:57:21Z,b0cd2e8beaf0dc333daa592a0d3d5c3a,2026-09-19T16:00:00Z,Texas State Bobcats,North Texas Mean Green,betus,North Texas Mean Green,3.0,-110
2026-09-19T03:57:21Z,b0cd2e8beaf0dc333daa592a0d3d5c3a,2026-09-19T16:00:00Z,Texas State Bobcats,North Texas Mean Green,betus,Texas State Bobcats,-3.0,-110
2026-09-19T03:57:21Z,b0cd2e8beaf0dc333daa592a0d3d5c3a,2026-09-19T16:00:00Z,Texas State Bobcats,North Texas Mean Green,bovada,North Texas Mean Green,3.0,-120
2026-09-19T03:57:21Z,b0cd2e8beaf0dc333daa592a0d3d5c3a,2026-09-19T16:00:00Z,Texas State Bobcats,North Texas Mean Green,bovada,Texas State Bobcats,-3.0,100
2026-09-19T03:57:21Z,bd7ae9e585a6595f7d308d45e1bf35e3,2026-09-19T16:30:00Z,Wisconsin Badgers,Eastern Michigan Eagles,fanduel,Eastern Michigan Eagles,23.5,100
2026-09-19T03:57:21Z,bd7ae9e585a6595f7d308d45e1bf35e3,2026-09-19T16:30:00Z,Wisconsin Badgers,Eastern Michigan Eagles,fanduel,Wisconsin Badgers,-23.5,-122
2026-09-19T03:57:21Z,bd7ae9e585a6595f7d308d45e1bf35e3,2026-09-19T16:30:00Z,Wisconsin Badgers,Eastern Michigan Eagles,betrivers,Eastern Michigan Eagles,23.5,-114
2026-09-19T03:57:21Z,bd7ae9e585a6595f7d308d45e1bf35e3,2026-09-19T16:30:00Z,Wisconsin Badgers,Eastern Michigan Eagles,betrivers,Wisconsin Badgers,-23.5,-109
2026-09-19T03:57:21Z,bd7ae9e585a6595f7d308d45e1bf35e3,2026-09-19T16:30:00Z,Wisconsin Badgers,Eastern Michigan Eagles,betmgm,Eastern Michigan Eagles,23.5,-105
2026-09-19T03:57:21Z,bd7ae9e585a6595f7d308d45e1bf35e3,2026-09-19T16:30:00Z,Wisconsin Badgers,Eastern Michigan Eagles,betmgm,Wisconsin Badgers,-23.5,-112
2026-09-19T03:57:21Z,2e9835b129f8b8055d4a24f736547363,2026-09-19T16:45:00Z,Vanderbilt Commodores,NC State Wolfpack,fanduel,NC State Wolfpack,3.5,-120
2026-09-19T03:57:21Z,2e9835b129f8b8055d4a24f736547363,2026-09-19T16:45:00Z,Vanderbilt Commodores,NC State Wolfpack,fanduel,Vanderbilt Commodores,-3.5,-102
2026-09-19T03:57:21Z,2e9835b129f8b8055d4a24f736547363,2026-09-19T16:45:00Z,Vanderbilt Commodores,NC State Wolfpack,draftkings,NC State Wolfpack,3.0,-102
2026-09-19T03:57:21Z,2e9835b129f8b8055d4a24f736547363,2026-09-19T16:45:00Z,Vanderbilt Commodores,NC State Wolfpack,draftkings,Vanderbilt Commodores,-3.0,-118
2026-09-19T03:57:21Z,2e9835b129f8b8055d4a24f736547363,2026-09-19T16:45:00Z,Vanderbilt Commodores,NC State Wolfpack,betmgm,NC State Wolfpack,3.5,-115
2026-09-19T03:57:21Z,2e9835b129f8b8055d4a24f736547363,2026-09-19T16:45:00Z,Vanderbilt Commodores,NC State Wolfpack,bovada,NC State Wolfpack,3.5,-120
2026-09-19T03:57:21Z,2e9835b129f8b8055d4a24f736547363,2026-09-19T16:45:00Z,Vanderbilt Commodores,NC State Wolfpack,bovada,Vanderbilt Commodores,-3.5,100
2026-09-19T03:57:21Z,08a2eb7afbd58ee7a8fb47bb4142eded,2026-09-19T18:00:00Z,Boston College Eagles,Maine Black Bears,draftkings,Boston College Eagles,-38.5,-102
2026-09-19T03:57:21Z,08a2eb7afbd58ee7a8fb47bb4142eded,2026-09-19T18:00:00Z,Boston College Eagles,Maine Black Bears,draftkings,Maine Black Bears,38.5,-118
2026-09-19T03:57:21Z,578e82a8bc67101e9eba884729ffcc69,2026-09-19T18:00:00Z,Illinois Fighting Illini,Southern Illinois Salukis,fanduel,Illinois Fighting Illini,-38.5,-114
2026-09-19T03:57:21Z,578e82a8bc67101e9eba884729ffcc69,2026-09-19T18:00:00Z,Illinois Fighting Illini,Southern Illinois Salukis,fanduel,Southern Illinois Salukis,38.5,-106
2026-09-19T03:57:21Z,578e82a8bc67101e9eba884729ffcc69,2026-09-19T18:00:00Z,Illinois Fighting Illini,Southern Illinois Salukis,betrivers,Illinois Fighting Illini,-38.5,-108
2026-09-19T03:57:21Z,578e82a8bc67101e9eba884729ffcc69,2026-09-19T18:00:00Z,Illinois Fighting Illini,Southern Illinois Salukis,betrivers,Southern Illinois Salukis,38.5,-115
2026-09-19T03:57:21Z,578e82a8bc67101e9eba884729ffcc69,2026-09-19T18:00:00Z,Illinois Fighting Illini,Southern Illinois Salukis,draftkings,Illinois Fighting Illini,-38.5,100
2026-09-19T03:57:21Z,578e82a8bc67101e9eba884729ffcc69,2026-09-19T18:00:00Z,Illinois Fighting Illini,Southern Illinois Salukis,draftkings,Southern Illinois Salukis,38.5,-120
2026-09-19T03:57:21Z,578e82a8bc67101e9eba884729ffcc69,2026-09-19T18:00:00Z,Illinois Fighting Illini,Southern Illinois Salukis,lowvig,Illinois Fighting Illini,-37.5,-111
2026-09-19T03:57:21Z,578e82a8bc67101e9eba884729ffcc69,2026-09-19T18:00:00Z,Illinois Fighting Illini,Southern Illinois Salukis,lowvig,Southern Illinois Salukis,37.5,-101
2026-09-19T03:57:21Z,578e82a8bc67101e9eba884729ffcc69,2026-09-19T18:00:00Z,Illinois Fighting Illini,Southern Illinois Salukis,betonlineag,Illinois Fighting Illini,-37.5,-115
2026-09-19T03:57:21Z,578e82a8bc67101e9eba884729ffcc69,2026-09-19T18:00:00Z,Illinois Fighting Illini,Southern Illinois Salukis,betonlineag,Southern Illinois Salukis,37.5,-115
2026-09-19T03:57:21Z,578e82a8bc67101e9eba884729ffcc69,2026-09-19T18:00:00Z,Illinois Fighting Illini,Southern Illinois Salukis,betmgm,Illinois Fighting Illini,-38.0,-112
2026-09-19T03:57:21Z,578e82a8bc67101e9eba884729ffcc69,2026-09-19T18:00:00Z,Illinois Fighting Illini,Southern Illinois Salukis,betmgm,Southern Illinois Salukis,38.0,-105
2026-09-19T03:57:21Z,578e82a8bc67101e9eba884729ffcc69,2026-09-19T18:00:00Z,Illinois Fighting Illini,Southern Illinois Salukis,bovada,Illinois Fighting Illini,-38.5,100
2026-09-19T03:57:21Z,578e82a8bc67101e9eba884729ffcc69,2026-09-19T18:00:00Z,Illinois Fighting Illini,Southern Illinois Salukis,bovada,Southern Illinois Salukis,38.5,-120
2026-09-19T03:57:21Z,ea8b0414ff464255eef426fd61427030,2026-09-19T19:00:00Z,Toledo Rockets,Temple Owls,betrivers,Temple Owls,6.0,-115
2026-09-19T03:57:21Z,ea8b0414ff464255eef426fd61427030,2026-09-19T19:00:00Z,Toledo Rockets,Temple Owls,betrivers,Toledo Rockets,-6.0,-108
2026-09-19T03:57:21Z,a85cea77fbd44d9135461815777f6a9c,2026-09-19T19:30:00Z,Alabama Crimson Tide,Florida State Seminoles,betmgm,Florida State Seminoles,19.5,-108
2026-09-19T03:57:21Z,a85cea77fbd44d9135461815777f6a9c,2026-09-19T19:30:00Z,Alabama Crimson Tide,Florida State Seminoles,betrivers,Alabama Crimson Tide,-20.0,-113
2026-09-19T03:57:21Z,a85cea77fbd44d9135461815777f6a9c,2026-09-19T19:30:00Z,Alabama Crimson Tide,Florida State Seminoles,betrivers,Florida State Seminoles,20.0,-110
2026-09-19T03:57:21Z,8bdb9d65119df877f2e2ec632d28fef1,2026-09-19T19:30:00Z,Washington State Cougars,Duquesne Dukes,draftkings,Duquesne Dukes,38.5,-105
2026-09-19T03:57:21Z,8bdb9d65119df877f2e2ec632d28fef1,2026-09-19T19:30:00Z,Washington State Cougars,Duquesne Dukes,draftkings,Washington State Cougars,-38.5,-115
2026-09-19T03:57:21Z,8bdb9d65119df877f2e2ec632d28fef1,2026-09-19T19:30:00Z,Washington State Cougars,Duquesne Dukes,betrivers,Duquesne Dukes,38.0,-113
2026-09-19T03:57:21Z,8bdb9d65119df877f2e2ec632d28fef1,2026-09-19T19:30:00Z,Washington State Cougars,Duquesne Dukes,betrivers,Washington State Cougars,-38.0,-110
2026-09-19T03:57:21Z,8bdb9d65119df877f2e2ec632d28fef1,2026-09-19T19:30:00Z,Washington State Cougars,Duquesne Dukes,betmgm,Duquesne Dukes,38.5,-108
2026-09-19T03:57:21Z,8bdb9d65119df877f2e2ec632d28fef1,2026-09-19T19:30:00Z,Washington State Cougars,Duquesne Dukes,betmgm,Washington State Cougars,-38.5,-110
2026-09-19T03:57:21Z,8bdb9d65119df877f2e2ec632d28fef1,2026-09-19T19:30:00Z,Washington State Cougars,Duquesne Dukes,bovada,Duquesne Dukes,38.5,100
2026-09-19T03:57:21Z,8bdb9d65119df877f2e2ec632d28fef1,2026-09-19T19:30:00Z,Washington State Cougars,Duquesne Dukes,bovada,Washington State Cougars,-38.5,-120
2026-09-19T03:57:21Z,d2da9e958e6f4800929ff9411b697a4b,2026-09-19T19:30:00Z,Texas A&M Aggies,Kentucky Wildcats,betmgm,Kentucky Wildcats,17.0,-110
2026-09-19T03:57:21Z,d2da9e958e6f4800929ff9411b697a4b,2026-09-19T19:30:00Z,Texas A&M Aggies,Kentucky Wildcats,betmgm,Texas A&M Aggies,-17.0,-108
2026-09-19T03:57:21Z,dbcfc3184e20d1ea45e910b89585071f,2026-09-19T19:30:00Z,Louisville Cardinals,SMU Mustangs,betmgm,Louisville Cardinals,-2.0,-108
2026-09-19T03:57:21Z,dbcfc3184e20d1ea45e910b89585071f,2026-09-19T19:30:00Z,Louisville Cardinals,SMU Mustangs,betmgm,SMU Mustangs,2.0,-110
2026-09-19T03:57:21Z,dbcfc3184e20d1ea45e910b89585071f,2026-09-19T19:30:00Z,Louisville Cardinals,SMU Mustangs,betrivers,Louisville Cardinals,-1.5,-113
2026-09-19T03:57:21Z,dbcfc3184e20d1ea45e910b89585071f,2026-09-19T19:30:00Z,Louisville Cardinals,SMU Mustangs,betrivers,SMU Mustangs,1.5,-110
2026-09-19T03:57:21Z,f9b0ff34657875b54ee16b8254168159,2026-09-19T19:30:00Z,Michigan Wolverines,UTEP Miners,lowvig,Michigan Wolverines,-34.5,-111
2026-09-19T03:57:21Z,f9b0ff34657875b54ee16b8254168159,2026-09-19T19:30:00Z,Michigan Wolverines,UTEP Miners,lowvig,UTEP Miners,34.5,-101
2026-09-19T03:57:21Z,f9b0ff34657875b54ee16b8254168159,2026-09-19T19:30:00Z,Michigan Wolverines,UTEP Miners,betonlineag,Michigan Wolverines,-34.5,-115
2026-09-19T03:57:21Z,f9b0ff34657875b54ee16b8254168159,2026-09-19T19:30:00Z,Michigan Wolverines,UTEP Miners,betonlineag,UTEP Miners,34.5,-105
2026-09-19T03:57:21Z,f9b0ff34657875b54ee16b8254168159,2026-09-19T19:30:00Z,Michigan Wolverines,UTEP Miners,betrivers,Michigan Wolverines,-34.5,-115
2026-09-19T03:57:21Z,f9b0ff34657875b54ee16b8254168159,2026-09-19T19:30:00Z,Michigan Wolverines,UTEP Miners,betrivers,UTEP Miners,34.5,-108
2026-09-19T03:57:21Z,f9b0ff34657875b54ee16b8254168159,2026-09-19T19:30:00Z,Michigan Wolverines,UTEP Miners,betmgm,Michigan Wolverines,-34.5,-110
2026-09-19T03:57:21Z,f9b0ff34657875b54ee16b8254168159,2026-09-19T19:30:00Z,Michigan Wolverines,UTEP Miners,betmgm,UTEP Miners,34.5,-108
2026-09-19T03:57:21Z,f9b0ff34657875b54ee16b8254168159,2026-09-19T19:30:00Z,Michigan Wolverines,UTEP Miners,bovada,Michigan Wolverines,-34.5,-120
2026-09-19T03:57:21Z,f9b0ff34657875b54ee16b8254168159,2026-09-19T19:30:00Z,Michigan Wolverines,UTEP Miners,bovada,UTEP Miners,34.5,100
2026-09-19T03:57:21Z,8b31d45a11a98ec8e6a9a9a5368a1bf4,2026-09-19T19:30:00Z,Rutgers Scarlet Knights,USC Trojans,draftkings,Rutgers Scarlet Knights,21.5,-108
2026-09-19T03:57:21Z,8b31d45a11a98ec8e6a9a9a5368a1bf4,2026-09-19T19:30:00Z,Rutgers Scarlet Knights,USC Trojans,draftkings,USC Trojans,-21.5,-112
2026-09-19T03:57:21Z,8b31d45a11a98ec8e6a9a9a5368a1bf4,2026-09-19T19:30:00Z,Rutgers Scarlet Knights,USC Trojans,betmgm,Rutgers Scarlet Knights,21.5,-108
2026-09-19T03:57:21Z,8b31d45a11a98ec8e6a9a9a5368a1bf4,2026-09-19T19:30:00Z,Rutgers Scarlet Knights,USC Trojans,betmgm,USC Trojans,-21.5,-110
2026-09-19T03:57:21Z,a25ab1dfd8fdb11a06a6a4b5c707d266,2026-09-19T19:30:00Z,UMass Minutemen,Stonehill Skyhawks,fanduel,Stonehill Skyhawks,31.5,-114
2026-09-19T03:57:21Z,a25ab1dfd8fdb11a06a6a4b5c707d266,2026-09-19T19:30:00Z,UMass Minutemen,Stonehill Skyhawks,fanduel,UMass Minutemen,-31.5,-105
2026-09-19T03:57:21Z,a25ab1dfd8fdb11a06a6a4b5c707d266,2026-09-19T19:30:00Z,UMass Minutemen,Stonehill Skyhawks,draftkings,Stonehill Skyhawks,31.5,-112
2026-09-19T03:57:21Z,a25ab1dfd8fdb11a06a6a4b5c707d266,2026-09-19T19:30:00Z,UMass Minutemen,Stonehill Skyhawks,draftkings,UMass Minutemen,-31.5,-108
2026-09-19T03:57:21Z,a25ab1dfd8fdb11a06a6a4b5c707d266,2026-09-19T19:30:00Z,UMass Minutemen,Stonehill Skyhawks,betrivers,Stonehill Skyhawks,32.0,-112
2026-09-19T03:57:21Z,a25ab1dfd8fdb11a06a6a4b5c707d266,2026-09-19T19:30:00Z,UMass Minutemen,Stonehill Skyhawks,betrivers,UMass Minutemen,-32.0,-110
2026-09-19T03:57:21Z,a25ab1dfd8fdb11a06a6a4b5c707d266,2026-09-19T19:30:00Z,UMass Minutemen,Stonehill Skyhawks,lowvig,Stonehill Skyhawks,32.5,-125
2026-09-19T03:57:21Z,a25ab1dfd8fdb11a06a6a4b5c707d266,2026-09-19T19:30:00Z,UMass Minutemen,Stonehill Skyhawks,lowvig,UMass Minutemen,-32.5,-105
2026-09-19T03:57:21Z,a25ab1dfd8fdb11a06a6a4b5c707d266,2026-09-19T19:30:00Z,UMass Minutemen,Stonehill Skyhawks,betonlineag,Stonehill Skyhawks,32.5,-125
2026-09-19T03:57:21Z,a25ab1dfd8fdb11a06a6a4b5c707d266,2026-09-19T19:30:00Z,UMass Minutemen,Stonehill Skyhawks,betonlineag,UMass Minutemen,-32.5,-105
2026-09-19T03:57:21Z,a25ab1dfd8fdb11a06a6a4b5c707d266,2026-09-19T19:30:00Z,UMass Minutemen,Stonehill Skyhawks,betmgm,Stonehill Skyhawks,31.5,-110
2026-09-19T03:57:21Z,a25ab1dfd8fdb11a06a6a4b5c707d266,2026-09-19T19:30:00Z,UMass Minutemen,Stonehill Skyhawks,betmgm,UMass Minutemen,-31.5,-108
2026-09-19T03:57:21Z,a25ab1dfd8fdb11a06a6a4b5c707d266,2026-09-19T19:30:00Z,UMass Minutemen,Stonehill Skyhawks,bovada,Stonehill Skyhawks,31.5,-110
2026-09-19T03:57:21Z,a25ab1dfd8fdb11a06a6a4b5c707d266,2026-09-19T19:30:00Z,UMass Minutemen,Stonehill Skyhawks,bovada,UMass Minutemen,-31.5,-110
2026-09-19T03:57:21Z,9a94b95365b9c78fbfb612ce4c859eda,2026-09-19T19:30:00Z,Utah Utes,Utah State Aggies,betrivers,Utah State Aggies,27.5,-109
2026-09-19T03:57:21Z,9a94b95365b9c78fbfb612ce4c859eda,2026-09-19T19:30:00Z,Utah Utes,Utah State Aggies,betrivers,Utah Utes,-27.5,-114
2026-09-19T03:57:21Z,089e1a60578160dd6828794656461ba5,2026-09-19T20:00:00Z,Liberty Flames,Ball State Cardinals,fanduel,Ball State Cardinals,14.5,-108
2026-09-19T03:57:21Z,089e1a60578160dd6828794656461ba5,2026-09-19T20:00:00Z,Liberty Flames,Ball State Cardinals,fanduel,Liberty Flames,-14.5,-112
2026-09-19T03:57:21Z,089e1a60578160dd6828794656461ba5,2026-09-19T20:00:00Z,Liberty Flames,Ball State Cardinals,betonlineag,Ball State Cardinals,14.5,-120
2026-09-19T03:57:21Z,089e1a60578160dd6828794656461ba5,2026-09-19T20:00:00Z,Liberty Flames,Ball State Cardinals,betonlineag,Liberty Flames,-14.5,100
2026-09-19T03:57:21Z,089e1a60578160dd6828794656461ba5,2026-09-19T20:00:00Z,Liberty Flames,Ball State Cardinals,lowvig,Ball State Cardinals,14.5,-116
2026-09-19T03:57:21Z,089e1a60578160dd6828794656461ba5,2026-09-19T20:00:00Z,Liberty Flames,Ball State Cardinals,lowvig,Liberty Flames,-14.5,104
2026-09-19T03:57:21Z,089e1a60578160dd6828794656461ba5,2026-09-19T20:00:00Z,Liberty Flames,Ball State Cardinals,betmgm,Ball State Cardinals,14.0,-110
2026-09-19T03:57:21Z,089e1a60578160dd6828794656461ba5,2026-09-19T20:00:00Z,Liberty Flames,Ball State Cardinals,betmgm,Liberty Flames,-14.0,-120
2026-09-19T03:57:21Z,089e1a60578160dd6828794656461ba5,2026-09-19T20:00:00Z,Liberty Flames,Ball State Cardinals,bovada,Ball State Cardinals,14.5,-115
2026-09-19T03:57:21Z,089e1a60578160dd6828794656461ba5,2026-09-19T20:00:00Z,Liberty Flames,Ball State Cardinals,bovada,Liberty Flames,-14.5,-105
2026-09-19T03:57:21Z,790266884d07b6c2aeed8efc216ba610,2026-09-19T20:00:00Z,Baylor Bears,Louisiana Tech Bulldogs,lowvig,Baylor Bears,-19.5,-106
2026-09-19T03:57:21Z,790266884d07b6c2aeed8efc216ba610,2026-09-19T20:00:00Z,Baylor Bears,Louisiana Tech Bulldogs,lowvig,Louisiana Tech Bulldogs,19.5,-106
2026-09-19T03:57:21Z,790266884d07b6c2aeed8efc216ba610,2026-09-19T20:00:00Z,Baylor Bears,Louisiana Tech Bulldogs,betonlineag,Baylor Bears,-19.5,-110
2026-09-19T03:57:21Z,790266884d07b6c2aeed8efc216ba610,2026-09-19T20:00:00Z,Baylor Bears,Louisiana Tech Bulldogs,betonlineag,Louisiana Tech Bulldogs,19.5,-110
2026-09-19T03:57:21Z,790266884d07b6c2aeed8efc216ba610,2026-09-19T20:00:00Z,Baylor Bears,Louisiana Tech Bulldogs,betrivers,Baylor Bears,-20.0,-109
2026-09-19T03:57:21Z,790266884d07b6c2aeed8efc216ba610,2026-09-19T20:00:00Z,Baylor Bears,Louisiana Tech Bulldogs,betrivers,Louisiana Tech Bulldogs,20.0,-114
2026-09-19T03:57:21Z,3c742aa7dc1c1da030846964a72de370,2026-09-19T20:00:00Z,Duke Blue Devils,Stanford Cardinal,draftkings,Duke Blue Devils,-10.0,-108
2026-09-19T03:57:21Z,3c742aa7dc1c1da030846964a72de370,2026-09-19T20:00:00Z,Duke Blue Devils,Stanford Cardinal,draftkings,Stanford Cardinal,10.0,-112
2026-09-19T03:57:21Z,3c742aa7dc1c1da030846964a72de370,2026-09-19T20:00:00Z,Duke Blue Devils,Stanford Cardinal,betmgm,Duke Blue Devils,-10.0,-108
2026-09-19T03:57:21Z,3c742aa7dc1c1da030846964a72de370,2026-09-19T20:00:00Z,Duke Blue Devils,Stanford Cardinal,betmgm,Stanford Cardinal,10.0,-110
2026-09-19T03:57:21Z,3c742aa7dc1c1da030846964a72de370,2026-09-19T20:00:00Z,Duke Blue Devils,Stanford Cardinal,bovada,Duke Blue Devils,-10.0,-105
2026-09-19T03:57:21Z,3c742aa7dc1c1da030846964a72de370,2026-09-19T20:00:00Z,Duke Blue Devils,Stanford Cardinal,bovada,Stanford Cardinal,10.0,-115
2026-09-19T03:57:21Z,f459decff5e212a417df01fead33b180,2026-09-19T20:00:00Z,Indiana Hoosiers,Western Kentucky Hilltoppers,betrivers,Indiana Hoosiers,-44.5,-113
2026-09-19T03:57:21Z,f459decff5e212a417df01fead33b180,2026-09-19T20:00:00Z,Indiana Hoosiers,Western Kentucky Hilltoppers,betrivers,Western Kentucky Hilltoppers,44.5,-110
2026-09-19T03:57:21Z,1d773c6e9934d12970ba222e96ec4c80,2026-09-19T20:00:00Z,Iowa Hawkeyes,Northern Iowa Panthers,fanduel,Iowa Hawkeyes,-37.5,-120
2026-09-19T03:57:21Z,1d773c6e9934d12970ba222e96ec4c80,2026-09-19T20:00:00Z,Iowa Hawkeyes,Northern Iowa Panthers,fanduel,Northern Iowa Panthers,37.5,-102
2026-09-19T03:57:21Z,1d773c6e9934d12970ba222e96ec4c80,2026-09-19T20:00:00Z,Iowa Hawkeyes,Northern Iowa Panthers,draftkings,Iowa Hawkeyes,-38.5,-105
2026-09-19T03:57:21Z,1d773c6e9934d12970ba222e96ec4c80,2026-09-19T20:00:00Z,Iowa Hawkeyes,Northern Iowa Panthers,draftkings,Northern Iowa Panthers,38.5,-115
2026-09-19T03:57:21Z,1d773c6e9934d12970ba222e96ec4c80,2026-09-19T20:00:00Z,Iowa Hawkeyes,Northern Iowa Panthers,lowvig,Iowa Hawkeyes,-38.5,104
2026-09-19T03:57:21Z,1d773c6e9934d12970ba222e96ec4c80,2026-09-19T20:00:00Z,Iowa Hawkeyes,Northern Iowa Panthers,lowvig,Northern Iowa Panthers,38.5,-135
2026-09-19T03:57:21Z,1d773c6e9934d12970ba222e96ec4c80,2026-09-19T20:00:00Z,Iowa Hawkeyes,Northern Iowa Panthers,betonlineag,Iowa Hawkeyes,-38.5,104
2026-09-19T03:57:21Z,1d773c6e9934d12970ba222e96ec4c80,2026-09-19T20:00:00Z,Iowa Hawkeyes,Northern Iowa Panthers,betonlineag,Northern Iowa Panthers,38.5,-135
2026-09-19T03:57:21Z,1d773c6e9934d12970ba222e96ec4c80,2026-09-19T20:00:00Z,Iowa Hawkeyes,Northern Iowa Panthers,betmgm,Iowa Hawkeyes,-38.5,-105
2026-09-19T03:57:21Z,1d773c6e9934d12970ba222e96ec4c80,2026-09-19T20:00:00Z,Iowa Hawkeyes,Northern Iowa Panthers,betmgm,Northern Iowa Panthers,38.5,-115
2026-09-19T03:57:21Z,1d773c6e9934d12970ba222e96ec4c80,2026-09-19T20:00:00Z,Iowa Hawkeyes,Northern Iowa Panthers,bovada,Iowa Hawkeyes,-39.5,100
2026-09-19T03:57:21Z,1d773c6e9934d12970ba222e96ec4c80,2026-09-19T20:00:00Z,Iowa Hawkeyes,Northern Iowa Panthers,bovada,Northern Iowa Panthers,39.5,-120
2026-09-19T03:57:21Z,09e86b2dd47d075b2fddb3174d21b1ac,2026-09-19T20:30:00Z,UL Monroe Warhawks,Southeastern Louisiana Lions,draftkings,Southeastern Louisiana Lions,10.5,-110
2026-09-19T03:57:21Z,09e86b2dd47d075b2fddb3174d21b1ac,2026-09-19T20:30:00Z,UL Monroe Warhawks,Southeastern Louisiana Lions,draftkings,UL Monroe Warhawks,-10.5,-110
2026-09-19T03:57:21Z,09e86b2dd47d075b2fddb3174d21b1ac,2026-09-19T20:30:00Z,UL Monroe Warhawks,Southeastern Louisiana Lions,betrivers,Southeastern Louisiana Lions,11.0,-114
2026-09-19T03:57:21Z,09e86b2dd47d075b2fddb3174d21b1ac,2026-09-19T20:30:00Z,UL Monroe Warhawks,Southeastern Louisiana Lions,betrivers,UL Monroe Warhawks,-11.0,-110
2026-09-19T03:57:21Z,3db3de2fb9101f01f676c1f319837667,2026-09-19T22:00:00Z,Appalachian State Mountaineers,Charlotte 49ers,betmgm,Charlotte 49ers,17.0,-108
2026-09-19T03:57:21Z,da4cee8b35281f4528d3dd939d42814d,2026-09-19T22:00:00Z,Florida Atlantic Owls,Florida International Panthers,betrivers,Florida Atlantic Owls,-6.5,-117
2026-09-19T03:57:21Z,da4cee8b35281f4528d3dd939d42814d,2026-09-19T22:00:00Z,Florida Atlantic Owls,Florida International Panthers,betrivers,Florida International Panthers,6.5,-107
2026-09-19T03:57:21Z,fa9113ed354c9a40e487f5b923b4238f,2026-09-19T22:30:00Z,Missouri State Bears,Marshall Thundering Herd,betrivers,Marshall Thundering Herd,-4.0,-114
2026-09-19T03:57:21Z,fa9113ed354c9a40e487f5b923b4238f,2026-09-19T22:30:00Z,Missouri State Bears,Marshall Thundering Herd,betrivers,Missouri State Bears,4.0,-109
2026-09-19T03:57:21Z,d72de7a6a2387f86edc530bbe90a7664,2026-09-19T23:00:00Z,South Florida Bulls,Delaware State Hornets,fanduel,Delaware State Hornets,36.5,-106
2026-09-19T03:57:21Z,d72de7a6a2387f86edc530bbe90a7664,2026-09-19T23:00:00Z,South Florida Bulls,Delaware State Hornets,fanduel,South Florida Bulls,-36.5,-114
2026-09-19T03:57:21Z,d72de7a6a2387f86edc530bbe90a7664,2026-09-19T23:00:00Z,South Florida Bulls,Delaware State Hornets,draftkings,Delaware State Hornets,36.5,-108
2026-09-19T03:57:21Z,d72de7a6a2387f86edc530bbe90a7664,2026-09-19T23:00:00Z,South Florida Bulls,Delaware State Hornets,draftkings,South Florida Bulls,-36.5,-112
2026-09-19T03:57:21Z,d72de7a6a2387f86edc530bbe90a7664,2026-09-19T23:00:00Z,South Florida Bulls,Delaware State Hornets,betmgm,Delaware State Hornets,37.0,-110
2026-09-19T03:57:21Z,d72de7a6a2387f86edc530bbe90a7664,2026-09-19T23:00:00Z,South Florida Bulls,Delaware State Hornets,betmgm,South Florida Bulls,-37.0,-108
2026-09-19T03:57:21Z,60c8d1fde1467bde9f2a20b5d4cb7c90,2026-09-19T23:00:00Z,Jacksonville State Gamecocks,Georgia Southern Eagles,draftkings,Georgia Southern Eagles,3.0,-105
2026-09-19T03:57:21Z,60c8d1fde1467bde9f2a20b5d4cb7c90,2026-09-19T23:00:00Z,Jacksonville State Gamecocks,Georgia Southern Eagles,draftkings,Jacksonville State Gamecocks,-3.0,-115
2026-09-19T03:57:21Z,60c8d1fde1467bde9f2a20b5d4cb7c90,2026-09-19T23:00:00Z,Jacksonville State Gamecocks,Georgia Southern Eagles,lowvig,Georgia Southern Eagles,3.5,-111
2026-09-19T03:57:21Z,60c8d1fde1467bde9f2a20b5d4cb7c90,2026-09-19T23:00:00Z,Jacksonville State Gamecocks,Georgia Southern Eagles,lowvig,Jacksonville State Gamecocks,-3.5,-101
2026-09-19T03:57:21Z,60c8d1fde1467bde9f2a20b5d4cb7c90,2026-09-19T23:00:00Z,Jacksonville State Gamecocks,Georgia Southern Eagles,betonlineag,Georgia Southern Eagles,3.5,-115
2026-09-19T03:57:21Z,60c8d1fde1467bde9f2a20b5d4cb7c90,2026-09-19T23:00:00Z,Jacksonville State Gamecocks,Georgia Southern Eagles,betonlineag,Jacksonville State Gamecocks,-3.5,-105
2026-09-19T03:57:21Z,60c8d1fde1467bde9f2a20b5d4cb7c90,2026-09-19T23:00:00Z,Jacksonville State Gamecocks,Georgia Southern Eagles,betmgm,Georgia Southern Eagles,3.0,-108
2026-09-19T03:57:21Z,60c8d1fde1467bde9f2a20b5d4cb7c90,2026-09-19T23:00:00Z,Jacksonville State Gamecocks,Georgia Southern Eagles,betmgm,Jacksonville State Gamecocks,-3.0,-120
2026-09-19T03:57:21Z,60c8d1fde1467bde9f2a20b5d4cb7c90,2026-09-19T23:00:00Z,Jacksonville State Gamecocks,Georgia Southern Eagles,betus,Georgia Southern Eagles,3.0,-110
2026-09-19T03:57:21Z,60c8d1fde1467bde9f2a20b5d4cb7c90,2026-09-19T23:00:00Z,Jacksonville State Gamecocks,Georgia Southern Eagles,betus,Jacksonville State Gamecocks,-3.0,-110
2026-09-19T03:57:21Z,36bb6ea150432c9958bd533c49b06f23,2026-09-19T23:00:00Z,Memphis Tigers,UT Martin Skyhawks,fanduel,Memphis Tigers,-34.5,-115
2026-09-19T03:57:21Z,36bb6ea150432c9958bd533c49b06f23,2026-09-19T23:00:00Z,Memphis Tigers,UT Martin Skyhawks,fanduel,UT Martin Skyhawks,34.5,-105
2026-09-19T03:57:21Z,36bb6ea150432c9958bd533c49b06f23,2026-09-19T23:00:00Z,Memphis Tigers,UT Martin Skyhawks,betrivers,Memphis Tigers,-35.0,-108
2026-09-19T03:57:21Z,36bb6ea150432c9958bd533c49b06f23,2026-09-19T23:00:00Z,Memphis Tigers,UT Martin Skyhawks,betrivers,UT Martin Skyhawks,35.0,-115
2026-09-19T03:57:21Z,36bb6ea150432c9958bd533c49b06f23,2026-09-19T23:00:00Z,Memphis Tigers,UT Martin Skyhawks,betmgm,Memphis Tigers,-34.5,-110
2026-09-19T03:57:21Z,36bb6ea150432c9958bd533c49b06f23,2026-09-19T23:00:00Z,Memphis Tigers,UT Martin Skyhawks,betmgm,UT Martin Skyhawks,34.5,-108
2026-09-19T03:57:21Z,b8810f15896c1fbe1ca25054585612f0,2026-09-19T23:00:00Z,Middle Tennessee Blue Raiders,Nevada Wolf Pack,betrivers,Middle Tennessee Blue Raiders,4.5,-112
2026-09-19T03:57:21Z,6c41bd5edc806bb66ae3038c8bfa3df0,2026-09-19T23:00:00Z,Oklahoma State Cowboys,Murray State Racers,betrivers,Murray State Racers,55.5,-112
2026-09-19T03:57:21Z,6c41bd5edc806bb66ae3038c8bfa3df0,2026-09-19T23:00:00Z,Oklahoma State Cowboys,Murray State Racers,betrivers,Oklahoma State Cowboys,-55.5,-112
2026-09-19T03:57:21Z,6c41bd5edc806bb66ae3038c8bfa3df0,2026-09-19T23:00:00Z,Oklahoma State Cowboys,Murray State Racers,draftkings,Murray State Racers,56.5,-115
2026-09-19T03:57:21Z,6c41bd5edc806bb66ae3038c8bfa3df0,2026-09-19T23:00:00Z,Oklahoma State Cowboys,Murray State Racers,draftkings,Oklahoma State Cowboys,-56.5,-105
2026-09-19T03:57:21Z,0ce2e66203e1c66f3f2687fdccd37408,2026-09-19T23:00:00Z,Sam Houston State Bearkats,Nicholls State Colonels,fanduel,Nicholls State Colonels,18.5,-110
2026-09-19T03:57:21Z,0ce2e66203e1c66f3f2687fdccd37408,2026-09-19T23:00:00Z,Sam Houston State Bearkats,Nicholls State Colonels,fanduel,Sam Houston State Bearkats,-18.5,-110
2026-09-19T03:57:21Z,0ce2e66203e1c66f3f2687fdccd37408,2026-09-19T23:00:00Z,Sam Houston State Bearkats,Nicholls State Colonels,draftkings,Nicholls State Colonels,17.5,-110
2026-09-19T03:57:21Z,0ce2e66203e1c66f3f2687fdccd37408,2026-09-19T23:00:00Z,Sam Houston State Bearkats,Nicholls State Colonels,draftkings,Sam Houston State Bearkats,-17.5,-110
2026-09-19T03:57:21Z,0ce2e66203e1c66f3f2687fdccd37408,2026-09-19T23:00:00Z,Sam Houston State Bearkats,Nicholls State Colonels,betonlineag,Nicholls State Colonels,19.5,-115
2026-09-19T03:57:21Z,0ce2e66203e1c66f3f2687fdccd37408,2026-09-19T23:00:00Z,Sam Houston State Bearkats,Nicholls State Colonels,betonlineag,Sam Houston State Bearkats,-19.5,-115
2026-09-19T03:57:21Z,0ce2e66203e1c66f3f2687fdccd37408,2026-09-19T23:00:00Z,Sam Houston State Bearkats,Nicholls State Colonels,lowvig,Nicholls State Colonels,19.5,-115
2026-09-19T03:57:21Z,0ce2e66203e1c66f3f2687fdccd37408,2026-09-19T23:00:00Z,Sam Houston State Bearkats,Nicholls State Colonels,lowvig,Sam Houston State Bearkats,-19.5,-115
2026-09-19T03:57:21Z,0ce2e66203e1c66f3f2687fdccd37408,2026-09-19T23:00:00Z,Sam Houston State Bearkats,Nicholls State Colonels,betmgm,Nicholls State Colonels,18.5,-110
2026-09-19T03:57:21Z,0ce2e66203e1c66f3f2687fdccd37408,2026-09-19T23:00:00Z,Sam Houston State Bearkats,Nicholls State Colonels,betmgm,Sam Houston State Bearkats,-18.5,-108
2026-09-19T03:57:21Z,0ce2e66203e1c66f3f2687fdccd37408,2026-09-19T23:00:00Z,Sam Houston State Bearkats,Nicholls State Colonels,bovada,Nicholls State Colonels,19.0,-115
2026-09-19T03:57:21Z,0ce2e66203e1c66f3f2687fdccd37408,2026-09-19T23:00:00Z,Sam Houston State Bearkats,Nicholls State Colonels,bovada,Sam Houston State Bearkats,-19.0,-105
2026-09-19T03:57:21Z,be8b2e012b50c86775a87bb633e330e6,2026-09-19T23:00:00Z,Rice Owls,Western Michigan Broncos,draftkings,Rice Owls,8.5,-108
2026-09-19T03:57:21Z,be8b2e012b50c86775a87bb633e330e6,2026-09-19T23:00:00Z,Rice Owls,Western Michigan Broncos,draftkings,Western Michigan Broncos,-8.5,-112
2026-09-19T03:57:21Z,be8b2e012b50c86775a87bb633e330e6,2026-09-19T23:00:00Z,Rice Owls,Western Michigan Broncos,betonlineag,Rice Owls,9.0,-103
2026-09-19T03:57:21Z,be8b2e012b50c86775a87bb633e330e6,2026-09-19T23:00:00Z,Rice Owls,Western Michigan Broncos,betonlineag,Western Michigan Broncos,-9.0,-117
2026-09-19T03:57:21Z,be8b2e012b50c86775a87bb633e330e6,2026-09-19T23:00:00Z,Rice Owls,Western Michigan Broncos,lowvig,Rice Owls,9.0,101
2026-09-19T03:57:21Z,be8b2e012b50c86775a87bb633e330e6,2026-09-19T23:00:00Z,Rice Owls,Western Michigan Broncos,lowvig,Western Michigan Broncos,-9.0,-113
2026-09-19T03:57:21Z,be8b2e012b50c86775a87bb633e330e6,2026-09-19T23:00:00Z,Rice Owls,Western Michigan Broncos,betmgm,Rice Owls,9.5,-118
2026-09-19T03:57:21Z,be8b2e012b50c86775a87bb633e330e6,2026-09-19T23:00:00Z,Rice Owls,Western Michigan Broncos,betmgm,Western Michigan Broncos,-9.5,-112
2026-09-19T03:57:21Z,be8b2e012b50c86775a87bb633e330e6,2026-09-19T23:00:00Z,Rice Owls,Western Michigan Broncos,betus,Rice Owls,9.0,-110
2026-09-19T03:57:21Z,be8b2e012b50c86775a87bb633e330e6,2026-09-19T23:00:00Z,Rice Owls,Western Michigan Broncos,betus,Western Michigan Broncos,-9.0,-110
2026-09-19T03:57:21Z,be8b2e012b50c86775a87bb633e330e6,2026-09-19T23:00:00Z,Rice Owls,Western Michigan Broncos,bovada,Rice Owls,9.0,-110
2026-09-19T03:57:21Z,be8b2e012b50c86775a87bb633e330e6,2026-09-19T23:00:00Z,Rice Owls,Western Michigan Broncos,bovada,Western Michigan Broncos,-9.0,-110
2026-09-19T03:57:21Z,e68b359be33a1855ff582d9dde87faac,2026-09-19T23:15:00Z,Washington Huskies,Eastern Washington Eagles,draftkings,Eastern Washington Eagles,42.5,-110
2026-09-19T03:57:21Z,e68b359be33a1855ff582d9dde87faac,2026-09-19T23:15:00Z,Washington Huskies,Eastern Washington Eagles,draftkings,Washington Huskies,-42.5,-110
2026-09-19T03:57:21Z,e68b359be33a1855ff582d9dde87faac,2026-09-19T23:15:00Z,Washington Huskies,Eastern Washington Eagles,lowvig,Eastern Washington Eagles,41.5,109
2026-09-19T03:57:21Z,e68b359be33a1855ff582d9dde87faac,2026-09-19T23:15:00Z,Washington Huskies,Eastern Washington Eagles,lowvig,Washington Huskies,-41.5,-122
2026-09-19T03:57:21Z,e68b359be33a1855ff582d9dde87faac,2026-09-19T23:15:00Z,Washington Huskies,Eastern Washington Eagles,betonlineag,Eastern Washington Eagles,41.5,-105
2026-09-19T03:57:21Z,e68b359be33a1855ff582d9dde87faac,2026-09-19T23:15:00Z,Washington Huskies,Eastern Washington Eagles,betonlineag,Washington Huskies,-41.5,-125
2026-09-19T03:57:21Z,e68b359be33a1855ff582d9dde87faac,2026-09-19T23:15:00Z,Washington Huskies,Eastern Washington Eagles,bovada,Eastern Washington Eagles,42.5,-110
2026-09-19T03:57:21Z,e68b359be33a1855ff582d9dde87faac,2026-09-19T23:15:00Z,Washington Huskies,Eastern Washington Eagles,bovada,Washington Huskies,-42.5,-110
2026-09-19T03:57:21Z,55699549855efd1bed7b9d6ae1c7aded,2026-09-19T23:15:00Z,Nebraska Cornhuskers,North Dakota Fighting Hawks,fanduel,Nebraska Cornhuskers,-25.5,-110
2026-09-19T03:57:21Z,55699549855efd1bed7b9d6ae1c7aded,2026-09-19T23:15:00Z,Nebraska Cornhuskers,North Dakota Fighting Hawks,fanduel,North Dakota Fighting Hawks,25.5,-110
2026-09-19T03:57:21Z,55699549855efd1bed7b9d6ae1c7aded,2026-09-19T23:15:00Z,Nebraska Cornhuskers,North Dakota Fighting Hawks,draftkings,Nebraska Cornhuskers,-25.5,-105
2026-09-19T03:57:21Z,55699549855efd1bed7b9d6ae1c7aded,2026-09-19T23:15:00Z,Nebraska Cornhuskers,North Dakota Fighting Hawks,draftkings,North Dakota Fighting Hawks,25.5,-115
2026-09-19T03:57:21Z,55699549855efd1bed7b9d6ae1c7aded,2026-09-19T23:15:00Z,Nebraska Cornhuskers,North Dakota Fighting Hawks,betmgm,Nebraska Cornhuskers,-25.0,-110
2026-09-19T03:57:21Z,55699549855efd1bed7b9d6ae1c7aded,2026-09-19T23:15:00Z,Nebraska Cornhuskers,North Dakota Fighting Hawks,betmgm,North Dakota Fighting Hawks,25.0,-108
2026-09-19T03:57:21Z,55699549855efd1bed7b9d6ae1c7aded,2026-09-19T23:15:00Z,Nebraska Cornhuskers,North Dakota Fighting Hawks,bovada,Nebraska Cornhuskers,-25.5,-110
2026-09-19T03:57:21Z,55699549855efd1bed7b9d6ae1c7aded,2026-09-19T23:15:00Z,Nebraska Cornhuskers,North Dakota Fighting Hawks,bovada,North Dakota Fighting Hawks,25.5,-110
2026-09-19T03:57:21Z,03297aa8a399c223aa1cc6aa923d9bc6,2026-09-19T23:30:00Z,Northwestern Wildcats,Colorado Buffaloes,lowvig,Colorado Buffaloes,3.5,-109
2026-09-19T03:57:21Z,03297aa8a399c223aa1cc6aa923d9bc6,2026-09-19T23:30:00Z,Northwestern Wildcats,Colorado Buffaloes,lowvig,Northwestern Wildcats,-3.5,-103
2026-09-19T03:57:21Z,03297aa8a399c223aa1cc6aa923d9bc6,2026-09-19T23:30:00Z,Northwestern Wildcats,Colorado Buffaloes,betonlineag,Colorado Buffaloes,3.5,-113
2026-09-19T03:57:21Z,03297aa8a399c223aa1cc6aa923d9bc6,2026-09-19T23:30:00Z,Northwestern Wildcats,Colorado Buffaloes,betonlineag,Northwestern Wildcats,-3.5,-107
2026-09-19T03:57:21Z,03297aa8a399c223aa1cc6aa923d9bc6,2026-09-19T23:30:00Z,Northwestern Wildcats,Colorado Buffaloes,betmgm,Colorado Buffaloes,3.5,-112
2026-09-19T03:57:21Z,03297aa8a399c223aa1cc6aa923d9bc6,2026-09-19T23:30:00Z,Northwestern Wildcats,Colorado Buffaloes,betmgm,Northwestern Wildcats,-3.5,-105
2026-09-19T03:57:21Z,7e3b8cd721f0817d0a6c3111221e8a91,2026-09-19T23:30:00Z,Notre Dame Fighting Irish,Michigan State Spartans,betrivers,Michigan State Spartans,29.5,-109
2026-09-19T03:57:21Z,7e3b8cd721f0817d0a6c3111221e8a91,2026-09-19T23:30:00Z,Notre Dame Fighting Irish,Michigan State Spartans,betrivers,Notre Dame Fighting Irish,-29.5,-114
2026-09-19T03:57:21Z,47892b65c28a830d83bbe465b070ce01,2026-09-19T23:30:00Z,Oklahoma Sooners,New Mexico Lobos,betrivers,New Mexico Lobos,21.0,-110
2026-09-19T03:57:21Z,47892b65c28a830d83bbe465b070ce01,2026-09-19T23:30:00Z,Oklahoma Sooners,New Mexico Lobos,betrivers,Oklahoma Sooners,-21.0,-113
2026-09-19T03:57:21Z,eda972dc55ded05916deafa37efab9c3,2026-09-19T23:30:00Z,West Virginia Mountaineers,Virginia Cavaliers,draftkings,Virginia Cavaliers,-10.5,-112
2026-09-19T03:57:21Z,eda972dc55ded05916deafa37efab9c3,2026-09-19T23:30:00Z,West Virginia Mountaineers,Virginia Cavaliers,draftkings,West Virginia Mountaineers,10.5,-108
2026-09-19T03:57:21Z,eda972dc55ded05916deafa37efab9c3,2026-09-19T23:30:00Z,West Virginia Mountaineers,Virginia Cavaliers,bovada,Virginia Cavaliers,-11.0,-105
2026-09-19T03:57:21Z,eda972dc55ded05916deafa37efab9c3,2026-09-19T23:30:00Z,West Virginia Mountaineers,Virginia Cavaliers,bovada,West Virginia Mountaineers,11.0,-115
2026-09-19T03:57:21Z,cc6953f45fe5acfc853fdf5e5e28a0e7,2026-09-19T23:45:00Z,Tennessee Volunteers,Kennesaw State Owls,fanduel,Kennesaw State Owls,35.5,-115
2026-09-19T03:57:21Z,cc6953f45fe5acfc853fdf5e5e28a0e7,2026-09-19T23:45:00Z,Tennessee Volunteers,Kennesaw State Owls,fanduel,Tennessee Volunteers,-35.5,-105
2026-09-19T03:57:21Z,cc6953f45fe5acfc853fdf5e5e28a0e7,2026-09-19T23:45:00Z,Tennessee Volunteers,Kennesaw State Owls,betmgm,Kennesaw State Owls,35.5,-110
2026-09-19T03:57:21Z,cc6953f45fe5acfc853fdf5e5e28a0e7,2026-09-19T23:45:00Z,Tennessee Volunteers,Kennesaw State Owls,betmgm,Tennessee Volunteers,-35.5,-108
2026-09-19T03:57:21Z,a64b980a572375c0cc1adba3c3fc2811,2026-09-20T00:00:00Z,TCU Horned Frogs,Arkansas State Red Wolves,betmgm,Arkansas State Red Wolves,19.0,-110
2026-09-19T03:57:21Z,a64b980a572375c0cc1adba3c3fc2811,2026-09-20T00:00:00Z,TCU Horned Frogs,Arkansas State Red Wolves,betmgm,TCU Horned Frogs,-19.0,-108
2026-09-19T03:57:21Z,a64b980a572375c0cc1adba3c3fc2811,2026-09-20T00:00:00Z,TCU Horned Frogs,Arkansas State Red Wolves,betrivers,Arkansas State Red Wolves,19.0,-110
2026-09-19T03:57:21Z,a64b980a572375c0cc1adba3c3fc2811,2026-09-20T00:00:00Z,TCU Horned Frogs,Arkansas State Red Wolves,betrivers,TCU Horned Frogs,-19.0,-113
2026-09-19T03:57:21Z,0fff6569a000494c8821a53d886df670,2026-09-20T00:00:00Z,Tulsa Golden Hurricane,East Texas A&M Lions,fanduel,East Texas A&M Lions,41.5,-106
2026-09-19T03:57:21Z,0fff6569a000494c8821a53d886df670,2026-09-20T00:00:00Z,Tulsa Golden Hurricane,East Texas A&M Lions,fanduel,Tulsa Golden Hurricane,-41.5,-114
2026-09-19T03:57:21Z,0fff6569a000494c8821a53d886df670,2026-09-20T00:00:00Z,Tulsa Golden Hurricane,East Texas A&M Lions,draftkings,East Texas A&M Lions,42.5,-118
2026-09-19T03:57:21Z,0fff6569a000494c8821a53d886df670,2026-09-20T00:00:00Z,Tulsa Golden Hurricane,East Texas A&M Lions,draftkings,Tulsa Golden Hurricane,-42.5,-102
2026-09-19T03:57:21Z,0fff6569a000494c8821a53d886df670,2026-09-20T00:00:00Z,Tulsa Golden Hurricane,East Texas A&M Lions,lowvig,East Texas A&M Lions,41.5,-104
2026-09-19T03:57:21Z,0fff6569a000494c8821a53d886df670,2026-09-20T00:00:00Z,Tulsa Golden Hurricane,East Texas A&M Lions,lowvig,Tulsa Golden Hurricane,-41.5,-127
2026-09-19T03:57:21Z,0fff6569a000494c8821a53d886df670,2026-09-20T00:00:00Z,Tulsa Golden Hurricane,East Texas A&M Lions,betonlineag,East Texas A&M Lions,41.5,-104
2026-09-19T03:57:21Z,0fff6569a000494c8821a53d886df670,2026-09-20T00:00:00Z,Tulsa Golden Hurricane,East Texas A&M Lions,betonlineag,Tulsa Golden Hurricane,-41.5,-127
2026-09-19T03:57:21Z,0fff6569a000494c8821a53d886df670,2026-09-20T00:00:00Z,Tulsa Golden Hurricane,East Texas A&M Lions,bovada,East Texas A&M Lions,42.5,-120
2026-09-19T03:57:21Z,0fff6569a000494c8821a53d886df670,2026-09-20T00:00:00Z,Tulsa Golden Hurricane,East Texas A&M Lions,bovada,Tulsa Golden Hurricane,-42.5,100
2026-09-19T03:57:21Z,828ceb39d7fd7da80c98174ae5f02dcd,2026-09-20T00:00:00Z,Louisiana Ragin Cajuns,UAB Blazers,betrivers,Louisiana Ragin Cajuns,-8.0,-109
2026-09-19T03:57:21Z,828ceb39d7fd7da80c98174ae5f02dcd,2026-09-20T00:00:00Z,Louisiana Ragin Cajuns,UAB Blazers,betrivers,UAB Blazers,8.0,-114
2026-09-19T03:57:21Z,828ceb39d7fd7da80c98174ae5f02dcd,2026-09-20T00:00:00Z,Louisiana Ragin Cajuns,UAB Blazers,bovada,Louisiana Ragin Cajuns,-7.5,-105
2026-09-19T03:57:21Z,828ceb39d7fd7da80c98174ae5f02dcd,2026-09-20T00:00:00Z,Louisiana Ragin Cajuns,UAB Blazers,bovada,UAB Blazers,7.5,-115
2026-09-19T03:57:21Z,6d109b8538a3588ad21a393896d32efc,2026-09-20T02:00:00Z,Boise State Broncos,South Dakota Coyotes,fanduel,Boise State Broncos,-25.5,-114
2026-09-19T03:57:21Z,6d109b8538a3588ad21a393896d32efc,2026-09-20T02:00:00Z,Boise State Broncos,South Dakota Coyotes,fanduel,South Dakota Coyotes,25.5,-106
2026-09-19T03:57:21Z,6d109b8538a3588ad21a393896d32efc,2026-09-20T02:00:00Z,Boise State Broncos,South Dakota Coyotes,betrivers,Boise State Broncos,-25.5,-112
2026-09-19T03:57:21Z,6d109b8538a3588ad21a393896d32efc,2026-09-20T02:00:00Z,Boise State Broncos,South Dakota Coyotes,betrivers,South Dakota Coyotes,25.5,-114
2026-09-19T03:57:21Z,6d109b8538a3588ad21a393896d32efc,2026-09-20T02:00:00Z,Boise State Broncos,South Dakota Coyotes,draftkings,Boise State Broncos,-25.5,-108
2026-09-19T03:57:21Z,6d109b8538a3588ad21a393896d32efc,2026-09-20T02:00:00Z,Boise State Broncos,South Dakota Coyotes,draftkings,South Dakota Coyotes,25.5,-112
2026-09-19T03:57:21Z,6d109b8538a3588ad21a393896d32efc,2026-09-20T02:00:00Z,Boise State Broncos,South Dakota Coyotes,betonlineag,Boise State Broncos,-24.5,-125
2026-09-19T03:57:21Z,6d109b8538a3588ad21a393896d32efc,2026-09-20T02:00:00Z,Boise State Broncos,South Dakota Coyotes,betonlineag,South Dakota Coyotes,24.5,-105
2026-09-19T03:57:21Z,6d109b8538a3588ad21a393896d32efc,2026-09-20T02:00:00Z,Boise State Broncos,South Dakota Coyotes,betmgm,Boise State Broncos,-25.5,-110
2026-09-19T03:57:21Z,6d109b8538a3588ad21a393896d32efc,2026-09-20T02:00:00Z,Boise State Broncos,South Dakota Coyotes,betmgm,South Dakota Coyotes,25.5,-110
2026-09-19T03:57:21Z,6d109b8538a3588ad21a393896d32efc,2026-09-20T02:00:00Z,Boise State Broncos,South Dakota Coyotes,bovada,Boise State Broncos,-26.0,-110
2026-09-19T03:57:21Z,6d109b8538a3588ad21a393896d32efc,2026-09-20T02:00:00Z,Boise State Broncos,South Dakota Coyotes,bovada,South Dakota Coyotes,26.0,-110
2026-09-19T03:57:21Z,6d109b8538a3588ad21a393896d32efc,2026-09-20T02:00:00Z,Boise State Broncos,South Dakota Coyotes,lowvig,Boise State Broncos,-24.5,-125
2026-09-19T03:57:21Z,6d109b8538a3588ad21a393896d32efc,2026-09-20T02:00:00Z,Boise State Broncos,South Dakota Coyotes,lowvig,South Dakota Coyotes,24.5,-105
2026-09-19T03:57:21Z,0cdf27f150204b8512bca1e2d7cce051,2026-09-20T02:00:00Z,San Diego State Aztecs,James Madison Dukes,betonlineag,James Madison Dukes,1.5,-108
2026-09-19T03:57:21Z,0cdf27f150204b8512bca1e2d7cce051,2026-09-20T02:00:00Z,San Diego State Aztecs,James Madison Dukes,betonlineag,San Diego State Aztecs,-1.5,-112
2026-09-19T03:57:21Z,0cdf27f150204b8512bca1e2d7cce051,2026-09-20T02:00:00Z,San Diego State Aztecs,James Madison Dukes,lowvig,James Madison Dukes,1.5,-104
2026-09-19T03:57:21Z,0cdf27f150204b8512bca1e2d7cce051,2026-09-20T02:00:00Z,San Diego State Aztecs,James Madison Dukes,lowvig,San Diego State Aztecs,-1.5,-108
2026-09-19T03:57:21Z,0cdf27f150204b8512bca1e2d7cce051,2026-09-20T02:00:00Z,San Diego State Aztecs,James Madison Dukes,betmgm,James Madison Dukes,1.5,-108
2026-09-19T03:57:21Z,0cdf27f150204b8512bca1e2d7cce051,2026-09-20T02:00:00Z,San Diego State Aztecs,James Madison Dukes,betmgm,San Diego State Aztecs,-1.5,-112
2026-09-19T03:57:21Z,0cdf27f150204b8512bca1e2d7cce051,2026-09-20T02:00:00Z,San Diego State Aztecs,James Madison Dukes,bovada,James Madison Dukes,1.5,-110
2026-09-19T03:57:21Z,0cdf27f150204b8512bca1e2d7cce051,2026-09-20T02:00:00Z,San Diego State Aztecs,James Madison Dukes,bovada,San Diego State Aztecs,-1.5,-110
2026-09-19T03:57:21Z,0c7583234f964dbb7d9803a27d6b6dae,2026-09-20T02:30:00Z,Sacramento State Hornets,North Dakota State Bison,fanduel,North Dakota State Bison,-27.5,-104
2026-09-19T03:57:21Z,0c7583234f964dbb7d9803a27d6b6dae,2026-09-20T02:30:00Z,Sacramento State Hornets,North Dakota State Bison,fanduel,Sacramento State Hornets,27.5,-118
2026-09-19T03:57:21Z,f6db4e789ff9341a9c94befc751c5f53,2026-09-20T03:00:00Z,San Jose State Spartans,Fresno State Bulldogs,bovada,Fresno State Bulldogs,-6.5,-105
2026-09-19T03:57:21Z,f6db4e789ff9341a9c94befc751c5f53,2026-09-20T03:00:00Z,San Jose State Spartans,Fresno State Bulldogs,bovada,San Jose State Spartans,6.5,-115
2026-09-19T03:57:21Z,381e5c97af94a83e03eae0ac6f11ed38,2026-09-20T03:00:00Z,Oregon State Beavers,Montana Grizzlies,draftkings,Montana Grizzlies,17.5,-115
2026-09-19T03:57:21Z,381e5c97af94a83e03eae0ac6f11ed38,2026-09-20T03:00:00Z,Oregon State Beavers,Montana Grizzlies,draftkings,Oregon State Beavers,-17.5,-105
2026-09-19T03:57:21Z,381e5c97af94a83e03eae0ac6f11ed38,2026-09-20T03:00:00Z,Oregon State Beavers,Montana Grizzlies,betmgm,Montana Grizzlies,17.0,-112
2026-09-19T03:57:21Z,381e5c97af94a83e03eae0ac6f11ed38,2026-09-20T03:00:00Z,Oregon State Beavers,Montana Grizzlies,betmgm,Oregon State Beavers,-17.0,-105
2026-09-19T03:57:21Z,381e5c97af94a83e03eae0ac6f11ed38,2026-09-20T03:00:00Z,Oregon State Beavers,Montana Grizzlies,bovada,Montana Grizzlies,16.5,-110
2026-09-19T03:57:21Z,381e5c97af94a83e03eae0ac6f11ed38,2026-09-20T03:00:00Z,Oregon State Beavers,Montana Grizzlies,bovada,Oregon State Beavers,-16.5,-110
2026-09-19T08:44:07Z,529a333381665c34d05b290d2c9eb5b9,2026-09-19T15:30:00Z,Delaware Blue Hens,Coastal Carolina Chanticleers,fanduel,Coastal Carolina Chanticleers,4.5,-105
2026-09-19T08:44:07Z,529a333381665c34d05b290d2c9eb5b9,2026-09-19T15:30:00Z,Delaware Blue Hens,Coastal Carolina Chanticleers,fanduel,Delaware Blue Hens,-4.5,-115
2026-09-19T08:44:07Z,529a333381665c34d05b290d2c9eb5b9,2026-09-19T15:30:00Z,Delaware Blue Hens,Coastal Carolina Chanticleers,betonlineag,Coastal Carolina Chanticleers,5.0,-108
2026-09-19T08:44:07Z,529a333381665c34d05b290d2c9eb5b9,2026-09-19T15:30:00Z,Delaware Blue Hens,Coastal Carolina Chanticleers,betonlineag,Delaware Blue Hens,-5.0,-112
2026-09-19T08:44:07Z,529a333381665c34d05b290d2c9eb5b9,2026-09-19T15:30:00Z,Delaware Blue Hens,Coastal Carolina Chanticleers,lowvig,Coastal Carolina Chanticleers,5.0,-104
2026-09-19T08:44:07Z,529a333381665c34d05b290d2c9eb5b9,2026-09-19T15:30:00Z,Delaware Blue Hens,Coastal Carolina Chanticleers,lowvig,Delaware Blue Hens,-5.0,-108
2026-09-19T08:44:07Z,529a333381665c34d05b290d2c9eb5b9,2026-09-19T15:30:00Z,Delaware Blue Hens,Coastal Carolina Chanticleers,betmgm,Coastal Carolina Chanticleers,4.5,-112
2026-09-19T08:44:07Z,529a333381665c34d05b290d2c9eb5b9,2026-09-19T15:30:00Z,Delaware Blue Hens,Coastal Carolina Chanticleers,betmgm,Delaware Blue Hens,-4.5,-118
2026-09-19T08:44:07Z,01e9c4d460a55375a75d025e2b1ddbf5,2026-09-19T16:00:00Z,Arkansas Razorbacks,Georgia Bulldogs,betus,Arkansas Razorbacks,24.5,-110
2026-09-19T08:44:07Z,01e9c4d460a55375a75d025e2b1ddbf5,2026-09-19T16:00:00Z,Arkansas Razorbacks,Georgia Bulldogs,betus,Georgia Bulldogs,-24.5,-110
2026-09-19T08:44:07Z,36baf28c66c363255bb0cd88b6aaf914,2026-09-19T16:00:00Z,Penn State Nittany Lions,Buffalo Bulls,betmgm,Buffalo Bulls,41.5,-110
2026-09-19T08:44:07Z,3fe3d77e009a7f205cce737523609a86,2026-09-19T16:00:00Z,Clemson Tigers,North Carolina Tar Heels,draftkings,Clemson Tigers,-3.0,-112
2026-09-19T08:44:07Z,3fe3d77e009a7f205cce737523609a86,2026-09-19T16:00:00Z,Clemson Tigers,North Carolina Tar Heels,draftkings,North Carolina Tar Heels,3.0,-108
2026-09-19T08:44:07Z,3fe3d77e009a7f205cce737523609a86,2026-09-19T16:00:00Z,Clemson Tigers,North Carolina Tar Heels,lowvig,Clemson Tigers,-3.0,-109
2026-09-19T08:44:07Z,3fe3d77e009a7f205cce737523609a86,2026-09-19T16:00:00Z,Clemson Tigers,North Carolina Tar Heels,lowvig,North Carolina Tar Heels,3.0,-103
2026-09-19T08:44:07Z,3fe3d77e009a7f205cce737523609a86,2026-09-19T16:00:00Z,Clemson Tigers,North Carolina Tar Heels,betonlineag,Clemson Tigers,-3.0,-111
2026-09-19T08:44:07Z,3fe3d77e009a7f205cce737523609a86,2026-09-19T16:00:00Z,Clemson Tigers,North Carolina Tar Heels,betonlineag,North Carolina Tar Heels,3.0,-109
2026-09-19T08:44:07Z,3514404f321e9cf55f11222c8e36233b,2026-09-19T16:00:00Z,Georgia Tech Yellow Jackets,Mercer Bears,fanduel,Georgia Tech Yellow Jackets,-38.5,-112
2026-09-19T08:44:07Z,3514404f321e9cf55f11222c8e36233b,2026-09-19T16:00:00Z,Georgia Tech Yellow Jackets,Mercer Bears,fanduel,Mercer Bears,38.5,-108
2026-09-19T08:44:07Z,3514404f321e9cf55f11222c8e36233b,2026-09-19T16:00:00Z,Georgia Tech Yellow Jackets,Mercer Bears,betrivers,Georgia Tech Yellow Jackets,-39.0,-112
2026-09-19T08:44:07Z,3514404f321e9cf55f11222c8e36233b,2026-09-19T16:00:00Z,Georgia Tech Yellow Jackets,Mercer Bears,betrivers,Mercer Bears,39.0,-112
2026-09-19T08:44:07Z,3514404f321e9cf55f11222c8e36233b,2026-09-19T16:00:00Z,Georgia Tech Yellow Jackets,Mercer Bears,draftkings,Georgia Tech Yellow Jackets,-39.5,-102
2026-09-19T08:44:07Z,3514404f321e9cf55f11222c8e36233b,2026-09-19T16:00:00Z,Georgia Tech Yellow Jackets,Mercer Bears,draftkings,Mercer Bears,39.5,-118
2026-09-19T08:44:07Z,3514404f321e9cf55f11222c8e36233b,2026-09-19T16:00:00Z,Georgia Tech Yellow Jackets,Mercer Bears,bovada,Georgia Tech Yellow Jackets,-38.5,-115
2026-09-19T08:44:07Z,3514404f321e9cf55f11222c8e36233b,2026-09-19T16:00:00Z,Georgia Tech Yellow Jackets,Mercer Bears,bovada,Mercer Bears,38.5,-105
2026-09-19T08:44:07Z,b0cd2e8beaf0dc333daa592a0d3d5c3a,2026-09-19T16:00:00Z,Texas State Bobcats,North Texas Mean Green,betrivers,North Texas Mean Green,3.0,-106
2026-09-19T08:44:07Z,b0cd2e8beaf0dc333daa592a0d3d5c3a,2026-09-19T16:00:00Z,Texas State Bobcats,North Texas Mean Green,betrivers,Texas State Bobcats,-3.0,-115
2026-09-19T08:44:07Z,b0cd2e8beaf0dc333daa592a0d3d5c3a,2026-09-19T16:00:00Z,Texas State Bobcats,North Texas Mean Green,betmgm,North Texas Mean Green,3.0,-118
2026-09-19T08:44:07Z,bd7ae9e585a6595f7d308d45e1bf35e3,2026-09-19T16:30:00Z,Wisconsin Badgers,Eastern Michigan Eagles,betrivers,Eastern Michigan Eagles,22.5,-114
2026-09-19T08:44:07Z,bd7ae9e585a6595f7d308d45e1bf35e3,2026-09-19T16:30:00Z,Wisconsin Badgers,Eastern Michigan Eagles,betrivers,Wisconsin Badgers,-22.5,-109
2026-09-19T08:44:07Z,bd7ae9e585a6595f7d308d45e1bf35e3,2026-09-19T16:30:00Z,Wisconsin Badgers,Eastern Michigan Eagles,betmgm,Eastern Michigan Eagles,24.0,-120
2026-09-19T08:44:07Z,bd7ae9e585a6595f7d308d45e1bf35e3,2026-09-19T16:30:00Z,Wisconsin Badgers,Eastern Michigan Eagles,betmgm,Wisconsin Badgers,-24.0,-110
2026-09-19T08:44:07Z,578e82a8bc67101e9eba884729ffcc69,2026-09-19T18:00:00Z,Illinois Fighting Illini,Southern Illinois Salukis,betrivers,Illinois Fighting Illini,-38.5,-113
2026-09-19T08:44:07Z,578e82a8bc67101e9eba884729ffcc69,2026-09-19T18:00:00Z,Illinois Fighting Illini,Southern Illinois Salukis,betrivers,Southern Illinois Salukis,38.5,-110
2026-09-19T08:44:07Z,578e82a8bc67101e9eba884729ffcc69,2026-09-19T18:00:00Z,Illinois Fighting Illini,Southern Illinois Salukis,draftkings,Illinois Fighting Illini,-37.5,-120
2026-09-19T08:44:07Z,578e82a8bc67101e9eba884729ffcc69,2026-09-19T18:00:00Z,Illinois Fighting Illini,Southern Illinois Salukis,draftkings,Southern Illinois Salukis,37.5,100
2026-09-19T08:44:07Z,578e82a8bc67101e9eba884729ffcc69,2026-09-19T18:00:00Z,Illinois Fighting Illini,Southern Illinois Salukis,betmgm,Illinois Fighting Illini,-37.5,-112
2026-09-19T08:44:07Z,578e82a8bc67101e9eba884729ffcc69,2026-09-19T18:00:00Z,Illinois Fighting Illini,Southern Illinois Salukis,betmgm,Southern Illinois Salukis,37.5,-105
2026-09-19T08:44:07Z,ea8b0414ff464255eef426fd61427030,2026-09-19T19:00:00Z,Toledo Rockets,Temple Owls,betrivers,Temple Owls,5.5,-108
2026-09-19T08:44:07Z,ea8b0414ff464255eef426fd61427030,2026-09-19T19:00:00Z,Toledo Rockets,Temple Owls,betrivers,Toledo Rockets,-5.5,-115
2026-09-19T08:44:07Z,a85cea77fbd44d9135461815777f6a9c,2026-09-19T19:30:00Z,Alabama Crimson Tide,Florida State Seminoles,betmgm,Alabama Crimson Tide,-19.5,-108
2026-09-19T08:44:07Z,a85cea77fbd44d9135461815777f6a9c,2026-09-19T19:30:00Z,Alabama Crimson Tide,Florida State Seminoles,betmgm,Florida State Seminoles,19.5,-110
2026-09-19T08:44:07Z,a85cea77fbd44d9135461815777f6a9c,2026-09-19T19:30:00Z,Alabama Crimson Tide,Florida State Seminoles,betus,Alabama Crimson Tide,-19.5,-110
2026-09-19T08:44:07Z,a85cea77fbd44d9135461815777f6a9c,2026-09-19T19:30:00Z,Alabama Crimson Tide,Florida State Seminoles,betus,Florida State Seminoles,19.5,-110
2026-09-19T08:44:07Z,8bdb9d65119df877f2e2ec632d28fef1,2026-09-19T19:30:00Z,Washington State Cougars,Duquesne Dukes,bovada,Duquesne Dukes,38.5,-105
2026-09-19T08:44:07Z,8bdb9d65119df877f2e2ec632d28fef1,2026-09-19T19:30:00Z,Washington State Cougars,Duquesne Dukes,bovada,Washington State Cougars,-38.5,-115
2026-09-19T08:44:07Z,dbcfc3184e20d1ea45e910b89585071f,2026-09-19T19:30:00Z,Louisville Cardinals,SMU Mustangs,betmgm,Louisville Cardinals,-1.5,-118
2026-09-19T08:44:07Z,dbcfc3184e20d1ea45e910b89585071f,2026-09-19T19:30:00Z,Louisville Cardinals,SMU Mustangs,betmgm,SMU Mustangs,1.5,-112
2026-09-19T08:44:07Z,dbcfc3184e20d1ea45e910b89585071f,2026-09-19T19:30:00Z,Louisville Cardinals,SMU Mustangs,lowvig,Louisville Cardinals,-1.5,-103
2026-09-19T08:44:07Z,dbcfc3184e20d1ea45e910b89585071f,2026-09-19T19:30:00Z,Louisville Cardinals,SMU Mustangs,lowvig,SMU Mustangs,1.5,-109
2026-09-19T08:44:07Z,dbcfc3184e20d1ea45e910b89585071f,2026-09-19T19:30:00Z,Louisville Cardinals,SMU Mustangs,betonlineag,Louisville Cardinals,-1.5,-107
2026-09-19T08:44:07Z,dbcfc3184e20d1ea45e910b89585071f,2026-09-19T19:30:00Z,Louisville Cardinals,SMU Mustangs,betonlineag,SMU Mustangs,1.5,-113
2026-09-19T08:44:07Z,089e1a60578160dd6828794656461ba5,2026-09-19T20:00:00Z,Liberty Flames,Ball State Cardinals,betus,Ball State Cardinals,14.5,-115
2026-09-19T08:44:07Z,089e1a60578160dd6828794656461ba5,2026-09-19T20:00:00Z,Liberty Flames,Ball State Cardinals,betus,Liberty Flames,-14.5,-105
2026-09-19T08:44:07Z,790266884d07b6c2aeed8efc216ba610,2026-09-19T20:00:00Z,Baylor Bears,Louisiana Tech Bulldogs,draftkings,Baylor Bears,-19.5,-115
2026-09-19T08:44:07Z,790266884d07b6c2aeed8efc216ba610,2026-09-19T20:00:00Z,Baylor Bears,Louisiana Tech Bulldogs,draftkings,Louisiana Tech Bulldogs,19.5,-105
2026-09-19T08:44:07Z,1d773c6e9934d12970ba222e96ec4c80,2026-09-19T20:00:00Z,Iowa Hawkeyes,Northern Iowa Panthers,fanduel,Iowa Hawkeyes,-38.5,-110
2026-09-19T08:44:07Z,1d773c6e9934d12970ba222e96ec4c80,2026-09-19T20:00:00Z,Iowa Hawkeyes,Northern Iowa Panthers,fanduel,Northern Iowa Panthers,38.5,-110
2026-09-19T08:44:07Z,1d773c6e9934d12970ba222e96ec4c80,2026-09-19T20:00:00Z,Iowa Hawkeyes,Northern Iowa Panthers,betmgm,Iowa Hawkeyes,-38.0,-110
2026-09-19T08:44:07Z,1d773c6e9934d12970ba222e96ec4c80,2026-09-19T20:00:00Z,Iowa Hawkeyes,Northern Iowa Panthers,betmgm,Northern Iowa Panthers,38.0,-108
2026-09-19T08:44:07Z,a4e7771497976db67e6a81bc3700b32f,2026-09-19T20:15:00Z,South Carolina Gamecocks,Mississippi State Bulldogs,bovada,Mississippi State Bulldogs,4.0,-115
2026-09-19T08:44:07Z,a4e7771497976db67e6a81bc3700b32f,2026-09-19T20:15:00Z,South Carolina Gamecocks,Mississippi State Bulldogs,bovada,South Carolina Gamecocks,-4.0,-105
2026-09-19T08:44:07Z,436d9422da324c807b9d2fb50a2ef62a,2026-09-19T22:00:00Z,Old Dominion Monarchs,East Carolina Pirates,draftkings,East Carolina Pirates,3.0,-120
2026-09-19T08:44:07Z,436d9422da324c807b9d2fb50a2ef62a,2026-09-19T22:00:00Z,Old Dominion Monarchs,East Carolina Pirates,draftkings,Old Dominion Monarchs,-3.0,100
2026-09-19T08:44:07Z,436d9422da324c807b9d2fb50a2ef62a,2026-09-19T22:00:00Z,Old Dominion Monarchs,East Carolina Pirates,betmgm,East Carolina Pirates,2.5,-108
2026-09-19T08:44:07Z,436d9422da324c807b9d2fb50a2ef62a,2026-09-19T22:00:00Z,Old Dominion Monarchs,East Carolina Pirates,betmgm,Old Dominion Monarchs,-2.5,-120
2026-09-19T08:44:07Z,da4cee8b35281f4528d3dd939d42814d,2026-09-19T22:00:00Z,Florida Atlantic Owls,Florida International Panthers,bovada,Florida Atlantic Owls,-6.5,-120
2026-09-19T08:44:07Z,da4cee8b35281f4528d3dd939d42814d,2026-09-19T22:00:00Z,Florida Atlantic Owls,Florida International Panthers,bovada,Florida International Panthers,6.5,100
2026-09-19T08:44:07Z,fa9113ed354c9a40e487f5b923b4238f,2026-09-19T22:30:00Z,Missouri State Bears,Marshall Thundering Herd,betmgm,Marshall Thundering Herd,-3.5,-112
2026-09-19T08:44:07Z,fa9113ed354c9a40e487f5b923b4238f,2026-09-19T22:30:00Z,Missouri State Bears,Marshall Thundering Herd,betmgm,Missouri State Bears,3.5,-105
2026-09-19T08:44:07Z,d72de7a6a2387f86edc530bbe90a7664,2026-09-19T23:00:00Z,South Florida Bulls,Delaware State Hornets,draftkings,Delaware State Hornets,37.5,-112
2026-09-19T08:44:07Z,d72de7a6a2387f86edc530bbe90a7664,2026-09-19T23:00:00Z,South Florida Bulls,Delaware State Hornets,draftkings,South Florida Bulls,-37.5,-108
2026-09-19T08:44:07Z,60c8d1fde1467bde9f2a20b5d4cb7c90,2026-09-19T23:00:00Z,Jacksonville State Gamecocks,Georgia Southern Eagles,betmgm,Georgia Southern Eagles,3.5,-112
2026-09-19T08:44:07Z,60c8d1fde1467bde9f2a20b5d4cb7c90,2026-09-19T23:00:00Z,Jacksonville State Gamecocks,Georgia Southern Eagles,betmgm,Jacksonville State Gamecocks,-3.5,-105
2026-09-19T08:44:07Z,b8810f15896c1fbe1ca25054585612f0,2026-09-19T23:00:00Z,Middle Tennessee Blue Raiders,Nevada Wolf Pack,bovada,Middle Tennessee Blue Raiders,3.5,-105
2026-09-19T08:44:07Z,b8810f15896c1fbe1ca25054585612f0,2026-09-19T23:00:00Z,Middle Tennessee Blue Raiders,Nevada Wolf Pack,bovada,Nevada Wolf Pack,-3.5,-115
2026-09-19T08:44:07Z,69164d1b806f25a76cdb6268e19d4365,2026-09-19T23:00:00Z,Missouri Tigers,Troy Trojans,betrivers,Missouri Tigers,-27.0,-110
2026-09-19T08:44:07Z,69164d1b806f25a76cdb6268e19d4365,2026-09-19T23:00:00Z,Missouri Tigers,Troy Trojans,betrivers,Troy Trojans,27.0,-113
2026-09-19T08:44:07Z,0ce2e66203e1c66f3f2687fdccd37408,2026-09-19T23:00:00Z,Sam Houston State Bearkats,Nicholls State Colonels,betmgm,Nicholls State Colonels,18.5,-112
2026-09-19T08:44:07Z,0ce2e66203e1c66f3f2687fdccd37408,2026-09-19T23:00:00Z,Sam Houston State Bearkats,Nicholls State Colonels,betmgm,Sam Houston State Bearkats,-18.5,-105
2026-09-19T08:44:07Z,0ce2e66203e1c66f3f2687fdccd37408,2026-09-19T23:00:00Z,Sam Houston State Bearkats,Nicholls State Colonels,bovada,Nicholls State Colonels,19.0,-110
2026-09-19T08:44:07Z,0ce2e66203e1c66f3f2687fdccd37408,2026-09-19T23:00:00Z,Sam Houston State Bearkats,Nicholls State Colonels,bovada,Sam Houston State Bearkats,-19.0,-110
2026-09-19T08:44:07Z,55699549855efd1bed7b9d6ae1c7aded,2026-09-19T23:15:00Z,Nebraska Cornhuskers,North Dakota Fighting Hawks,betrivers,Nebraska Cornhuskers,-25.5,-110
2026-09-19T08:44:07Z,55699549855efd1bed7b9d6ae1c7aded,2026-09-19T23:15:00Z,Nebraska Cornhuskers,North Dakota Fighting Hawks,betrivers,North Dakota Fighting Hawks,25.5,-114
2026-09-19T08:44:07Z,55699549855efd1bed7b9d6ae1c7aded,2026-09-19T23:15:00Z,Nebraska Cornhuskers,North Dakota Fighting Hawks,draftkings,Nebraska Cornhuskers,-25.5,-110
2026-09-19T08:44:07Z,55699549855efd1bed7b9d6ae1c7aded,2026-09-19T23:15:00Z,Nebraska Cornhuskers,North Dakota Fighting Hawks,draftkings,North Dakota Fighting Hawks,25.5,-110
2026-09-19T08:44:07Z,55699549855efd1bed7b9d6ae1c7aded,2026-09-19T23:15:00Z,Nebraska Cornhuskers,North Dakota Fighting Hawks,betmgm,Nebraska Cornhuskers,-25.5,-108
2026-09-19T08:44:07Z,55699549855efd1bed7b9d6ae1c7aded,2026-09-19T23:15:00Z,Nebraska Cornhuskers,North Dakota Fighting Hawks,betmgm,North Dakota Fighting Hawks,25.5,-110
2026-09-19T08:44:07Z,55699549855efd1bed7b9d6ae1c7aded,2026-09-19T23:15:00Z,Nebraska Cornhuskers,North Dakota Fighting Hawks,bovada,Nebraska Cornhuskers,-25.5,-115
2026-09-19T08:44:07Z,55699549855efd1bed7b9d6ae1c7aded,2026-09-19T23:15:00Z,Nebraska Cornhuskers,North Dakota Fighting Hawks,bovada,North Dakota Fighting Hawks,25.5,-105
2026-09-19T08:44:07Z,47892b65c28a830d83bbe465b070ce01,2026-09-19T23:30:00Z,Oklahoma Sooners,New Mexico Lobos,betmgm,New Mexico Lobos,21.0,-105
2026-09-19T08:44:07Z,47892b65c28a830d83bbe465b070ce01,2026-09-19T23:30:00Z,Oklahoma Sooners,New Mexico Lobos,betmgm,Oklahoma Sooners,-21.0,-115
2026-09-19T08:44:07Z,47892b65c28a830d83bbe465b070ce01,2026-09-19T23:30:00Z,Oklahoma Sooners,New Mexico Lobos,betus,New Mexico Lobos,21.0,-110
2026-09-19T08:44:07Z,47892b65c28a830d83bbe465b070ce01,2026-09-19T23:30:00Z,Oklahoma Sooners,New Mexico Lobos,betus,Oklahoma Sooners,-21.0,-110
2026-09-19T08:44:07Z,6059b05ef23d08d9033bd7b5fe38e5d0,2026-09-20T00:00:00Z,Texas Longhorns,UTSA Roadrunners,betmgm,Texas Longhorns,-30.0,-112
2026-09-19T08:44:07Z,6059b05ef23d08d9033bd7b5fe38e5d0,2026-09-20T00:00:00Z,Texas Longhorns,UTSA Roadrunners,betmgm,UTSA Roadrunners,30.0,-118
2026-09-19T08:44:07Z,6d109b8538a3588ad21a393896d32efc,2026-09-20T02:00:00Z,Boise State Broncos,South Dakota Coyotes,fanduel,Boise State Broncos,-26.5,-110
2026-09-19T08:44:07Z,6d109b8538a3588ad21a393896d32efc,2026-09-20T02:00:00Z,Boise State Broncos,South Dakota Coyotes,fanduel,South Dakota Coyotes,26.5,-110
2026-09-19T08:44:07Z,6d109b8538a3588ad21a393896d32efc,2026-09-20T02:00:00Z,Boise State Broncos,South Dakota Coyotes,betmgm,Boise State Broncos,-26.0,-108
2026-09-19T08:44:07Z,6d109b8538a3588ad21a393896d32efc,2026-09-20T02:00:00Z,Boise State Broncos,South Dakota Coyotes,betmgm,South Dakota Coyotes,26.0,-110
2026-09-19T08:44:07Z,6d109b8538a3588ad21a393896d32efc,2026-09-20T02:00:00Z,Boise State Broncos,South Dakota Coyotes,bovada,Boise State Broncos,-26.0,-120
2026-09-19T08:44:07Z,6d109b8538a3588ad21a393896d32efc,2026-09-20T02:00:00Z,Boise State Broncos,South Dakota Coyotes,bovada,South Dakota Coyotes,26.0,100
2026-09-19T08:44:07Z,0cdf27f150204b8512bca1e2d7cce051,2026-09-20T02:00:00Z,San Diego State Aztecs,James Madison Dukes,betmgm,San Diego State Aztecs,-1.5,-110
2026-09-19T08:44:07Z,f6db4e789ff9341a9c94befc751c5f53,2026-09-20T03:00:00Z,San Jose State Spartans,Fresno State Bulldogs,betrivers,Fresno State Bulldogs,-6.0,-114
2026-09-19T08:44:07Z,f6db4e789ff9341a9c94befc751c5f53,2026-09-20T03:00:00Z,San Jose State Spartans,Fresno State Bulldogs,betrivers,San Jose State Spartans,6.0,-109
2026-09-19T08:44:07Z,381e5c97af94a83e03eae0ac6f11ed38,2026-09-20T03:00:00Z,Oregon State Beavers,Montana Grizzlies,betmgm,Montana Grizzlies,16.5,-105
2026-09-19T08:44:07Z,381e5c97af94a83e03eae0ac6f11ed38,2026-09-20T03:00:00Z,Oregon State Beavers,Montana Grizzlies,betmgm,Oregon State Beavers,-16.5,-112
